numero,articulo,epigrafe,libro,titulo,capitulo,seccion,tema,cubierto,entradas_catalogo,nombres_catalogo,texto_primeros_200
214,Art. 214 CP,Trato degradante,Libro II,Título VII,Capítulo II,,delitos,NO,0,,"Quien ocasiona a una persona un trato degradante mediante violencia física, psicológica o verbal, de modo que atenta gravemente contra su integridad moral, debe ser castigado con las penas de prisión "
215,Art. 215 CP,Amenaza para obtener confesión,Libro II,Título VII,Capítulo II,,delitos,NO,0,,"El agente de la autoridad, funcionario o empleado público que amenaza a una persona con causarle un mal a ella, a su familia o, a otras personas con las que está íntimamente vinculada, con el fin de o"
216,Art. 216 CP,Tortura,Libro II,Título VII,Capítulo II,,delitos,SI,4,Tortura; Trato degradante; Trato degradante en el ámbito laboral; Trato degradante en residencia de mayores,Comete tortura el funcionario o empleado público que en el ejercicio de su cargo y con el fin de obtener una confesión o información de cualquier persona o de castigarla por cualquier hecho que ha com
217,Art. 217 CP,"Tratos crueles, inhumanos o degradantes por funcionario público",Libro II,Título VII,Capítulo II,,delitos,NO,0,,"Comete el delito de tratos crueles, inhumanos o degradantes, el funcionario o empleado público, que en el ejercicio de su cargo, causa un menoscabo a la integridad moral de una persona, sin que la acc"
218,Art. 218 CP,Concursos,Libro II,Título VII,Capítulo II,,delitos,NO,0,,"Las penas previstas en los artículos anteriores se deben imponer sin perjuicio de las que correspondan, en su caso, por delitos cometidos contra la vida, integridad corporal, salud, libertad ambulator"
219,Art. 219 CP,Trata de personas,Libro II,Título VII,Capítulo II,,delitos,NO,0,,"Incurre en el delito de trata de personas y será castigado con una pena de prisión de diez (10) a quince (15) años, quien facilite, promueva o ejecute la captación, el transporte, el traslado, la acog"
220,Art. 220 CP,Agravantes específicas,Libro II,Título VII,Capítulo II,,delitos,SI,1,Abandono del lugar del accidente,"Se debe incrementar la pena en un tercio (1/3) cuando concurra alguna de las circunstancias siguientes:  1) Se pone en peligro la vida, la integridad física o psíquica o la salud de la víctima;  2) La"
221,Art. 221 CP,Explotación en condiciones de esclavitud o servidumbre,Libro II,Título VII,Capítulo II,,delitos,NO,0,,"Quien, ejerciendo sobre otra persona un poder de disposición o control, le impone o la mantiene en un estado de sometimiento continuado, obligándola a realizar actos, trabajos o a prestar servicios, d"
222,Art. 222 CP,Explotación de la mendicidad,Libro II,Título VII,Capítulo II,,delitos,NO,0,,"Quien utiliza a un menor de dieciocho (18) años, persona de avanzada edad o con discapacidad necesitada de especial protección en la práctica de la mendicidad, debe ser castigado con la pena de arrest"
223,Art. 223 CP,Inseminación artificial y otras técnicas de reproducción asistida no consentidas,Libro II,Título VII,Capítulo II,,delitos,NO,0,,"Quien insemina artificialmente a una mujer sin su consentimiento, debe ser castigado con las penas de prisión de cuatro (4) a seis (6) años y multa de cien (100) a quinientos (500) días.  En las misma"
224,Art. 224 CP,Experimentación sin consentimiento,Libro II,Título VII,Capítulo II,,delitos,SI,2,Difamación; Difamación en medios de comunicación,"Quien, por cualquier medio o procedimiento, somete a una persona a experimentación para la aplicación de medicamentos, fármacos, sustancias o técnicas, sin que medie su consentimiento expreso, debe se"
225,Art. 225 CP,Responsabilidad de las personas jurídicas,Libro II,Título VII,Capítulo II,,delitos,SI,1,Injuria,"Cuando de acuerdo con lo establecido en el Artículo 102 una persona jurídica sea responsable de uno de los delitos de esta sección, se le debe imponer la pena de disolución de la persona jurídica o mu"
226,Art. 226 CP,Concursos,Libro II,Título VII,Capítulo II,,delitos,SI,1,Calumnia,"Las penas previstas en los artículos anteriores se deben imponer sin perjuicio de las que correspondan, en su caso, por otros delitos cometidos."
227,Art. 227 CP,Reincidencia internacional,Libro II,Título VII,Capítulo II,,delitos,NO,0,,"La condena de un Órgano Jurisdiccional extranjero por delitos de la misma naturaleza que los previstos en esta sección, produce los efectos de la reincidencia, salvo que los  antecedentes penales haya"
228,Art. 228 CP,"Abandono de menores de edad personas con discapacidad, ancianos o enfermos",Libro II,Título VII,Capítulo II,,delitos,SI,8,Abandono de menores o personas vulnerables; Abandono de menores; Inducción a menor a abandonar hogar; Abandono de incapaz; Abandono temporal de menor...,"Quien abandona a una persona menor de dieciocho (18) años, con discapacidad, anciano o enfermo que esté bajo su custodia y deber de cuidado, debe ser castigado con las penas de prisión de cuatro (4) a"
229,Art. 229 CP,Injuria,Libro II,Título VII,Capítulo III,,delitos,NO,0,,"Es injuria la acción o expresión que lesiona la dignidad de otra persona menoscabando su fama. Sólo son constitutivas de delito las injurias que por su naturaleza, efectos o circunstancias sean consid"
230,Art. 230 CP,Calumnia,Libro II,Título VII,Capítulo III,,delitos,NO,0,,Es calumnia la falsa atribución de un delito hecho con conocimiento de su falsedad o temerario desprecio a la verdad.  Las calumnias hechas con publicidad deben ser castigadas con las penas de prisión
231,Art. 231 CP,Injurias y calumnias sobre institución supervisada,Libro II,Título VII,Capítulo III,,delitos,SI,3,Interceptación de comunicaciones; Violación de correspondencia por funcionario; Interceptación de correo electrónico,Si las injurias o calumnias recayeren sobre una institución sujeta a la supervisión e inspección de la Comisión Nacional de Bancos y Seguros (CNBS) o sus funcionarios y como consecuencia de los referi
232,Art. 232 CP,Concepto de publicidad,Libro II,Título VII,Capítulo III,,delitos,SI,17,Maltrato habitual; Violencia doméstica; Violencia doméstica habitual; Maltrato psicológico; Revelación de secretos...,"Las injurias y calumnias se entienden hechas con publicidad cuando se efectúan a través de impresos, televisión, radio, internet, redes de información, ante una multitud de personas o a través de otro"
233,Art. 233 CP,Responsabilidad civil,Libro II,Título VII,Capítulo III,,delitos,SI,1,Violación de derechos de imagen,"En caso de que la injuria o calumnia se realicen con publicidad, es responsable civil de manera subsidiaria la persona natural o jurídica propietaria del medio informativo a través del cual se haya pr"
234,Art. 234 CP,Procedibilidad y perdón,Libro II,Título VII,Capítulo III,,delitos,NO,0,,Para proceder por injuria o calumnia es precisa la presentación de querella por parte de la persona ofendida.  Nadie puede deducir acción de calumnia o injuria vertida en juicio sin previa autorizació
235,Art. 235 CP,Privación ilegal de libertad,Libro II,Título VIII,Capítulo I,,delitos,NO,0,,"Quien, sin causa legal, priva a una persona de su libertad ambulatoria debe ser castigado con la pena de cinco (5) a siete (7) años de prisión y prohibición de residencia por el doble de tiempo de la "
236,Art. 236 CP,Privación ilegal de libertad agravada,Libro II,Título VIII,Capítulo I,,delitos,NO,0,,"El hecho previsto en el artículo anterior debe ser castigado con la pena de prisión de siete (7) a nueve (9) años, cuando concurra alguna de las circunstancias siguientes:  1) La persona privada de li"
237,Art. 237 CP,Privación ilegal de libertad atenuada,Libro II,Título VIII,Capítulo I,,delitos,NO,0,,"Cuando el sujeto desiste de su propósito y deja en libertad a la víctima dentro de las primeras veinticuatro (24) horas de la privación de libertad, sin daño en su salud o integridad física, la pena d"
238,Art. 238 CP,Privación ilegal de libertad realizada por funcionario o empleado público,Libro II,Título VIII,Capítulo I,,delitos,NO,0,,"Cuando la privación ilegal de libertad es completamente arbitraria y realizada por un funcionario o empleado público, nacional o extranjero, en el ejercicio de sus funciones, se deben aplicar las pena"
239,Art. 239 CP,Secuestro,Libro II,Título VIII,Capítulo I,,delitos,NO,0,,"Quien priva de la libertad a otra persona exigiendo alguna condición para liberarla, debe ser castigado con las penas de prisión de ocho (8) a doce (12) años y prohibición de residencia por el doble d"
240,Art. 240 CP,Secuestro agravado,Libro II,Título VIII,Capítulo I,,delitos,NO,0,,El hecho previsto en el artículo anterior debe ser castigado con las penas de prisión de doce (12) a quince (15) años y prohibición de residencia por el doble de tiempo de la condena cuando concurra a
241,Art. 241 CP,Secuestro atenuado,Libro II,Título VIII,Capítulo I,,delitos,NO,0,,Se deben imponer las penas de prisión de cinco (5) a siete (7) años y prohibición de residencia por el doble de tiempo de la condena cuando el sujeto deja en libertad a la persona secuestrada dentro d
242,Art. 242 CP,Secuestro realizado por funcionario o empleado público nacional o extranjero,Libro II,Título VIII,Capítulo I,,delitos,NO,0,,"Cuando el secuestro se realiza por un funcionario o empleado público nacional o extranjero, abusando del ejercicio de sus funciones, se deben aplicar las penas establecidas en los artículos anteriores"
243,Art. 243 CP,Punibilidad de actos preparatorios,Libro II,Título VIII,Capítulo I,,delitos,NO,0,,"La conspiración, proposición o provocación para la comisión de los delitos de secuestro debe ser castigada con la pena de prisión prevista en los respectivos casos, reducida en un tercio (1/3).  Si el"
244,Art. 244 CP,Concursos,Libro II,Título VIII,Capítulo I,,delitos,NO,0,,"Las penas previstas en los artículos comprendidos en este capítulo se deben imponer sin perjuicio de las que correspondan en su caso, por delitos cometidos contra la vida, integridad corporal, salud, "
245,Art. 245 CP,Coacciones,Libro II,Título VIII,Capítulo II,,delitos,NO,0,,"Quien, sin estar legítimamente autorizado, impide a otro con violencia, intimidación o fuerza en las cosas hacer lo que la Ley no prohíbe o le obliga a realizar lo que no quiera, sea justo o injusto, "
246,Art. 246 CP,Amenazas,Libro II,Título VIII,Capítulo II,,delitos,NO,0,,"Quien amenaza a otro con causarle a él, a su familia o a otras personas con las que esté íntimamente vinculado, un mal en su persona, honor, intimidad o patrimonio, debe ser castigado con las penas si"
247,Art. 247 CP,Chantaje,Libro II,Título VIII,Capítulo II,,delitos,NO,0,,"Quien exige a otra persona dinero, bienes, recompensa o la realización u omisión de un acto, bajo la amenaza de revelar, difundir o imputar hechos referentes a su vida privada que pueden afectar a su "
248,Art. 248 CP,Desplazamiento forzado,Libro II,Título VIII,Capítulo II,,delitos,NO,0,,"Quien con violencia o intimidación obliga o tratare de obligar a otro o su familia a cambiar o abandonar el lugar de su residencia, de actividad mercantil o laboral, su establecimiento educativo o, cu"
270,Art. 270 CP,Allanamiento de domicilio,Libro II,Título X,Capítulo I,,delitos,SI,3,Allanamiento de domicilio; Allanamiento de domicilio por funcionario; Allanamiento con violencia,"El particular que entra en domicilio ajeno contra la voluntad de su morador o se mantiene en el mismo a pesar de habérsele solicitado que lo abandonara, debe ser castigado con la pena de prisión de se"
271,Art. 271 CP,Allanamiento por funcionario o empleado público,Libro II,Título X,Capítulo I,,delitos,NO,0,,"El funcionario o empleado público que, sin las formalidades prescritas por la Ley o fuera de los casos que ella determine, comete cualquiera de los hechos descritos en el precepto anterior, debe ser c"
272,Art. 272 CP,Descubrimiento y revelación de secretos,Libro II,Título X,Capítulo II,,delitos,NO,0,,"Debe ser castigado con las penas de prisión de uno (1) a tres (3) años y multa de trescientos sesenta (360) a setecientos veinte (720) días, quien para conocer los secretos o vulnerar la intimidad de "
273,Art. 273 CP,Responsabilidad del funcionario o empleado público,Libro II,Título X,Capítulo II,,delitos,NO,0,,"El funcionario o empleado público que valiéndose de su cargo, fuera de los casos permitidos por la Ley y sin mediar delito, comete cualquiera de las conductas descritas en el artículo anterior, debe s"
274,Art. 274 CP,Revelación de secreto profesional,Libro II,Título X,Capítulo II,,delitos,SI,1,Difusión de contenidos sexuales sin consentimiento,"Quien revela un secreto ajeno del que tiene conocimiento por razón de su oficio o relación laboral, debe ser castigado con las penas de prisión de seis (6) meses a un (1) año y multa de cien (100) a q"
275,Art. 275 CP,Responsabilidad de las personas jurídicas,Libro II,Título X,Capítulo II,,delitos,SI,2,Fecundación ilegal; Fecundación post mortem,"Cuando de acuerdo con lo establecido en el Artículo 102 del presente Código una persona jurídica es responsable de los delitos comprendidos en este capítulo, se le debe imponer la pena de suspensión d"
276,Art. 276 CP,Agravantes específicas,Libro II,Título X,Capítulo II,,delitos,SI,1,Esterilización forzada,"Las penas de los artículos anteriores se deben aumentar en un tercio (1/3), cuando concurra las circunstancias siguientes:  1) La conducta se realiza por las personas encargadas o responsables de los "
277,Art. 277 CP,Disposiciones comunes,Libro II,Título X,Capítulo II,,delitos,SI,4,Manipulación genética; Manipulación genética con fines de selección; Clonación humana; Tráfico de órganos,"En todos los casos previstos en este capítulo, si el hecho se realiza, en todo o en parte y bajo cualquier grado de participación, por un funcionario o empleado público o profesional con abuso de sus "
278,Art. 278 CP,Bigamia,Libro II,Título XI,Capítulo I,,delitos,SI,1,Bigamia,"Quien contrae matrimonio, tiene unión de hecho legalmente reconocida, subsistiendo legalmente los anteriores, debe ser castigado con las penas de prestación de servicios de utilidad pública o a las ví"
279,Art. 279 CP,Celebración de matrimonio inválido,Libro II,Título XI,Capítulo I,,delitos,SI,2,Matrimonio ilegal; Matrimonio ilegal por funcionario,"Quien, con conocimiento de su invalidez, contrae matrimonio, debe ser castigado con la pena de prestación de servicios de utilidad pública o a las víctimas de seis (6) meses a un (1) año, o multa de c"
280,Art. 280 CP,Autorización de matrimonio inválido,Libro II,Título XI,Capítulo I,,delitos,NO,0,,"Quien autoriza matrimonio prohibido por la Ley o sin la concurrencia de los requisitos necesarios para su validez, debe ser castigado con la pena de prestación de servicios de utilidad pública o a las"
281,Art. 281 CP,Suposición de parto y ocultación o sustitución de menor,Libro II,Título XI,Capítulo II,,delitos,NO,0,,"Quien simula un parto debe ser castigado con la pena de prisión de seis (6) meses a tres (3) años.  Quien oculta o entrega a terceros un menor para alterar o modificar su filiación, debe ser castigado"
282,Art. 282 CP,"Adopción, acogida o guarda fraudulenta",Libro II,Título XI,Capítulo II,,delitos,SI,2,Detención ilegal; Detención ilegal por funcionario,"Quien, mediando compensación económica, da en adopción, acogida o guarda a un menor sin cumplir con los requisitos legales, aún cuando la entrega del menor se realice en otro país, debe ser castigado "
283,Art. 283 CP,Disposiciones comunes,Libro II,Título XI,Capítulo II,,delitos,NO,0,,"Si los hechos descritos en los artículos anteriores son cometidos por los ascendientes, pueden ser castigados, además, con la pena de inhabilitación especial para el ejercicio del derecho de patria po"
284,Art. 284 CP,No presentación o entrega de menores o personas con discapacidad,Libro II,Título XI,Capítulo III,,delitos,NO,0,,"Quien hallándose encargado de un menor o discapacitado necesitado de especial protección, no lo presenta a sus padres o guardadores cuando fuese requerido por ellos, sin ofrecer explicación razonable "
285,Art. 285 CP,Inducción al abandono de hogar,Libro II,Título XI,Capítulo III,,delitos,SI,3,Impago de pensiones; Quebrantamiento de custodia; Impedimento del derecho de visitas,"Quien induce a un menor de dieciocho (18) años o persona con discapacidad a que abandone el domicilio familiar o lugar donde con la autorización de sus padres, tutores o guardadores tiene establecida "
286,Art. 286 CP,Sustracción de menores o discapacitados necesitados de especial protección,Libro II,Título XI,Capítulo III,,delitos,SI,4,Sustracción de menor; Sustracción de menor por familiar; Retención ilegal de menor; Sustracción internacional de menores,"El padre o madre que traslada, incumpliendo una resolución judicial relativa a la custodia, a su hijo menor de dieciocho (18) años o persona con discapacidad de su lugar de residencia sin consentimien"
287,Art. 287 CP,Atenuante específica,Libro II,Título XI,Capítulo III,,delitos,SI,4,Amenazas; Amenazas con arma; Amenazas de muerte; Amenazas condicionadas,"Las penas previstas para la conducta descrita en el artículo precedente se deben reducir en un tercio (1/3) en caso de restitución del menor o persona con discapacidad en su domicilio o residencia, o "
288,Art. 288 CP,Incumplimiento del deber de asistencia y sustento,Libro II,Título XI,Capítulo III,,delitos,SI,2,Coacción; Coacción con violencia,"Quien deja de cumplir los deberes legales de asistencia inherentes a la patria potestad, tutela, guarda o acogimiento familiar, debe ser castigado con la pena de prestación de servicios de utilidad pú"
289,Art. 289 CP,Maltrato familiar,Libro II,Título XI,Capítulo IV,,delitos,SI,3,Chantaje; Extorsión; Extorsión agravada,"Quien ejerce violencia física o psicológica sobre su cónyuge, persona con la que tiene una unión de hecho reconocida o persona con la que mantenga o haya mantenido una relación estable de análoga natu"
290,Art. 290 CP,Disposición común,Libro II,Título XI,Capítulo IV,,delitos,NO,0,,"El Órgano Jurisdiccional competente, en los delitos descritos en el presente capítulo, puede imponer en sus sentencias una o varias de las prohibiciones previstas en el Artículo 52 del presente Código"
291,Art. 291 CP,Delito contra la seguridad de los trabajadores,Libro II,Título XII,Capítulo IV,,delitos,NO,0,,"Quien pone en peligro grave la vida o salud y la integridad física de los trabajadores por no facilitarles los medios y medidas de seguridad e higiene necesarios para desarrollar su trabajo, debe ser "
292,Art. 292 CP,Explotación laboral ilícita,Libro II,Título XII,Capítulo IV,,delitos,NO,0,,"Quien mediante engaño o abuso de situación de necesidad perjudica, suprime o restringe los derechos que los trabajadores tengan legalmente reconocidos en el empleo público o privado, debe ser castigad"
293,Art. 293 CP,Explotación laboral infantil,Libro II,Título XII,Capítulo IV,,delitos,SI,7,Ciberacoso sexual; Acoso reiterado (stalking); Provocación sexual; Acoso sexual callejero; Acoso colectivo (linchamiento digital)...,"Si las conductas descritas en los dos artículos anteriores se realizan sobre menores de dieciocho (18) años, los hechos deben ser castigados con las penas previstas en los respectivos casos incrementa"
294,Art. 294 CP,Acoso laboral vertical,Libro II,Título XII,Capítulo IV,,delitos,SI,2,Acoso laboral; Acoso inmobiliario,"Quien, en el ámbito de cualquier relación laboral y aprovechándose de una relación de superioridad, realiza contra otra persona de forma reiterada actos hostiles o despreciativos que, sin llegar a con"
295,Art. 295 CP,Delito de discriminación laboral,Libro II,Título XII,Capítulo IV,,delitos,SI,6,Usurpación de identidad; Suplantación de identidad digital; Suplantación de identidad profesional; Usurpación de identidad en redes sociales; Suplantación de identidad en proceso judicial...,"Quien realiza una grave discriminación en el empleo, público o privado, contra alguna persona por ostentar la representación legal o sindical de los trabajadores, por razones de ideología, religión o "
296,Art. 296 CP,Responsabilidad de las personas jurídicas,Libro II,Título XII,Capítulo IV,,delitos,SI,6,Hostigamiento sexual; Atentado contra la libertad sindical; Discriminación laboral; Atentado a la libertad sindical agravado; Siniestralidad laboral grave...,"Cuando de acuerdo con lo establecido en el Artículo 102 una persona jurídica es responsable de los hechos previstos en este título, a excepción de los referidos en el Artículo 294, se le debe imponer "
297,Art. 297 CP,Tráfico ilícito de personas,Libro II,Título XIII,Capítulo IV,,delitos,SI,3,Secuestro; Secuestro agravado; Secuestro express,"Quien, con la finalidad de obtener, directa o indirectamente, un aprovechamiento económico u otro beneficio de orden material, promueve, favorece o facilita el tráfico ilegal o la inmigración clandest"
298,Art. 298 CP,Elaboración y comercio ilegal de medicamentos,Libro II,Título XIV,Capítulo I,,delitos,NO,0,,"Quien fabrica, elabora, produce, importa, exporta, suministra, recepte, intermedia, comercializa, ofrece, pone en el mercado a través de medios radiales, escritos o televisivos, o almacene con estas f"
299,Art. 299 CP,"Imitación de alimentos, productos o sustancias",Libro II,Título XIV,Capítulo I,,delitos,NO,0,,"Quien fabrica, elabora, produce, importa, exporta, suministra, recepte, intermedia, comercializa, ofrece o pone en el mercado un medicamento o fármaco, incluidos los de uso humano y veterinario, así c"
300,Art. 300 CP,Delito de dopaje,Libro II,Título XIV,Capítulo I,,delitos,NO,0,,"Quien, sin justificación terapéutica, prescribe, proporciona, dispensa, suministra, administra, ofrece o facilita a deportistas federados no competitivos, deportistas no federados que practiquen el de"
301,Art. 301 CP,Elaboración no autorizada de sustancias nocivas,Libro II,Título XIV,Capítulo I,,delitos,NO,0,,"Quien, fuera de los casos comprendidos en los artículos anteriores y sin hallarse debidamente autorizado, elabora sustancias nocivas para la salud o productos químicos que puedan causar estragos y los"
302,Art. 302 CP,Despacho o suministro ilegales de sustancias nocivas,Libro II,Título XIV,Capítulo I,,delitos,NO,0,,"Quien hallándose autorizado para el tráfico de las sustancias o productos a que se refiere el artículo anterior, los despacha o suministra sin cumplir con las formalidades previstas en las leyes y reg"
303,Art. 303 CP,Falsificación de documentación preceptiva en la comercialización de medicamentos,Libro II,Título XIV,Capítulo I,,delitos,NO,0,,"Quien elabora cualquier documento falso o de contenido falso referido a cualquiera de los medicamentos o fármacos, sustancias activas, excipientes, productos sanitarios, accesorios, elementos o materi"
304,Art. 304 CP,Agravantes específicas,Libro II,Título XIV,Capítulo I,,delitos,SI,3,Propagación de epidemia; Propagación de epidemia por imprudencia; Incumplimiento de cuarentena,"Se deben imponer las penas correspondientes incrementadas en un tercio (1/3) cuando el delito se comete concurriendo alguna de las circunstancias siguientes:  1) El culpable es autoridad, funcionario "
305,Art. 305 CP,Adulteración de agua potable y alimentos,Libro II,Título XIV,Capítulo II,,delitos,SI,4,Delito contra la salud pública alimentaria; Adulteración de aguas; Delito contra la salud pública con resultado de muerte; Delito contra la salud pública con resultado de muerte agravado,"Quien adultera con sustancias infecciosas u otras que puedan ser gravemente nocivas para la salud, el agua potable o las fuentes de agua destinadas al consumo humano o las sustancias alimenticias dest"
306,Art. 306 CP,Suministración peligrosa de sustancias,Libro II,Título XIV,Capítulo II,,delitos,NO,0,,"Debe ser castigado con la pena de prisión de dos (2) a cuatro (4) años quien:  1) Suministrar a los animales o vegetales destinados al consumo humano, sustancias no permitidas o en el caso de las perm"
307,Art. 307 CP,Propagación de epidemias y de enfermedades infecto-contagiosas,Libro II,Título XIV,Capítulo II,,delitos,NO,0,,"Quien causa, introduce o propaga una epidemia humana mediante la difusión de agentes o gérmenes patógenos, debe ser castigado con la pena de prisión de seis (6) a diez (10) años y multa de trescientos"
308,Art. 308 CP,Inhabilitación,Libro II,Título XIV,Capítulo III,,delitos,NO,0,,"En los delitos regulados en los dos (2) capítulos anteriores se debe imponer, además, la pena de inhabilitación especial para profesión, oficio, industria o comercio por el doble de tiempo que dure la"
309,Art. 309 CP,Responsabilidad de la personas jurídicas,Libro II,Título XIV,Capítulo III,,delitos,NO,0,,"Cuando de acuerdo con lo establecido en el Artículo 102 del presente Código, una persona jurídica sea responsable de los delitos comprendidos en los dos (2) capítulos anteriores, se le debe imponer la"
310,Art. 310 CP,Delito imprudente contra la salud pública y agravante especial,Libro II,Título XIV,Capítulo III,,delitos,NO,0,,Los delitos regulados en los dos capítulos anteriores que se cometan por imprudencia grave deben ser castigados con las penas previstas en los artículos anteriores rebajadas en un tercio (1/3).  Cuand
311,Art. 311 CP,Tráfico de drogas,Libro II,Título XIV,Capítulo IV,,delitos,NO,0,,"Quien realiza actos de siembra, cultivo, cosecha, elaboración, comercio, transporte, tráfico o de cualquier forma promueve, favorece o facilita el consumo ilegal de drogas tóxicas, estupefacientes o s"
312,Art. 312 CP,Agravantes específicas del tráfico de drogas,Libro II,Título XIV,Capítulo IV,,delitos,NO,0,,"En el caso del párrafo primero del artículo anterior se deben imponer las penas de prisión de diez (10) a quince (15) años y multa de trescientos (300) a quinientos (500) días, si concurre alguna de l"
313,Art. 313 CP,Atenuantes específicas de tráfico de drogas,Libro II,Título XIV,Capítulo IV,,delitos,NO,0,,"Las penas del párrafo primero del Artículo 311 y las del Artículo 312 del presente Código, deben ser disminuidas en un tercio (1/3) si concurre alguna de las circunstancias siguientes:  1) La confesió"
314,Art. 314 CP,Tráfico de precursores,Libro II,Título XIV,Capítulo IV,,delitos,SI,2,Producción ilícita de drogas; Tráfico de precursores,"Quién financia, fabrica, elabora, trafica o distribuye equipos, materiales o sustancias con destino al cultivo o elaboración ilícitas de drogas tóxicas, estupefacientes o sustancias psicotrópicas, o l"
315,Art. 315 CP,Agravantes específicas del tráfico de precursores,Libro II,Título XIV,Capítulo IV,,delitos,SI,1,Tráfico ilícito de drogas,Se debe imponer la pena de prisión de seis (6) a diez (10) años y multa de cien (100) a quinientos (500) días si concurre alguna de las circunstancias contempladas en el Artículo 312 del presente Códi
316,Art. 316 CP,Atenuantes específicas del tráfico de precursores,Libro II,Título XIV,Capítulo IV,,delitos,SI,4,Delito farmacéutico; Tráfico de medicamentos falsos; Tráfico de medicamentos caducados; Adulteración de productos farmacéuticos,"Se debe imponer la pena de uno (1) a tres (3) años de prisión y multa de cincuenta (50) a cien (100) días, si concurre alguna de las circunstancias contempladas en el Artículo 313 del presente Código."
317,Art. 317 CP,Responsabilidad de las personas jurídicas,Libro II,Título XIV,Capítulo IV,,delitos,NO,0,,"Cuando de acuerdo con lo establecido en el Artículo 102 del presente Código una persona jurídica sea responsable de los delitos de tráfico de drogas o precursores, se le debe imponer la pena de disolu"
318,Art. 318 CP,Punibilidad de actos preparatorios,Libro II,Título XIV,Capítulo IV,,delitos,NO,0,,"La conspiración, proposición o provocación a la comisión de los delitos de tráfico de drogas, debe ser castigada con la pena de prisión que corresponda reducida en un tercio (1/3)."
319,Art. 319 CP,Penas privativas de derechos,Libro II,Título XIV,Capítulo IV,,delitos,NO,0,,"Se debe imponer la pena de inhabilitación especial para cargo u oficio público, de profesión u oficio, industria o comercio de cinco (5) a quince (15) años, a quienes se valieren del ejercicio de ésto"
320,Art. 320 CP,Reincidencia internacional,Libro II,Título XIV,Capítulo IV,,delitos,NO,0,,"La condena impuesta por un Órgano Jurisdiccional extranjero por delitos de tráfico de drogas o precursores produce los efectos de la reincidencia, salvo que los antecedentes penales hayan sido cancela"
321,Art. 321 CP,Definiciones,Libro II,Título XIV,Capítulo IV,,delitos,NO,0,,"Por droga, estupefaciente o sustancia psicotrópica, se entiende cualquiera de las sustancias incluidas en las Listas I, II y IV de la Convención Única y sus Protocolos de Naciones Unidas sobre estupef"
322,Art. 322 CP,Criterio para la determinación de la cantidad de droga aprehendida,Libro II,Título XIV,Capítulo IV,,delitos,SI,1,Conducción sin permiso,"A los efectos de determinar la cantidad de la droga aprehendida, excepto en el caso del cannabis, se tiene en cuenta la cantidad de principio activo, si la naturaleza de la droga o su presentación lo "
323,Art. 323 CP,Conducción temeraria,Libro II,Título XV,Capítulo IV,,delitos,SI,3,Conducción temeraria; Conducción bajo influencia de alcohol; Tenencia de material radiactivo,"Quien conduce un vehículo automotor con temeridad manifiesta y pone en concreto peligro la vida o la integridad de las personas, debe ser castigado con las penas de prisión de seis (6) meses a tres (3"
324,Art. 324 CP,"Contaminación del aire, las aguas o los suelos",Libro II,Título XVI,Capítulo I,,delitos,SI,2,Negativa a someterse a pruebas; Incumplimiento de la obligación de someterse a prueba de alcoholemia,"Quien, con infracción de la legislación protectora del medio ambiente, realiza actividades contaminantes que afectan a la atmósfera, las aguas marinas, las aguas continentales, el suelo o el subsuelo "
325,Art. 325 CP,Explotación ilegal de recursos naturales,Libro II,Título XVI,Capítulo I,,delitos,SI,1,Conducción con exceso de velocidad en zona escolar,"Quien, con infracción de las disposiciones protectoras del medio ambiente, realiza actividades de captación, extracción o explotación ilegal de recursos hídricos, forestales, minerales o fósiles, de f"
326,Art. 326 CP,Manejo ilegal de desechos peligrosos,Libro II,Título XVI,Capítulo I,,delitos,NO,0,,"Quien elimina, gestiona, comercializa o traslada desechos peligrosos con infracción de los controles legales establecidos para los movimientos transfronterizos de estas sustancias y su eliminación de "
327,Art. 327 CP,Incendio forestal,Libro II,Título XVI,Capítulo II,,delitos,SI,8,Incendio; Incendio forestal; Incendio agravado; Daños por incendio; Incendio de masa forestal...,"Quien provoca un incendio en terrenos forestales, masas boscosas o en zona vegetal protegida por su valor ecológico, debe ser castigado con las penas de prisión de seis (6) a diez (10) años y multa de"
328,Art. 328 CP,Introducción de especies exógenas,Libro II,Título XVI,Capítulo II,,delitos,NO,0,,"Quien, con infracción de las disposiciones protectoras de las especies y hábitats, introduce o libera en el medio natural especímenes de flora o fauna exógenas y con ello pone en peligro el mantenimie"
329,Art. 329 CP,Propagación de plagas o enfermedades,Libro II,Título XVI,Capítulo II,,delitos,NO,0,,"Quien propaga una plaga o enfermedad en zonas boscosas o hábitats naturales de especies silvestres y con ello pone en peligro el mantenimiento de la diversidad biológica en la zona afectada, debe ser "
330,Art. 330 CP,Daños a especies amenazadas,Libro II,Título XVI,Capítulo II,,delitos,SI,2,Estragos; Estragos por imprudencia,"Quien con infracción de lo dispuesto en la legislación protectora de las especies y hábitats destruye, recolecta, captura o comercializa especímenes de flora o fauna amenazada o, trafica ilegalmente c"
331,Art. 331 CP,Captura ilegal de especímenes,Libro II,Título XVI,Capítulo II,,delitos,NO,0,,"Quien captura especímenes de fauna silvestre distintos de los indicados en el artículo anterior, en cantidad, lugar, tiempo o modo expresamente prohibidos por las leyes o disposiciones generales aplic"
332,Art. 332 CP,Agravantes específicas de los delitos contra la diversidad biológica,Libro II,Título XVI,Capítulo II,,delitos,NO,0,,Los hechos previstos en este capítulo se deben castigar con las penas respectivas aumentadas en un tercio (1/3) cuando concurra alguna de las siguientes circunstancias:  1) Resulta afectada una especi
333,Art. 333 CP,Agravantes comunes a los delitos contra el medio ambiente,Libro II,Título XVI,Capítulo III,,delitos,SI,7,Contaminación ambiental; Daños a espacio natural protegido; Vertido contaminante agravado; Contaminación acústica; Contaminación lumínica...,"Los hechos previstos en los artículos precedentes deben ser castigados con las penas establecidas respectivamente, aumentadas en un tercio (1/3), cuando concurra alguna de las circunstancias siguiente"
334,Art. 334 CP,Privaciones de derechos,Libro II,Título XVI,Capítulo III,,delitos,NO,0,,"El Juez puede imponer al culpable de la comisión de un delito ambiental, la inhabilitación para obtener subvenciones y ayudas públicas, para contratar con el sector público y para gozar de los benefic"
335,Art. 335 CP,Delito ambiental imprudente,Libro II,Título XVI,Capítulo III,,delitos,NO,0,,"Los hechos previstos en los artículos anteriores de este título deben ser castigados con las penas establecidas para cada delito, rebajadas en su mitad, cuando se cometen por imprudencia grave."
336,Art. 336 CP,Responsabilidad de funcionario o empleado público,Libro II,Título XVI,Capítulo III,,delitos,NO,0,,"El funcionario o empleado público que haya autorizado, dictaminado o informado favorablemente o tolerado la realización de los hechos previstos en este título, a sabiendas de su ilegalidad, debe ser c"
337,Art. 337 CP,Responsabilidad de las personas jurídicas,Libro II,Título XVI,Capítulo III,,delitos,SI,2,Usurpación de aguas; Usurpación de aguas públicas,"Cuando de acuerdo con lo establecido en el Artículo 102 del presente Código, una persona jurídica sea responsable de los delitos contenidos en este título, se le debe imponer la pena de multa por una "
338,Art. 338 CP,Atenuantes específicas,Libro II,Título XVI,Capítulo III,,delitos,NO,0,,El Órgano Jurisdiccional competente puede rebajar las penas a imponer por los hechos previstos en este título hasta la mitad de las mismas en los casos siguientes:  1) El culpable haya procedido volun
339,Art. 339 CP,Restauración del equilibrio ecológico,Libro II,Título XVI,Capítulo III,,delitos,SI,1,Tráfico de especies protegidas,"El Órgano Jurisdiccional competente, debe ordenar la adopción, a cargo del responsable del hecho, de las medidas necesarias encaminadas a restaurar el equilibrio ecológico o biológico perturbado, incl"
340,Art. 340 CP,Reincidencia internacional,Libro II,Título XVI,Capítulo III,,delitos,NO,0,,"La condena impuesta por un Órgano Jurisdiccional extranjero por delitos de la misma naturaleza que los previstos en este título produce los efectos de la reincidencia, salvo que los antecedentes penal"
341,Art. 341 CP,Maltrato de animales,Libro II,Título XVII,Capítulo III,,delitos,SI,1,Experimentación con animales,"Quien maltrata injustificadamente a un animal doméstico o domesticado, causándole la muerte, debe ser castigado con la pena de prisión de dos (2) a cuatro (4) años; si le provocara lesiones que menosc"
342,Art. 342 CP,Abandono de animales,Libro II,Título XVII,Capítulo III,,delitos,SI,4,Abandono de animales; Maltrato animal; Maltrato animal con resultado de muerte; Abandono de animal con resultado de muerte,Quien abandona a un animal doméstico o domesticado en condiciones peligrosas para su vida o integridad física debe ser castigado con la pena de prestación de servicios de utilidad pública o a las víct
343,Art. 343 CP,Urbanización ilegal,Libro II,Título XVIII,Capítulo III,,delitos,NO,0,,"Quien parcele, urbanice, edifique o construya sin la autorización o licencia administrativa necesarias para tales actividades, debe ser castigado con las penas de prisión de dos (2) a cinco (5) años y"
344,Art. 344 CP,Aprobación irregular por parte de funcionario público,Libro II,Título XVIII,Capítulo III,,delitos,NO,0,,"Debe ser castigado con las penas de prisión de tres (3) a cinco (5) años e inhabilitación especial para cargo u oficio público por el doble del tiempo que dure la pena de prisión, el funcionario o emp"
345,Art. 345 CP,Responsabilidad del funcionario público por omisión,Libro II,Título XVIII,Capítulo III,,delitos,NO,0,,"El funcionario o empleado público que con motivo de inspecciones, no reporta la infracción de normas de ordenamiento territorial o urbanísticas vigentes u omite la realización de inspecciones de carác"
346,Art. 346 CP,Responsabilidad de las personas jurídicas,Libro II,Título XVIII,Capítulo III,,delitos,NO,0,,"Cuando de acuerdo con lo establecido en el Artículo 102 del presente Código, una persona jurídica sea responsable de los delitos comprendidos en este título, se le debe imponer la pena de multa por un"
347,Art. 347 CP,Demolición de lo ilícitamente construido,Libro II,Título XVIII,Capítulo III,,delitos,NO,0,,"El Órgano Jurisdiccional competente, mediante resolución motivada podrá ordenar a cargo del autor del hecho, la demolición de la obra y la restitución del suelo a su estado anterior, sin perjuicio de "
348,Art. 348 CP,Tráfico ilícito de bienes del patrimonio cultural,Libro II,Título XIX,Capítulo III,,delitos,NO,0,,"Quien, con infracción de las leyes y disposiciones generales aplicables, realiza operaciones de importación, exportación, comercio o circulación de bienes pertenecientes al Patrimonio Cultural de la N"
349,Art. 349 CP,Alteración de inmuebles pertenecientes al patrimonio cultural,Libro II,Título XIX,Capítulo III,,delitos,NO,0,,"Quien, con infracción de las leyes y disposiciones generales aplicables, destruye, daña o altera gravemente un inmueble singularmente protegido por su valor histórico, cultural o artístico, debe ser c"
350,Art. 350 CP,Expolio de zonas arqueológicas,Libro II,Título XIX,Capítulo III,,delitos,NO,0,,"Quien, con infracción de las leyes o disposiciones generales aplicables, realiza trabajos de exploración, excavación o remoción en zonas o yacimientos arqueológicos, de modo que pone en peligro el est"
351,Art. 351 CP,Agravantes específicas,Libro II,Título XIX,Capítulo III,,delitos,NO,0,,Las penas previstas en los artículos anteriores se deben incrementar en un tercio (1/3) cuando concurra alguna de las circunstancias siguientes:  1) Los bienes afectados por los hechos son de especial
352,Art. 352 CP,Responsabilidad del funcionario o empleado público,Libro II,Título XIX,Capítulo III,,delitos,NO,0,,"El funcionario o empleado público que haya autorizado, dictaminado o informado favorablemente o tolerado la realización de los hechos previstos en este título, a sabiendas de su ilegalidad, debe ser c"
353,Art. 353 CP,Responsabilidad de las personas jurídicas,Libro II,Título XIX,Capítulo III,,delitos,NO,0,,"Cuando, de acuerdo con lo establecido en el Artículo 102 del presente Código, una persona jurídica sea responsable de los delitos contenidos en este título, se le debe imponer la pena de multa por una"
354,Art. 354 CP,Atenuantes específicas,Libro II,Título XIX,Capítulo III,,delitos,NO,0,,El Órgano Jurisdiccional competente puede rebajar las penas a imponer por los hechos previstos en este título hasta en dos tercios (2/3) en los casos siguientes:  1) El sujeto haya procedido voluntari
355,Art. 355 CP,Restauración del patrimonio cultural,Libro II,Título XIX,Capítulo III,,delitos,NO,0,,"El Órgano Jurisdiccional competente debe ordenar la adopción a cargo del autor del hecho de las medidas necesarias para reparar el daño causado, incluyendo en su caso, el retomo de los bienes a su lug"
356,Art. 356 CP,Reincidencia internacional,Libro II,Título XIX,Capítulo III,,delitos,NO,0,,"La condena proferida por un Órgano Jurisdiccional extranjero por delitos de la misma naturaleza que los previstos en este título produce los efectos de la reincidencia, salvo que los antecedentes pena"
357,Art. 357 CP,Hurto simple,Libro II,Título XX,Capítulo I,,delitos,NO,0,,"Quien con ánimo de lucro para sí o para un tercero y sin consentimiento, se apodera de una cosa mueble ajena cuyo valor exceda de Cinco Mil Lempiras (L.5,000), debe ser castigado con la pena de prisió"
358,Art. 358 CP,Hurto de ganado o cosechas,Libro II,Título XX,Capítulo I,,delitos,NO,0,,"Se comete el delito de hurto de ganado, en los casos siguientes:  1) Ganado mayor con un valor superior a Cinco Mil Lempiras (L.5,000), debe ser castigado con la pena de prisión de dos (2) a cuatro (4"
359,Art. 359 CP,Hurto de posesión,Libro II,Título XX,Capítulo I,,delitos,NO,0,,"El dueño de una cosa mueble u otra persona con su consentimiento, que priva de ella a quien la tenga legítimamente en su poder, con perjuicio del poseedor o de un tercero, debe ser castigado con la pe"
360,Art. 360 CP,Robo con fuerza,Libro II,Título XX,Capítulo II,,delitos,NO,0,,"Quien con ánimo de lucro, se apodera de cosa mueble ajena utilizando fuerza en las cosas, debe ser castigado con la pena de prisión de dos (2) a cuatro (4) años.  A los efectos de este precepto se ent"
361,Art. 361 CP,Robo con violencia o intimidación,Libro II,Título XX,Capítulo II,,delitos,NO,0,,"Quien, con ánimo de lucro, se apodera de cosa mueble ajena empleando violencia o intimidación en las personas, debe ser castigado con la pena de prisión de cuatro (4) a ocho (8) años, sin perjuicio de"
362,Art. 362 CP,Robo de ganado,Libro II,Título XX,Capítulo II,,delitos,NO,0,,"Quien empleando fuerza en las cosas, comete el delito de robo de ganado, debe ser castigado de la forma siguiente:  1) Ganado mayor, con la pena de prisión de cuatro (4) a seis (6) años; o,  2) Ganado"
363,Art. 363 CP,Agravantes específicas,Libro II,Título XX,Capítulo III,,delitos,NO,0,,Las penas de hurto o robo se deben aumentar en un tercio (1/3) cuando concurra alguna de las circunstancias siguientes:
364,Art. 364 CP,Hurto y robo de uso de vehículo automotor,Libro II,Título XX,Capítulo IV,,delitos,NO,0,,"Quien, sin ánimo de apropiación, sustrae o utiliza sin la debida autorización un vehículo automotor debe ser castigado con la pena de uno (1) a tres (3) años de prisión, si lo devuelve al lugar donde "
365,Art. 365 CP,Estafa,Libro II,Título XX,Capítulo V,,delitos,SI,7,Estafa; Publicidad engañosa; Estafa con abuso de firma en blanco; Estafa cambiaria; Publicidad engañosa sobre productos de salud...,"Comete estafa quien con ánimo de lucro, utiliza engaño suficiente para producir error en otro y le induce a realizar un acto de disposición en perjuicio propio o ajeno. También se comete el delito de "
366,Art. 366 CP,Agravantes específicas,Libro II,Título XX,Capítulo V,,delitos,SI,8,Estafa agravada; Fraude de subvenciones; Estafa de seguro; Fraude de inversores; Fraude a la administración...,Las penas previstas en este capítulo se deben aumentar en un tercio (1/3) si concurre alguna de las circunstancias siguientes:  1) Los hechos recaen sobre cosas de primera necesidad o destinadas a un 
367,Art. 367 CP,Estafas impropias,Libro II,Título XX,Capítulo V,,delitos,SI,2,Acceso no autorizado a sistemas informáticos; Acceso no autorizado a sistemas,"Se debe castigar con la pena de prisión de tres (3) a cinco (5) años, quien ejecute alguna de las conductas siguientes:  1) Quien en perjuicio de tercero, dispone de una cosa mueble o inmueble ocultan"
368,Art. 368 CP,Responsabilidad de las personas jurídicas,Libro II,Título XX,Capítulo V,,delitos,SI,3,Abuso de dispositivos informáticos; Fraude informático; Transferencia fraudulenta,"Cuando de acuerdo con lo establecido en el Artículo 102 del presente Código, una persona jurídica sea responsable de los delitos comprendidos en este capítulo, se le debe imponer la pena de clausura d"
369,Art. 369 CP,"Defraudaciones de energía, fluidos y telecomunicaciones",Libro II,Título XX,Capítulo V,,delitos,NO,0,,"Quien con ánimo de lucro, se apodera, sustrae o utiliza electricidad, gas, agua, telecomunicaciones, energía o fluidos ajenos, empleando medios clandestinos o no autorizados para ello, debe ser castig"
370,Art. 370 CP,Administración fraudulenta,Libro II,Título XX,Capítulo VI,,delitos,NO,0,,"Quien teniendo facultades otorgadas por Ley, resolución judicial o administrativa o negocio jurídico para administrar un patrimonio ajeno, se excede en su ejercicio y causa un perjuicio al patrimonio "
371,Art. 371 CP,Apropiación y retención indebidas,Libro II,Título XX,Capítulo VI,,delitos,NO,0,,"Se deben imponer las penas establecidas los artículos 365 o 366 del presente Código, al que teniendo bajo su poder o custodia una cosa mueble, dinero o un valor ajeno, por un título que produzca la ob"
372,Art. 372 CP,Apropiación irregular,Libro II,Título XX,Capítulo VI,,delitos,NO,0,,"Debe ser castigado con pena de multa de cincuenta (50) a doscientos (200) días, quien ejecute alguna de las conductas siguientes:  1) Quien, con ánimo de lucro, se apropia de cosa ajena perdida o sin "
373,Art. 373 CP,Extorsión,Libro II,Título XX,Capítulo VII,,delitos,NO,0,,"Comete el delito de extorsión, quien con violencia, amenazas o intimidación y ánimo de lucro, haciendo uso de cualquier medio, obliga o trata de obligar a otro a realizar u omitir un acto, servicio o "
374,Art. 374 CP,Agravantes específicas,Libro II,Título XX,Capítulo VII,,delitos,SI,3,Usura; Especulación; Usura agravada,Las penas del artículo anterior se incrementarán en un tercio (1/3) al concurrir alguna de las siguientes circunstancias:  1) Si el culpable es miembro de un grupo delictivo organizado o se ejecuta el
375,Art. 375 CP,Atenuantes específicas,Libro II,Título XX,Capítulo VII,,delitos,NO,0,,"Las penas previstas en los artículos anteriores, excepto la de prisión a perpetuidad, deben reducirse en un tercio (1/3) si concurre alguna de las circunstancias siguientes:  1) Confesión de las activ"
376,Art. 376 CP,Punición de actos preparatorios,Libro II,Título XX,Capítulo VII,,delitos,SI,13,Lavado de activos; Apropiación indebida; Blanqueo de capitales; Blanqueo por imprudencia; Apropiación indebida de bienes culturales...,"La conspiración, proposición o provocación para la comisión del delito de extorsión debe ser castigada con la pena de prisión de uno (1) a tres (3) años, a no ser que esté castigado con mayor pena en "
377,Art. 377 CP,Reincidencia internacional,Libro II,Título XX,Capítulo VII,,delitos,SI,1,Apropiación de cosas perdidas,"La condena de un Órgano Jurisdiccional extranjero por delitos de la misma naturaleza que los previstos en este capítulo, produce los efectos de la reincidencia, salvo que los antecedentes penales haya"
378,Art. 378 CP,Usurpación,Libro II,Título XX,Capítulo VIII,,delitos,NO,0,,"Comete el delito de usurpación, y será sancionado con reclusión de cuatro (4) a seis (6) años, quien desarrolle cualquiera de las conductas siguientes:  1. Ocupa o se apodere de todo o parte de un inm"
379,Art. 379 CP,Alteración de términos o límites,Libro II,Título XX,Capítulo VIII,,delitos,SI,6,Hurto; Hurto simple; Hurto de uso de vehículo; Hurto famélico; Hurto con abuso de confianza...,"Quien, para apoderarse de un inmueble o parte de él, altera los términos, límites o cualquier otra señal destinada a fijar los límites de propiedades contiguas, debe ser castigado con la pena de prisi"
380,Art. 380 CP,Usurpación de aguas,Libro II,Título XX,Capítulo VIII,,delitos,SI,2,Hurto agravado; Hurto en lugar habitado,"Quien sin estar autorizado desvía de su curso aguas de uso público o privado o un embalse natural o artificial, debe ser castigado con la pena de prisión de uno (1) a tres (3) años.  Con la misma pena"
381,Art. 381 CP,Daños,Libro II,Título XX,Capítulo IX,,delitos,NO,0,,"Quien destruye, deteriora, inutiliza o causa daños a cosa ajena, no comprendidos en otras disposiciones del presente Código, debe ser castigado con las penas de prisión de seis (6) meses a dos (2) año"
382,Art. 382 CP,Daños agravados,Libro II,Título XX,Capítulo IX,,delitos,SI,4,Robo; Usurpación; Robo simple; Usurpación de inmueble,"Las penas del artículo anterior se deben aumentar en un tercio (1/3) en las circunstancias siguientes:  1) El daño se causa mediante infección, contagio de animales o plantas, sin perjuicio de las pen"
383,Art. 383 CP,Daños a infraestructuras o equipamientos,Libro II,Título XX,Capítulo IX,,delitos,SI,8,Robo agravado; Robo con homicidio; Robo en casa habitada; Robo con escalamiento; Robo con fractura...,"Quien destruye, deteriore, inutilice o dañe edificios, establecimientos, instalaciones, embarcaciones, aeronaves, vehículos u otros recursos similares, militares, policiales o de cuerpos de seguridad "
384,Art. 384 CP,Daños imprudentes,Libro II,Título XX,Capítulo IX,,delitos,NO,0,,"Los daños causados por imprudencia grave cuya cuantía excede de Quinientos Mil Lempiras (L.500,000), deben ser castigados con multa de cien (100) a trescientos sesenta (360) días o con pena de prestac"
385,Art. 385 CP,Perdón del ofendido,Libro II,Título XX,Capítulo IX,,delitos,NO,0,,"La acción penal por los delitos previstos en este capítulo se extingue, excepto en el supuesto contemplado en el Artículo 382 del presente Código, por el perdón del ofendido o de su representante lega"
386,Art. 386 CP,Usura,Libro II,Título XX,Capítulo X,,delitos,NO,0,,"Se entiende usurario el préstamo en el que se estipula un interés notoriamente desproporcionado conforme al establecido en el Sistema Financiero Nacional y las circunstancias del caso, habiendo motivo"
387,Art. 387 CP,Loterías y juegos no autorizados,Libro II,Título XX,Capítulo XI,,delitos,NO,0,,"Los productores o expendedores de billetes de loterías tradicionales o electrónicas y quienes efectúen rifas, sorteos y demás juegos de azar no concesionados o autorizados legalmente, deben ser castig"
388,Art. 388 CP,Exención de responsabilidad,Libro II,Título XX,Capítulo XII,,delitos,SI,8,Daños; Daños simples; Daños informáticos; Daños por imprudencia; Daños en archivos informáticos...,"PENAL. Están exentos de responsabilidad penal y sujetos únicamente a la civil por los delitos patrimoniales que se causaren entre sí, las personas siguientes:  1) Los cónyuges o quienes mantengan una "
389,Art. 389 CP,Delitos contra el derecho de autor y los derechos conexos,Libro II,Título XXI,Capítulo I,,delitos,SI,2,Daños agravados; Daños informáticos agravados,"Quien con ánimo de lucro, en perjuicio de tercero y sin autorización de los titulares de los correspondientes derechos de autor y conexos o de sus cesionarios, reproduce, distribuye, comunica públicam"
390,Art. 390 CP,Agravantes específicas,Libro II,Título XXI,Capítulo I,,delitos,NO,0,,"Debe ser castigado con las penas de prisión de cuatro (4) a seis (6) años, multa por una cantidad igual al doble o hasta el triple del beneficio obtenido o pretendido e inhabilitación especial para el"
391,Art. 391 CP,Disfrute ilícito de servicios de acceso condicional,Libro II,Título XXI,Capítulo I,,delitos,NO,0,,"Quien con ánimo de lucro y sin autorización, facilita el acceso inteligible a un servicio de radiodifusión, sonora o televisiva emitido por vía electrónica, analógica, digital terrestre, satélite o in"
392,Art. 392 CP,Elusión de medidas tecnológicas,Libro II,Título XXI,Capítulo I,,delitos,NO,0,,"Quien, sin autorización de los respectivos titulares, con ánimo de lucro y en perjuicio de tercero elude o evade cualquier medida tecnológica eficaz que esté dirigida a impedir la vulneración de los d"
393,Art. 393 CP,Uso ilegítimo de patente,Libro II,Título XXI,Capítulo II,,delitos,NO,0,,"Quien, con fines industriales o comerciales, sin consentimiento del titular de una patente, modelo de utilidad o diseño industrial y con conocimiento de su registro, fabrica, importa, utiliza, ofrece "
394,Art. 394 CP,Uso ilegítimo de distintivos o marcas registradas,Libro II,Título XXI,Capítulo II,,delitos,NO,0,,"Debe ser castigado con las penas de prisión de uno (1) a cuatro (4) años y multa por una cantidad igual o hasta el triple del beneficio obtenido quien con fines industriales o comerciales, sin consent"
395,Art. 395 CP,Descubrimiento y revelación de secreto industrial o comercial,Libro II,Título XIV,Capítulo II,,delitos,NO,0,,"Quien para obtener ilegítimamente un secreto de empresa se apodera por cualquier medio de datos, documentos escritos o electrónicos, soportes informáticos u otros objetos que se refieran al mismo, int"
396,Art. 396 CP,Agravantes específicas,Libro II,Título XIV,Capítulo III,,delitos,NO,0,,Se debe aumentar la pena en un tercio (1/3) cuando en cualquiera de los delitos del capítulo anterior concurra alguna de las circunstancias siguientes:  1) El hecho reviste especial trascendencia econ
397,Art. 397 CP,Responsabilidad de las personas jurídicas,Libro II,Título XIV,Capítulo III,,delitos,NO,0,,"Cuando de acuerdo con lo establecido en el Artículo 102 del presente Código una persona jurídica sea responsable de los delitos comprendidos en este título, se le debe imponer la pena de clausura de s"
398,Art. 398 CP,Acceso no autorizado a sistemas informáticos,Libro II,Título XXII,Capítulo III,,delitos,NO,0,,"Debe ser castigado con pena de prisión de seis (6) a dieciocho (18) meses o multa de cien (100) a doscientos (200) días quien, vulnerando las medidas de seguridad establecidas para impedirlo, accede s"
399,Art. 399 CP,Daños a datos y sistemas informáticos,Libro II,Título XXII,Capítulo III,,delitos,NO,0,,"Quien por cualquier medio y sin autorización introduce, borra, deteriora, altera, suprime o hace inaccesible de forma grave datos informáticos, debe ser castigado con la pena de prisión de uno (1) a d"
400,Art. 400 CP,Abuso de dispositivos,Libro II,Título XXII,Capítulo III,,delitos,NO,0,,"La fabricación, importación, venta, facilitación o la obtención para su utilización de dispositivos, programas informáticos, contraseñas o códigos de acceso, destinados o adaptados para la comisión de"
401,Art. 401 CP,Suplantación de identidad,Libro II,Título XXII,Capítulo III,,delitos,NO,0,,"Debe ser castigado con la pena de prisión de seis (6) meses a un (1) año o multa de cien (100) a trescientos (300) días, quien con ánimo defraudatorio y a través de las tecnologías de la información y"
402,Art. 402 CP,Circunstancias agravantes,Libro II,Título XXII,Capítulo III,,delitos,NO,0,,"Se deben aumentar en un tercio (1/3) las penas previstas en este título, quienes ejecuten el delito concurriendo alguna de las circunstancias siguientes:  1) El culpable es el responsable o encargado "
403,Art. 403 CP,Responsabilidad de las personas jurídicas,Libro II,Título XXII,Capítulo III,,delitos,NO,0,,"Cuando de acuerdo con lo establecido en el Artículo 102 del presente Código, una persona jurídica sea responsable de los delitos comprendidos en este título, se le debe imponer la pena de suspensión d"
404,Art. 404 CP,Reglas especiales de jurisdicción,Libro II,Título XXII,Capítulo III,,delitos,NO,0,,"Los Órganos Jurisdiccionales nacionales deben conocer de los delitos informáticos, cuando se ejecuten en los casos siguientes:  1) En Honduras, aunque se dirijan contra datos o sistemas informáticos s"
405,Art. 405 CP,Definiciones legales,Libro II,Título XXII,Capítulo III,,delitos,SI,8,Violación de derechos de autor; Piratería de software; Reproducción ilegal de obras; Piratería de señales; Copiado ilegal de software...,"A los efectos de este título, se entiende por:  1) Datos Informáticos: las unidades básicas de información, cualquiera que sea su contenido, expresados en una forma que permita su tratamiento por un s"
406,Art. 406 CP,Delito de quiebra fraudulenta,Libro II,Título XXIII,Capítulo I,,delitos,NO,0,,"Debe ser castigado con las penas de prisión de uno (1) a tres (3) años e inhabilitación especial por el doble de tiempo que dure la prisión, el comerciante o empresario que, con el objeto de eludir la"
407,Art. 407 CP,Agravantes específicas,Libro II,Título XXIII,Capítulo I,,delitos,NO,0,,Las penas de prisión señaladas en los preceptos anteriores se deben incrementar en un tercio (1/3) cuando concurra alguna de las circunstancias siguientes:  1) Se causa grave perjuicio a uno o varios 
408,Art. 408 CP,Alzamiento de bienes,Libro II,Título XXIII,Capítulo I,,delitos,NO,0,,"Debe ser castigado con las mismas penas previstas para el delito de quiebra quien, para abstenerse del pago o cumplimiento de sus obligaciones, ejecute alguna de las conductas siguientes:  1) Oculta s"
409,Art. 409 CP,Insolvencia fraudulenta,Libro II,Título XXIII,Capítulo I,,delitos,NO,0,,"El deudor no comerciante concursado civilmente que para defraudar a sus acreedores, comete en los doce (12) meses previos a la declaración del concurso cualquiera de las acciones descritas en los artí"
410,Art. 410 CP,Liquidación forzosa de instituciones financieras,Libro II,Título XXIII,Capítulo I,,delitos,NO,0,,Lo dispuesto en los artículos precedentes de este capítulo es aplicable respecto de los alzamientos e insolvencias cometidos en el marco de un procedimiento de liquidación forzosa de una entidad o ins
411,Art. 411 CP,Responsabilidad de las personas jurídicas,Libro II,Título XXIII,Capítulo I,,delitos,NO,0,,"Cuando de acuerdo con lo establecido en el Artículo 102 del presente Código, una persona jurídica sea responsable de los delitos comprendidos en este capítulo, se le debe imponer la pena de multa por "
412,Art. 412 CP,Detracción de materias primas u otros productos,Libro II,Título XXIII,Capítulo II,,delitos,NO,0,,"Quien, con el propósito deliberado de perjudicar a los consumidores, desabastecer el mercado o alterar la formación de los precios, sustrae del mercado por cualquier procedimiento materias primas, pro"
413,Art. 413 CP,Difusión de noticias o rumores falsos y abuso de información privilegiada,Libro II,Título XXIII,Capítulo II,,delitos,NO,0,,"Quien, con el propósito de alterar o preservar los precios que hubieren de resultar de la libre concurrencia, difundiera de forma idónea noticias o rumores económicos falsos que afectaran a cualquier "
414,Art. 414 CP,Agiotaje,Libro II,Título XXIII,Capítulo II,,delitos,NO,0,,"Quien, con el propósito de obtener un lucro para sí o para un tercero, aumenta los precios de las mercaderías o de los servicios públicos por encima de los fijados por las autoridades competentes, deb"
415,Art. 415 CP,Acuerdos y prácticas restrictivas de la competencia,Libro II,Título XXIII,Capítulo II,,delitos,NO,0,,"Quienes con el propósito deliberado de restringir, disminuir, dañar, impedir o falsear la libre competencia, acuerdan precios, tarifas o descuentos; establecen concertadamente condiciones de transacci"
416,Art. 416 CP,Obstaculización de procesos de licitación o subastas,Libro II,Título XXIII,Capítulo II,,delitos,NO,0,,"Quien, mediante violencia, intimidación o engaño obstaculiza los procedimientos de licitaciones públicas o privadas o subastas judiciales, debe ser castigado con las penas de prisión de tres (3) a cin"
417,Art. 417 CP,Responsabilidad de las personas jurídicas,Libro II,Título XXIII,Capítulo II,,delitos,NO,0,,"Cuando de acuerdo con lo establecido en el Artículo 102 del presente Código, una persona jurídica sea responsable de los delitos contenidos en este capítulo, se le castigará con la pena de multa de qu"
418,Art. 418 CP,Corrupción en los negocios entre particulares,Libro II,Título XXIII,Capítulo III,,delitos,NO,0,,"Quien por sí o por interpósita persona, consigue para una empresa mercantil, sociedad, asociación, fundación u organización o a sus titulares, socios, directivos o empleados, un beneficio o ventaja in"
419,Art. 419 CP,Corrupción en el deporte,Libro II,Título XXIII,Capítulo III,,delitos,NO,0,,"Lo dispuesto en el artículo anterior es aplicable, en sus respectivos casos, a los directivos, administradores, empleados o colaboradores de una entidad deportiva, cualquiera que sea la forma jurídica"
420,Art. 420 CP,Punición de actos preparatorios,Libro II,Título XXIII,Capítulo III,,delitos,NO,0,,"La conspiración, proposición o provocación para cometer los delitos previstos en este capítulo debe ser castigada con las penas reducidas en dos tercios (2/3)."
421,Art. 421 CP,Atenuantes específicas,Libro II,Título XXIII,Capítulo III,,delitos,NO,0,,"El Órgano Jurisdiccional competente, en atención a la menor cuantía del beneficio o valor de la ventaja y la escasa trascendencia de la posición y funciones del culpable en la organización, podrá impo"
422,Art. 422 CP,"Falsedad de cuentas, información financiera u otros",Libro II,Título XXIII,Capítulo IV,,delitos,SI,4,Daños al patrimonio histórico; Daños al patrimonio arqueológico; Daños al patrimonio artístico; Atentado contra monumento nacional,"Los administradores de hecho o de derecho de una sociedad constituida o en formación, que falsean las cuentas anuales o información financiera u otros documentos que deben reflejar la situación económ"
423,Art. 423 CP,Gestión abusiva,Libro II,Título XXIII,Capítulo IV,,delitos,NO,0,,"Quienes prevaliéndose de su situación mayoritaria en las asambleas generales de socios o accionistas o en el órgano de administración de cualquier sociedad constituida o en formación, imponen acuerdos"
424,Art. 424 CP,Obtención de acuerdo mediante mayoría ficticia,Libro II,Título XXIII,Capítulo IV,,delitos,NO,0,,"La pena anterior se debe agravar en un tercio (1/3) en aquellos casos en que el acuerdo abusivo sea adoptado, en perjuicio de la sociedad o de alguno de sus socios, por una mayoría ficticia, obtenida,"
425,Art. 425 CP,Negativa o impedimento del control de entidades supervisoras,Libro II,Título XXIII,Capítulo IV,,delitos,SI,5,Construcción ilegal; Alteración de planos; Delito contra la ordenación del territorio; Construcción ilegal en zona protegida; Delito contra la ordenación del territorio agravado,"Los administradores de hecho o de derecho de cualquier sociedad constituida o en formación, sometida o que actúe en mercados sujetos a regulación administrativa, que nieguen, impidan u obstaculicen la"
426,Art. 426 CP,Procedibilidad,Libro II,Título XXIII,Capítulo IV,,delitos,NO,0,,"Los hechos descritos en el presente capítulo sólo son perseguibles mediante denuncia de la persona agraviada o de su representante legal. Cuando aquélla sea menor de edad, persona con discapacidad o d"
427,Art. 427 CP,Concepto de sociedad,Libro II,Título XXIII,Capítulo IV,,delitos,NO,0,,"A los efectos de este capítulo, se entiende por sociedad toda cooperativa, entidad financiera o de crédito, fundación, sociedad mercantil o cualquier otra entidad de análoga naturaleza que participe d"
428,Art. 428 CP,Contrabando,Libro II,Título XXIV,Capítulo I,,delitos,SI,5,Contrabando; Contrabando de mercancías peligrosas; Contrabando agravado; Contrabando de divisas; Contrabando de material estratégico,"Comete el delito de contrabando quien, sin permiso de la autoridad competente, importa o exporta del territorio nacional, recintos aduaneros, almacenes generales de depósitos, sitios sujetos al régime"
429,Art. 429 CP,Penalidad del delito de contrabando,Libro II,Título XXIV,Capítulo I,,delitos,NO,0,,El Contrabando se debe sancionar con una pena de prisión de cuatro (4) a seis (6) años y multa equivalente al doble del valor de los bienes o mercancías que fueron objeto del delito.  La pena de prisi
430,Art. 430 CP,Responsabilidad de las personas jurídicas,Libro II,Título XXIV,Capítulo I,,delitos,SI,2,Defraudación fiscal; Defraudación tributaria agravada,"Cuando de acuerdo con lo establecido en el Artículo 102 del presente Código, una persona jurídica sea responsable de los delitos comprendidos en este capítulo, se le debe imponer la pena de multa de h"
431,Art. 431 CP,Defraudación fiscal,Libro II,Título XXIV,Capítulo II,,delitos,NO,0,,"Quien defrauda a la Hacienda Pública, por acción u omisión, eludiendo el pago de impuestos, tributos, contribuciones o tasas, de cantidades retenidas o que se deberían haber retenido, u obteniendo dev"
432,Art. 432 CP,Fraude de subvenciones y ayudas,Libro II,Título XXIV,Capítulo II,,delitos,NO,0,,Comete fraude de subvenciones quien obtiene subvenciones o ayudas de la administración en cuantía igual o mayor a Cincuenta Mil Lempiras (L.50.000) falseando las condiciones necesarias para su obtenci
433,Art. 433 CP,Delito contable,Libro II,Título XXIV,Capítulo II,,delitos,NO,0,,"Quien, estando obligado por las leyes tributarias a llevar contabilidad mercantil, libros o registros fiscales, desatiende dicha obligación, lleva contabilidades distintas que ocultan la verdadera sit"
434,Art. 434 CP,Responsabilidad de las personas jurídicas,Libro II,Título XXIV,Capítulo II,,delitos,NO,0,,"Cuando de acuerdo con lo establecido en el Artículo 102 del presente Código, una persona jurídica sea responsable de los delitos de defraudación fiscal, fraude de subvenciones o del delito contable, s"
435,Art. 435 CP,Fraude a la Seguridad Social o al Sistema de Pensiones,Libro II,Título XXIV,Capítulo III,,delitos,NO,0,,"Comete delito de fraude a la Seguridad Social o al Sistema de Pensiones quien defrauda a éstas, por acción u omisión, eludiendo el pago de las correspondientes cuotas u obteniendo indebidamente devolu"
436,Art. 436 CP,Apropiación indebida de cuotas o aportaciones,Libro II,Título XXIV,Capítulo III,,delitos,NO,0,,"Quien, se apropia de las cuotas o aportaciones a la Seguridad Social o al Sistema de Pensiones o consiente que otros se apropien de ellas, debe ser castigado con la pena de prisión de diez (10) a quin"
437,Art. 437 CP,Responsabilidad de las personas jurídicas,Libro II,Título XXIV,Capítulo III,,delitos,NO,0,,"Cuando de acuerdo con lo establecido en el Artículo 102 del presente Código una persona jurídica sea responsable de los delitos contenidos en este capítulo, se le debe imponer la pena de multa de quin"
438,Art. 438 CP,Receptación,Libro II,Título XXV,Capítulo III,,delitos,SI,2,Receptación; Receptación negligente,"Quien, con ánimo de lucro y conocimiento de la comisión de un delito en el que no haya participado ni como autor ni como cómplice, ayuda a los responsables a aprovecharse de los bienes o efectos proce"
439,Art. 439 CP,Lavado de activos,Libro II,Título XXV,Capítulo III,,delitos,NO,0,,"Incurre en lavado de activos quien por sí o por interpósita persona, adquiera, invierta, posea, utilice, transforme, resguarde, administre, custodie, transporte, transfiera, conserve, convierta, trasl"
440,Art. 440 CP,Lavado de activos imprudente,Libro II,Título XXV,Capítulo III,,delitos,NO,0,,"Si los hechos a los que se refiere el artículo anterior se realizan por imprudencia grave, el responsable debe ser castigado con la pena de prisión de uno (1) a cinco (5) años y multa de doscientos (2"
441,Art. 441 CP,Punición de actos preparatorios,Libro II,Título XXV,Capítulo III,,delitos,NO,0,,"La conspiración, proposición o provocación para cometer delito de lavado de activos debe ser castigada con la pena correspondiente reducida en dos tercios (2/3)."
442,Art. 442 CP,Testaferrato,Libro II,Título XXV,Capítulo III,,delitos,NO,0,,"Quien, presta su nombre en actos o contratos reales o simulados, de carácter civil o mercantil, que se refieran a la adquisición, transferencia o administración de bienes que procedan directa o indire"
443,Art. 443 CP,Infidencia,Libro II,Título XXV,Capítulo III,,delitos,NO,0,,"Los sujetos obligados, conforme a la legislación de prevención del lavado de activos, que ponen en conocimiento de persona alguna el hecho de que una información haya sido solicitada por las autoridad"
444,Art. 444 CP,Responsabilidad de las personas jurídicas,Libro II,Título XXV,Capítulo III,,delitos,NO,0,,"Cuando de acuerdo con lo establecido en el Artículo 102 del presente Código, una persona jurídica sea responsable de un delito de lavado de activos, se le debe imponer la pena de disolución de la pers"
445,Art. 445 CP,Extensión de la jurisdicción,Libro II,Título XXV,Capítulo III,,delitos,NO,0,,"El responsable del delito de lavado debe ser igualmente castigado aunque el delito del que provienen los bienes o los actos penados a los que se refieren los artículos anteriores haya sido cometido, t"
446,Art. 446 CP,Penalidad,Libro II,Título XXV,Capítulo III,,delitos,NO,0,,Las penas previstas en este título se deben imponer sin perjuicio de las que correspondan por los delitos que originan los activos objeto de lavado.
447,Art. 447 CP,Falsificación de moneda,Libro II,Título XXVI,Capítulo I,,delitos,NO,0,,"Quien altera o elabora ilícita o fraudulentamente monedas o fabrica monedas falsas, debe ser castigado con las penas de prisión de seis (6) a diez (10) años y multa por una cantidad igual o hasta diez"
448,Art. 448 CP,Tráfico de monedas falsas,Libro II,Título XXVI,Capítulo I,,delitos,NO,0,,"Quien expende, circula, distribuye, introduce en el país o exporta monedas falsas, alteradas o ilícitas o fraudulentamente elaboradas, a sabiendas de su falsedad o alteración, debe ser castigado con l"
449,Art. 449 CP,Tenencia de moneda falsa para su puesta en circulación,Libro II,Título XXVI,Capítulo I,,delitos,NO,0,,"Quien adquiere o recibe monedas falsas, alteradas o ilícita o fraudulentamente elaboradas para su expedición o distribución, debe ser castigado con la pena de prisión de cinco (5) a ocho (8) años."
450,Art. 450 CP,Fabricación o tenencia de instrumentos para la falsificación de moneda,Libro II,Título XXVI,Capítulo I,,delitos,NO,0,,"La elaboración o tenencia de útiles, materiales, instrumentos, aparatos, sustancias, datos, programas informáticos u otros medios específicamente dedicados por naturaleza o destino a la falsificación "
451,Art. 451 CP,Agravantes específicas,Libro II,Título XXVI,Capítulo I,,delitos,NO,0,,"Si el culpable pertenece a un grupo delictivo organizado que se dedique a la realización de cualquiera de los delitos comprendidos en este capítulo, debe ser castigado con las penas respectivamente se"
452,Art. 452 CP,Reincidencia internacional,Libro II,Título XXVI,Capítulo I,,delitos,NO,0,,"La condena de un Órgano Jurisdiccional extranjero por delitos de la misma naturaleza que los previstos en este capítulo produce los efectos de la reincidencia, salvo que los antecedentes penales hayan"
453,Art. 453 CP,Falsificación de sellos y otros efectos timbrados,Libro II,Título XXVI,Capítulo II,,delitos,NO,0,,"Quien altera o elabora fraudulentamente sellos y otros efectos timbrados o fabrica cualquier clase de efectos timbrados falsos, debe ser castigado con la pena de prisión de dos (2) a cinco (5) años.  "
454,Art. 454 CP,Tráfico de sellos y otros efectos timbrados falsos,Libro II,Título XXVI,Capítulo II,,delitos,NO,0,,"Quien expende, circula, distribuye o introduce en el país sellos y otros efectos timbrados falsos, sin haber intervenido en su falsificación, debe ser castigado con la misma pena señalada para su fals"
455,Art. 455 CP,Agravantes específicas,Libro II,Título XXVI,Capítulo II,,delitos,NO,0,,"Si el culpable pertenece a un grupo delictivo organizado que se dedique a la realización de cualquiera de los delitos comprendidos en este capítulo, debe ser castigado con las penas respectivamente se"
456,Art. 456 CP,Falsificación de documentos públicos y mercantiles,Libro II,Título XXVI,Capítulo III,,delitos,NO,0,,"Comete falsedad en documento público o mercantil, quien ejecuta alguna de las conductas siguientes:  1) Altera, destruye, suprime u oculte un documento en alguno de sus elementos esenciales;  2) Simul"
457,Art. 457 CP,Responsabilidad de ministros religiosos,Libro II,Título XXVI,Capítulo III,,delitos,NO,0,,Al ministro religioso que comete alguna de las conductas descritas en el artículo anterior respecto a documentos concernientes a actos religiosos que puedan producir efectos en el estado de las person
458,Art. 458 CP,Responsabilidad de funcionario o empleado público,Libro II,Título XXVI,Capítulo III,,delitos,NO,0,,"Si el culpable del delito de falsedad descrito en el Artículo 456 del presente Código, es funcionario o empleado público en el ejercicio de sus funciones, se debe imponer, además, la pena de inhabilit"
459,Art. 459 CP,Uso de documento falso,Libro II,Título XXVI,Capítulo III,,delitos,SI,3,Falsificación de moneda; Falsificación de moneda nacional; Falsificación de moneda extranjera,"Quien, sin haber intervenido en su falsificación, presenta en juicio un documento falso de los comprendidos en el Artículo 456 del presente Código, o hace uso de dicho documento causando perjuicio a t"
460,Art. 460 CP,Tráfico de documentos de identidad falsos,Libro II,Título XXVI,Capítulo III,,delitos,NO,0,,"Quien sin haber intervenido en su falsificación, trafica de cualquier modo con documentos de identidad falsos, debe ser castigado con las mismas penas señaladas en el Artículo 456 del presente Código."
461,Art. 461 CP,Falsificación de documentos privados,Libro II,Título XXVI,Capítulo III,,delitos,SI,1,Falsificación de efectos timbrados,"Quien para perjudicar a otro, comete en documento privado alguna de las falsedades previstas en el Artículo 456 del presente Código, debe ser castigado con la pena de prisión de uno (1) a tres (3) año"
462,Art. 462 CP,Uso de documentos privados falsos,Libro II,Título XXVI,Capítulo III,,delitos,SI,1,Falsificación de sello oficial,"Quien sin haber intervenido en su falsificación, presenta en juicio o causa perjuicio a tercero haciendo uso de los documentos falsos a que se refiere el artículo anterior, debe ser castigado con la p"
463,Art. 463 CP,Falsificación de tarjetas bancarias y cheques de viaje,Libro II,Título XXVI,Capítulo III,,delitos,SI,2,Falsificación de tarjetas de crédito; Uso ilegal de tarjeta bancaria,"Quien altera, copia, reproduce o de cualquier otro modo, falsifica tarjetas bancarias de crédito o débito o cheques de viaje y cheques del sistema financiero, debe ser castigado con las penas señalada"
464,Art. 464 CP,Tráfico de tarjetas bancarias o cheques de viaje falsos,Libro II,Título XXVI,Capítulo III,,delitos,NO,0,,"Quien sin haber intervenido en su falsificación, expende o distribuye tarjetas bancarias de crédito o débito o cheques de viaje falsificados, debe ser castigado con las penas señaladas para la falsifi"
465,Art. 465 CP,Tenencia de tarjetas bancarias o cheques de viaje falsos para su puesta en circulación,Libro II,Título XXVI,Capítulo III,,delitos,NO,0,,"Quien adquiere o recibe tarjetas bancarias de crédito o débito o cheques de viaje falsificados para su expedición o distribución, debe ser castigado con la pena de prisión de cinco (5) a ocho (8) años"
466,Art. 466 CP,Fabricación o tenencia de instrumentos para la falsificación de tarjetas bancarias y cheques de viaje,Libro II,Título XXVI,Capítulo III,,delitos,SI,3,Falsificación de documentos públicos; Falsificación de documento público en documento extranjero; Falsificación de documentos notariales,"La elaboración o tenencia de útiles, materiales, instrumentos, aparatos, sustancias, datos, programas informáticos u otros medios específicamente dedicados por naturaleza o destino a la falsificación,"
467,Art. 467 CP,Falsedad en instrumentos financieros,Libro II,Título XXVI,Capítulo III,,delitos,SI,2,Falsificación de documento privado agravado; Falsificación de documento privado contable,"Quien como administrador de hecho o de derecho de una sociedad emisora de valores negociados en los mercados de valores y en perjuicio de otro, falsea la información económico-financiera contenida en "
468,Art. 468 CP,Agravantes específicas,Libro II,Título XXVI,Capítulo III,,delitos,NO,0,,"Si el culpable pertenece a un grupo delictivo organizado que se dedique a la realización de cualquiera de los delitos comprendidos en esta sección, debe ser castigado con la pena respectivamente señal"
469,Art. 469 CP,Responsabilidad de las personas jurídicas,Libro II,Título XXVI,Capítulo III,,delitos,SI,5,Falsificación de documentos de identidad; Falsificación de certificados médicos; Falsificación de documento de identidad extranjero; Falsificación de pasaporte; Manipulación de instrumentos de medición,"Cuando de acuerdo con lo establecido en el Artículo 102 del presente Código, una persona jurídica sea responsable de los delitos comprendidos en esta sección, se le debe imponer la pena de multa por u"
470,Art. 470 CP,Usurpación de la personalidad de otro,Libro II,Título XXVI,Capítulo IV,,delitos,NO,0,,"Quien se atribuye la identidad de otra persona o aquellos atributos o cualidades que la identifican jurídicamente, con la finalidad de obtener provecho para sí o tercero o para causar un perjuicio a o"
471,Art. 471 CP,Usurpación de funciones públicas,Libro II,Título XXVI,Capítulo IV,,delitos,NO,0,,"Quien ejerce ilegítimamente actos propios de un funcionario o empleado público, atribuyéndose esa cualidad, debe ser castigado con la pena de prisión de uno (1) a cuatro (4) años."
472,Art. 472 CP,Intrusismo profesional,Libro II,Título XXVI,Capítulo IV,,delitos,NO,0,,"Quien ejerce actos propios de una profesión sin poseer el correspondiente título académico o la correspondiente habilitación de acuerdo con la legislación vigente, debe ser castigado con la pena de pr"
473,Art. 473 CP,"Uso indebido de uniforme, insignias y equipo policial o militar",Libro II,Título XXVI,Capítulo IV,,delitos,NO,0,,"Quien sin estar autorizado usa públicamente uniforme, insignias o equipo exclusivamente pertenecientes a los Cuerpos de Seguridad e Investigación del Estado o las Fuerzas Armadas, debe ser castigado c"
474,Art. 474 CP,Malversación por apropiación,Libro II,Título XXVII,Capítulo I,,delitos,NO,0,,"El funcionario o empleado público que se apropia, directa o indirectamente, para provecho suyo o de un tercero, de bienes del Estado cuya administración, tenencia o custodia se le haya confiado por ra"
475,Art. 475 CP,Malversación por uso,Libro II,Título XXVII,Capítulo I,,delitos,NO,0,,"El funcionario o empleado público que indebidamente usa o permite que otro use bienes del Estado cuya administración, tenencia o custodia tiene encomendada por razón de sus funciones, y causa con ello"
476,Art. 476 CP,Malversación por aplicación oficial diferente,Libro II,Título XXVII,Capítulo I,,delitos,NO,0,,"El funcionario o empleado público que indebidamente da aplicación distinta a la que oficialmente le ha sido conferida a los bienes del Estado, y causa con ello un perjuicio al patrimonio público, debe"
477,Art. 477 CP,Administración desleal del patrimonio público,Libro II,Título XXVII,Capítulo I,,delitos,NO,0,,"El funcionario o empleado público que fuera de los casos anteriores y excediéndose en el ejercicio de sus facultades para administrar un patrimonio público, las infringe y de esa manera causa un perju"
478,Art. 478 CP,Agravantes específicas,Libro II,Título XXVII,Capítulo I,,delitos,NO,0,,"Los hechos a que se refieren los artículos anteriores deben ser castigados con la pena de prisión de seis (6) a nueve (9) años, multa por una cantidad igual al doble o hasta cuatro (4) veces el valor "
479,Art. 479 CP,Atenuantes específicas,Libro II,Título XXVII,Capítulo I,,delitos,NO,0,,Las penas previstas en los Artículos anteriores pueden ser rebajadas hasta en dos tercios (2/3) cuando concurra alguna de las circunstancias siguientes:  1) El valor del perjuicio causado o de los bie
480,Art. 480 CP,Malversación imprudente,Libro II,Título XXVII,Capítulo I,,delitos,SI,2,Peculado; Peculado de uso,"El funcionario o empleado público que por imprudencia grave extravía, daña o permite que otros se apoderen ilícitamente de bienes del Estado cuya administración, tenencia o custodia se le haya confiad"
481,Art. 481 CP,Disposiciones generales,Libro II,Título XXVII,Capítulo I,,delitos,SI,3,Malversación de caudales públicos; Malversación imprudente; Malversación de fondos de cooperación,"Las disposiciones de este capítulo son extensivas en los casos siguientes:  1) A los encargados por cualquier concepto de fondos, rentas, caudales o efectos de la Administración Pública;  2) A las per"
482,Art. 482 CP,Fraude,Libro II,Título XXVII,Capítulo II,,delitos,SI,10,Cohecho propio; Cohecho propio pasivo; Cohecho activo; Cohecho pasivo propio; Cohecho pasivo impropio...,"El funcionario o empleado público que, interviniendo por razón de su cargo en cualesquiera de las modalidades de contratación pública o en liquidaciones de efectos o haberes públicos, se concierta con"
483,Art. 483 CP,Exacciones ilegales,Libro II,Título XXVII,Capítulo II,,delitos,NO,0,,"El funcionario o empleado público que exige directa o indirectamente el pago, para sí o un tercero, de un impuesto, contribución, arancel, tasa o cualquier otra cantidad que no son debidos o en cuantí"
484,Art. 484 CP,Enriquecimiento ilícito,Libro II,Título XXVII,Capítulo III,,delitos,SI,1,Concusión,"El funcionario o empleado público que incrementa su patrimonio en más de Quinientos Mil Lempiras (L.500,000) por encima de sus ingresos legítimos durante el ejercicio de sus funciones y hasta dos (2) "
485,Art. 485 CP,Negociaciones incompatibles de funcionario o empleado público,Libro II,Título XXVII,Capítulo IV,,delitos,NO,0,,"El funcionario o empleado público que debiendo intervenir por razón de su cargo en cualquier clase de contrato, asunto, operación o actividad, se aprovecha de tal circunstancia para forzar o facilitar"
486,Art. 486 CP,"Negociaciones incompatibles de perito, árbitro y contadores",Libro II,Título XXVII,Capítulo IV,,delitos,SI,1,Enriquecimiento ilícito,"Los peritos, árbitros y contadores que se conducen del modo previsto en el artículo anterior, respecto de los bienes o cosas en cuya tasación, partición o adjudicación intervienen y los tutores, curad"
487,Art. 487 CP,Asesoramiento ilegal,Libro II,Título XXVII,Capítulo IV,,delitos,NO,0,,"El funcionario o empleado público que fuera de los casos permitidos por las leyes o reglamentos, realiza por sí o por persona interpuesta, una actividad profesional o de asesoramiento permanente o acc"
488,Art. 488 CP,Uso de información privilegiada,Libro II,Título XXVII,Capítulo IV,,delitos,NO,0,,El funcionario o empleado público que hace uso de un secreto o información de los que tenga conocimiento exclusivamente por razón de su oficio o cargo para obtener un beneficio económico para sí o par
489,Art. 489 CP,Solicitud de actos de contenido sexual,Libro II,Título XXVII,Capítulo IV,,delitos,SI,3,Negociaciones prohibidas; Negociación prohibida a funcionario; Negociación prohibida a funcionario electo,"El funcionario o empleado público que solicita sexualmente de cualquier modo a una persona que tiene pretensiones pendientes de resolución, dictamen, informe o tramitación de aquél, para beneficio de "
490,Art. 490 CP,Tráfico de influencias cometido por funcionario público,Libro II,Título XXVII,Capítulo V,,delitos,NO,0,,El funcionario o empleado público que influye en otro funcionario o empleado público prevaliéndose del ejercicio de las facultades de su cargo o de cualquier otra situación derivada de su relación per
491,Art. 491 CP,Tráfico de influencias cometido por particular,Libro II,Título XXVII,Capítulo V,,delitos,SI,1,Tráfico de influencias,"El particular que influye en un funcionario o empleado público, prevaliéndose de cualquier situación derivada de su relación personal con éste o con otro funcionario o empleado público, para conseguir"
492,Art. 492 CP,Cohecho propio,Libro II,Título XXVII,Capítulo VI,,delitos,SI,1,Exacciones ilegales,"El funcionario o empleado público que, en provecho propio o de un tercero, recibe, solicita o acepta, por sí o por otra persona o entidad, dádiva, favor, promesa o retribución de cualquier clase para "
493,Art. 493 CP,Cohecho impropio,Libro II,Título XXVII,Capítulo VI,,delitos,NO,0,,"El funcionario o empleado público que, en provecho propio o de un tercero, recibe, solicita o acepta, por sí o por persona interpuesta, dádiva, favor, promesa o retribución de cualquier clase para rea"
494,Art. 494 CP,Cohecho posterior al acto,Libro II,Título XXVII,Capítulo VI,,delitos,NO,0,,"Se deben imponer las penas previstas en los artículos precedentes, en sus respectivos casos, cuando la dádiva, favor, promesa o retribución se recibe, solicita o acepta por el funcionario o empleado p"
495,Art. 495 CP,Cohecho por consideración al cargo,Libro II,Título XXVII,Capítulo VI,,delitos,SI,2,Infidelidad en custodia de documentos; Deslealtad profesional de abogado,"El funcionario o empleado público que, en provecho propio o de un tercero, admite, por sí o por persona interpuesta, dádiva o regalo que le fueren ofrecidos en consideración a su cargo o función, debe"
496,Art. 496 CP,Cohecho cometido por particular,Libro II,Título XXVII,Capítulo VI,,delitos,NO,0,,"Quien ofrece o entrega, por sí o por persona interpuesta, dádiva, favor, promesa o retribución de cualquier clase a un funcionario o empleado público para los fines descritos en los artículos preceden"
497,Art. 497 CP,Concusión,Libro II,Título XXVII,Capítulo VI,,delitos,SI,2,Usurpación de funciones; Usurpación de funciones militares,"El funcionario o empleado público que abusando de su cargo o de sus funciones exige, obliga, fuerza o induce a alguien a dar o prometer al mismo funcionario o empleado público o a un tercero, dinero o"
498,Art. 498 CP,Prevaricato administrativo,Libro II,Título XXVII,Capítulo VII,,delitos,SI,4,Prevaricato judicial; Prevaricato administrativo; Prevaricato por omisión; Prevaricato judicial grave,"El funcionario o empleado público que, a sabiendas de su injusticia, dicta resolución arbitraria en asunto administrativo, debe ser castigado con la pena de inhabilitación especial para cargo u oficio"
499,Art. 499 CP,Abuso de autoridad,Libro II,Título XXVII,Capítulo VIII,,delitos,SI,3,Abuso de autoridad; Nombramiento ilegal; Nombramiento ilegal agravado,"Comete el delito de abuso de autoridad y debe ser castigado con la pena de inhabilitación especial para empleo o cargo público de tres (3) a seis (6) años, el funcionario o empleado público, que ejecu"
500,Art. 500 CP,"Anticipación, prolongación y abandono de funciones públicas",Libro II,Título XXVII,Capítulo VIII,,delitos,SI,2,Abandono de funciones públicas; Abandono de cargo,"Quien comienza a desempeñar un cargo o empleo público sin que concurran los requisitos legalmente establecidos para ello, debe ser castigado con la pena de inhabilitación especial para empleo o cargo "
501,Art. 501 CP,"Sustracción, destrucción, ocultación o inutilización de documento en custodia",Libro II,Título XXVII,Capítulo IX,,delitos,NO,0,,"El funcionario o empleado público que, a sabiendas, sustrae, destruye, inutiliza u oculta, total o parcialmente, documentos cuya custodia le está encomendada por razón de su cargo, debe ser castigado "
502,Art. 502 CP,Facilitar destrucción de documento en custodia,Libro II,Título XXVII,Capítulo IX,,delitos,SI,4,Desobediencia a la autoridad; Desobediencia grave; Desobediencia judicial; Desobediencia judicial agravada,"El funcionario o empleado público que, por razón de su cargo, tiene encomendada la custodia de documentos respecto de los que la autoridad competente ha restringido el acceso, y que a sabiendas destru"
503,Art. 503 CP,Acceso a documentos secretos,Libro II,Título XXVII,Capítulo IX,,delitos,SI,2,Resistencia; Resistencia grave,"El funcionario o empleado público no comprendido en el artículo anterior que, a sabiendas y sin la debida autorización, accediere o permitiere acceder a documentos secretos cuya custodia le esté confi"
504,Art. 504 CP,Responsabilidad de los particulares,Libro II,Título XXVII,Capítulo IX,,delitos,SI,3,Atentado contra la autoridad; Atentado agravado; Atentado contra agente de autoridad,"Deben ser castigados con las mismas penas que en los artículos anteriores los particulares encargados accidentalmente del despacho o custodia de documentos, por comisión del Gobierno o de las autorida"
505,Art. 505 CP,Revelación de secretos,Libro II,Título XXVII,Capítulo IX,,delitos,SI,1,Denegación de auxilio judicial,"El funcionario o empleado público que revela informaciones de las que tiene conocimiento por razón de su oficio o cargo y que no deben ser divulgadas, debe ser castigado con la pena de prisión de seis"
506,Art. 506 CP,Aprovechamiento de secreto o información privilegiada,Libro II,Título XXVII,Capítulo IX,,delitos,SI,4,Intrusismo profesional; Intrusismo profesional médico; Intrusismo profesional sanitario; Usurpación de títulos profesionales,"El particular que obtiene un beneficio indebido para sí o para un tercero, como consecuencia del secreto o la información privilegiada que ha obtenido de un funcionario público o autoridad, debe ser c"
507,Art. 507 CP,Usurpación de funciones y simulación de cargo por particular,Libro II,Título XXVII,Capítulo X,,delitos,NO,0,,"Quien sin autorización legal ejerce actos propios de un funcionario o empleado público atribuyéndose carácter oficial, debe ser castigado con las penas de prisión de seis (6) meses a dos (2) años y mu"
508,Art. 508 CP,Agravantes específicas,Libro II,Título XXVII,Capítulo XI,,delitos,NO,0,,Las penas previstas en este título pueden incrementarse hasta un máximo de un cuarto (1/4) cuando concurra alguna de las circunstancias siguientes:  1) Se causa con el delito un grave quebranto para u
509,Art. 509 CP,Punición de actos preparatorios,Libro II,Título XXVII,Capítulo XI,,delitos,NO,0,,"La conspiración, proposición o provocación para cometer delitos contra la Administración Pública debe ser castigada con las penas correspondientes reducidas en un tercio (1/3)."
510,Art. 510 CP,Colaboración eficaz con las autoridades,Libro II,Título XXVII,Capítulo XI,,delitos,SI,2,Delitos electorales; Fraude electoral,Pueden rebajarse las penas a imponer hasta un máximo de dos tercios (2/3) si el culpable de los hechos tipificados en este título colabora de manera eficaz con las autoridades para prevenir la comisió
511,Art. 511 CP,Responsabilidad de las personas jurídicas,Libro II,Título XXVII,Capítulo XI,,delitos,NO,0,,"Cuando de acuerdo con lo establecido en el Artículo 102 del presente Código, una persona jurídica sea responsable de los delitos de fraude, tráfico de influencias o cohecho contenidos en este título, "
512,Art. 512 CP,Reincidencia internacional,Libro II,Título XXVII,Capítulo XI,,delitos,NO,0,,"La condena de un órgano jurisdiccional extranjero por delitos de la misma naturaleza que los previstos en este título, produce los efectos de la reincidencia, salvo que los antecedentes penales hayan "
513,Art. 513 CP,Encubrimiento,Libro II,Título XXVIII,Capítulo I,,delitos,SI,5,Encubrimiento; Encubrimiento por funcionario; Encubrimiento personal; Encubrimiento real; Encubrimiento de delito grave,"Quien con conocimiento de la comisión de un delito y sin haber participado en el mismo, interviene posteriormente en auxilio de los responsables, concurriendo alguna de las circunstancias siguientes: "
514,Art. 514 CP,Eximente de responsabilidad,Libro II,Título XXVIII,Capítulo I,,delitos,SI,2,Obstrucción a la justicia; Obstrucción a la justicia por funcionario,"Están exentos de las penas impuestas a los encubridores, quienes lo sean de su cónyuge o persona con la que mantiene una relación estable de análoga naturaleza, de su ascendiente, descendiente dentro "
515,Art. 515 CP,Omisión del deber de perseguir delitos,Libro II,Título XXVIII,Capítulo I,,delitos,SI,4,Omisión de perseguir delitos; Omisión de perseguir delitos por funcionario; Omisión de perseguir delito leve; Omisión del deber de perseguir delitos graves,"El funcionario o empleado público que, faltando a la obligación de su cargo, no promueva o deje de promover la persecución de los delitos de que tenga noticia o de sus responsables, o no realice los t"
516,Art. 516 CP,Prevaricato judicial,Libro II,Título XXVIII,Capítulo II,,delitos,NO,0,,El Juez o Tribunal que a sabiendas dicta resolución injusta debe ser castigado con la pena de prisión de tres (3) a seis (6) años e inhabilitación especial para cargo u oficio público de quince (15) a
517,Art. 517 CP,Denegación de justicia,Libro II,Título XXVIII,Capítulo II,,delitos,NO,0,,"El Juez o Tribunal que se niega a juzgar sin causa legal o alegando oscuridad, insuficiencia o silencio de la Ley, debe ser castigado con pena de inhabilitación especial para empleo o cargo público po"
518,Art. 518 CP,Realización arbitraria del propio derecho,Libro II,Título XXVIII,Capítulo II,,delitos,NO,0,,"Quien para realizar un derecho propio, actuando fuera de las vías legales, empleare violencia, intimidación o fuerza en las cosas, debe ser castigado con la pena de prisión de seis (6) meses a un (1) "
519,Art. 519 CP,Falso testimonio,Libro II,Título XXVIII,Capítulo II,,delitos,SI,2,Falso testimonio; Perjurio,"El testigo que en causa judicial falta a la verdad en su testimonio, debe ser castigado con la pena de prisión de cinco (5) a siete (7) años y multa de cien (100) a cuatrocientos (400) días.  Con las "
520,Art. 520 CP,Intimidación a testigos y otros intervinientes en el proceso penal,Libro II,Título XXVIII,Capítulo II,,delitos,SI,1,Falso testimonio en causa criminal,"Quien con violencia o intimidación intenta influir sobre quien sea denunciante, parte, imputado, abogado, procurador, testigo, perito o intérprete en un procedimiento para que modifique su actuación p"
521,Art. 521 CP,Revelación de identidad de testigo protegido,Libro II,Título XXVIII,Capítulo II,,delitos,SI,3,Denuncia falsa; Simulación de delito; Acusación falsa,"Quien a sabiendas de la condición de testigo protegido de una persona, da a conocer sus datos personales, paradero o cualquier otra circunstancia que haga peligrar su protección, debe ser castigado co"
522,Art. 522 CP,Delito de falta de registro de clientes y su identificación,Libro II,Título XXVIII,Capítulo II,,delitos,SI,2,Denuncia falsa con acusación de delito grave; Simulación de delito grave,"Los titulares de las empresas e instituciones que brindan servicios de comunicaciones o aquellos en quienes deleguen, que omitan la obligación de registrar o identificar a sus clientes, conforme a lo "
523,Art. 523 CP,Coacción judicial,Libro II,Título XXVIII,Capítulo III,,delitos,NO,0,,"Quien mediando violencia o intimidación coarta la actuación del Órgano Jurisdiccional competente o del Ministerio Público (MP) para obtener una decisión o resolución favorable, debe ser castigado con "
524,Art. 524 CP,Cohecho a sujetos procesales,Libro II,Título XXVIII,Capítulo III,,delitos,NO,0,,"Quien da, ofrece o promete dinero o cualquier otro beneficio a testigo, perito, consultor, intérprete o traductor, para que cometa falso testimonio, debe ser castigado con pena de prisión de dos (2) a"
525,Art. 525 CP,Desobediencia a mandato fiscal o judicial,Libro II,Título XXVIII,Capítulo III,,delitos,NO,0,,"Quien teniendo obligación legal de comparecer y habiendo sido legalmente citado por segunda vez por el Órgano Jurisdiccional competente o el Ministerio Público (MP), se abstiene de comparecer sin caus"
526,Art. 526 CP,Quebrantamiento de condena o medida,Libro II,Título XXVIII,Capítulo III,,delitos,NO,0,,"Quien quebranta su condena, medida de seguridad de internamiento, detención judicial, prisión preventiva o una medida cautelar, dictada en un procedimiento de violencia de género, debe ser castigado c"
527,Art. 527 CP,Favorecimiento de la evasión,Libro II,Título XXVIII,Capítulo III,,delitos,NO,0,,"El funcionario o empleado público encargado de la custodia o guarda de quienes se hallen cumpliendo condena que procura, facilita o permite la evasión de una persona legalmente detenida o condenada, d"
528,Art. 528 CP,Falsa denuncia o acusación,Libro II,Título XXVIII,Capítulo IV,,delitos,NO,0,,"Quien con conocimiento de su falsedad o manifiesto desprecio hacia la verdad, atribuye a una persona hechos que de ser ciertos serían constitutivos de infracción penal y lo hace ante funcionario o emp"
529,Art. 529 CP,Simulación de infracción inexistente,Libro II,Título XXVIII,Capítulo IV,,delitos,NO,0,,"Quien simula ser responsable o víctima de una infracción penal o denuncia una inexistente, provocando actuaciones procesales, ante funcionario público que por razón de su cargo tenga la obligación de "
530,Art. 530 CP,Deslealtad profesional,Libro II,Título XXVIII,Capítulo IV,,delitos,SI,5,Quebrantamiento de condena; Quebrantamiento de medidas cautelares; Quebrantamiento de condena leve; Libertad condicional quebrantada; Quebrantamiento de orden de protección,"El profesional que asesora o asume la defensa o representación de una persona y, sin consentimiento de la misma, simultáneamente presta asesoramiento, defiende, representa o facilita información sobre"
531,Art. 531 CP,Delitos contra la administración de justicia de la Corte Penal Internacional,Libro II,Título XXVIII,Capítulo V,,delitos,NO,0,,Lo dispuesto en los capítulos precedentes de este título es de aplicación a los hechos cometidos contra la Administración de Justicia de la Corte Penal Internacional.
532,Art. 532 CP,Rebelión,Libro II,Título XXIX,Capítulo I,,delitos,NO,0,,"Quienes se alzan en armas para derrocar al gobierno legítimamente constituido o cambiar o suspender total o parcialmente el sistema constitucional democrático vigente, deben ser castigados con las pen"
533,Art. 533 CP,Punición de actos preparatorios,Libro II,Título XXIX,Capítulo I,,delitos,NO,0,,"La conspiración, proposición o provocación para cometer el delito de rebelión, debe ser castigada con las penas de prisión de dos (2) a cuatro (4) años e inhabilitación absoluta de cuatro (4) a seis ("
534,Art. 534 CP,Infracción del deber de resistencia,Libro II,Título XXIX,Capítulo I,,delitos,NO,0,,"Los funcionarios o empleados públicos que estando obligados por razón de su cargo o funciones, no utilizan los medios legales a su alcance para contener una rebelión, deben ser castigados con la pena "
535,Art. 535 CP,Sedición,Libro II,Título XXIX,Capítulo I,,delitos,NO,0,,"Deben ser castigados con la pena de prisión de tres (3) a cinco (5) años e inhabilitación especial para cargo u oficio público por tiempo de cinco (5) a diez (10) años, quienes sin las finalidades com"
536,Art. 536 CP,Punición de actos preparatorios,Libro II,Título XXIX,Capítulo I,,delitos,NO,0,,"La conspiración, proposición o provocación para cometer el delito de sedición, debe ser castigada con las penas de prisión de uno (1) a tres (3) años e inhabilitación especial para cargo u oficio públ"
537,Art. 537 CP,Disposiciones comunes,Libro II,Título XXIX,Capítulo I,,delitos,NO,0,,Se debe imponer la pena de prisión respectivamente prevista rebajada a la mitad (1/2) cuando los autores de los delitos regulados en este capítulo se disuelvan o se sometan a la autoridad legítima ant
538,Art. 538 CP,Ultraje a los símbolos nacionales,Libro II,Título XXIX,Capítulo II,,delitos,NO,0,,"Quien con publicidad ultraja alguno de los símbolos nacionales, debe ser castigado con la pena de prisión de seis (6) meses a un (1) año."
539,Art. 539 CP,"Muerte, lesiones o secuestro del Presidente de la República",Libro II,Título XXIX,Capítulo III,,delitos,NO,0,,"Quien dé muerte al Presidente de la República, Presidente o Jefe de Estado que esté de visita en nuestro país, debe ser castigado severamente con la pena máxima de prisión a perpetuidad sin prescripci"
540,Art. 540 CP,Punición de actos preparatorios,Libro II,Título XXIX,Capítulo III,,delitos,NO,0,,"La conspiración, proposición o provocación para cometer alguno de los delitos regulados en el artículo anterior, deben ser castigados con la pena de prisión respectiva reducida en un tercio (1/3)."
541,Art. 541 CP,Perturbación ilícita del funcionamiento de las instituciones,Libro II,Título XXIX,Capítulo III,,delitos,NO,0,,"Quienes con violencia, intimidación o fuerza invaden la sede del Congreso Nacional, de la Corte Suprema de Justicia (CSJ) o la Sede Titular del Poder Ejecutivo, cuando están reunidos en el ejercicio d"
542,Art. 542 CP,Coacción y amenaza electoral,Libro II,Título XXIX,Capítulo IV,,delitos,NO,0,,"Debe ser castigado con la pena de cuatro (4) a seis (6) años de prisión, quien ejecute alguna de las conductas siguientes:  1) Sin estar legítimamente autorizado, impidiere a otro mediante el uso o no"
543,Art. 543 CP,Falsificación de documentos electorales,Libro II,Título XXIX,Capítulo IV,,delitos,NO,0,,Quien falsifica documentos electorales debe ser castigado con las penas correspondientes al delito de falsificación de documentos públicos y pérdida de la ciudadanía por el mismo tiempo que dure la pr
544,Art. 544 CP,Otros delitos electorales,Libro II,Título XXIX,Capítulo IV,,delitos,NO,0,,"Debe ser castigados con la pena de cuatro (4) a seis (6) años de prisión, quien incurra en los actos siguientes:  1) Retardo injustificado en la formación, expedición o publicación de los documentos e"
545,Art. 545 CP,Pena adicional a los extranjeros,Libro II,Título XXIX,Capítulo IV,,delitos,NO,0,,"Además de la pena que pueda corresponder por el delito cometido, el extranjero que obstaculice en cualquier forma la función electoral ose inmiscuya públicamente en asuntos políticos internos, debe se"
546,Art. 546 CP,Suplantación de identidad hondureña para ejercer sufragio,Libro II,Título XXIX,Capítulo IV,,delitos,NO,0,,"El extranjero que en forma ilícita porte Tarjeta de Identidad como hondureño y que ejerza el sufragio, debe ser sancionado con la pena de diez (10) años de prisión, sin perjuicio de su expulsión del p"
547,Art. 547 CP,Destrucción de propaganda,Libro II,Título XXIX,Capítulo IV,,delitos,NO,0,,"Quienes dolosamente deterioren o destruyan propaganda electoral colocada en lugares públicos autorizados, deben ser sancionados con la pena de multa de cien (100) a doscientos (200) días."
548,Art. 548 CP,Limitación o Impedimento de determinados derechos fundamentales,Libro II,Título XXIX,Capítulo V,,delitos,NO,0,,"Debe ser castigado con las penas de prisión de dos (2) a cinco (5) años e inhabilitación especial para empleo o cargo público de diez (10) a quince (15) años, salvo que el hecho esté castigado con pen"
549,Art. 549 CP,Impedimento del ejercicio de otros derechos reconocidos en la Constitución,Libro II,Título XXIX,Capítulo V,,delitos,NO,0,,"El funcionario o empleado público que arbitrariamente y abusando de sus funciones, impide o limita a una persona el ejercicio legítimo de otros derechos reconocidos por la Constitución, debe ser casti"
550,Art. 550 CP,Obstaculización del ejercicio de la libertad religiosa y sus manifestaciones,Libro II,Título XXIX,Capítulo V,,delitos,NO,0,,"Debe ser castigado con la pena de prisión de uno (1) a tres (3) años, quien por medio de violencia, intimidación o fuerza en las cosas, ejecute algunas de las conductas siguientes:  1) Obliga o impide"
551,Art. 551 CP,Ofensas a los sentimientos religiosos,Libro II,Título XXIX,Capítulo V,,delitos,NO,0,,"Debe ser castigado con la pena de arresto domiciliario de seis (6) a nueve (9) meses o prestación de servicios de utilidad pública o a las víctimas de cinco (5) meses a un (1) año, quien para ofender "
552,Art. 552 CP,Violación de sepulturas y profanación de cadáveres,Libro II,Título XXIX,Capítulo V,,delitos,NO,0,,"Quien faltando al respeto debido a la memoria de los muertos, viola sepulturas, sepulcros, urnas funerarias o en cualquier forma profana un cadáver humano o sus restos, debe ser castigado con la pena "
553,Art. 553 CP,Reuniones y manifestaciones ilícitas,Libro II,Título XXIX,Capítulo V,,delitos,SI,2,Asociación terrorista; Terrorismo,Son reuniones o manifestaciones ilícitas las siguientes:  1) Las que se convocan con la expresa finalidad de cometer delitos. Para que concurra este supuesto es necesario que exista una planificación 
554,Art. 554 CP,Asociación para delinquir,Libro II,Título XXIX,Capítulo V,,delitos,SI,3,Asociación para delinquir; Organización criminal; Asociación ilícita,"Son asociaciones ilícitas las constituidas, sea de modo permanente o transitorio, por dos (2) o más personas con la finalidad de cometer ilícitos penales. Asimismo se consideran asociaciones ilícitas "
555,Art. 555 CP,Traición a la patria,Libro II,Título XXX,Capítulo I,,delitos,NO,0,,"El hondureño que ejecuta actos que tiendan directamente a menoscabar la integridad territorial de la república, someterla total o parcialmente al dominio extranjero, comprometer su soberanía o atentar"
556,Art. 556 CP,Inducción a actos de agresión contra la nación,Libro II,Título XXX,Capítulo I,,delitos,NO,0,,"El hondureño que induce a una potencia extranjera a declarar la guerra a Honduras o pacta con ella para el mismo fin, debe ser castigado con las penas de prisión de quince (15) a veinte (20) años e in"
557,Art. 557 CP,Ataque a señales fronterizas,Libro II,Título XXX,Capítulo I,,delitos,NO,0,,"Quien destruye, remueve o moviliza los hitos, boyas o señales que marcan las fronteras nacionales, debe ser castigado con las penas de prisión de tres (3) a seis (6) años e inhabilitación absoluta dur"
558,Art. 558 CP,Levantamiento ilegal de planos de fortificaciones u otras obras,Libro II,Título XXX,Capítulo I,,delitos,NO,0,,"Quien sin estar debidamente autorizado levanta planos de fortificaciones, cuarteles, edificios, terrenos, buques, aeronaves, arsenales, vías u obras o instalaciones militares de todo tipo destinadas a"
559,Art. 559 CP,Declaratoria ilegal de guerra o de paz,Libro II,Título XXX,Capítulo I,,delitos,NO,0,,"Los miembros del gobierno que sin cumplir con lo dispuesto en la Constitución de la República, declaran la guerra o firman la paz, deben ser castigados con las penas de prisión de quince (15) a veinte"
560,Art. 560 CP,Delitos que comprometen la neutralidad,Libro II,Título XXX,Capítulo I,,delitos,NO,0,,"Quien realiza algunos de los delitos previstos en los preceptos precedentes contra un Estado aliado de Honduras en guerra o conflicto armado, poniendo en peligro la alianza o la neutralidad de Hondura"
561,Art. 561 CP,Punición de actos preparatorios,Libro II,Título XXX,Capítulo I,,delitos,NO,0,,"La conspiración, proposición o provocación a cualquiera de los delitos previstos en los artículos anteriores, debe ser castigada con las penas correspondientes reducidas en un tercio (1/3)."
562,Art. 562 CP,Pena de pérdida de la ciudadanía y nacionalidad,Libro II,Título XXX,Capítulo I,,delitos,NO,0,,"Si la persona condenada por alguno de los delitos de los preceptos anteriores es hondureño naturalizado, se le debe imponer además, la pérdida de la nacionalidad. Si se tratara de hondureño originario"
563,Art. 563 CP,Espionaje,Libro II,Título XXX,Capítulo II,,delitos,NO,0,,"Quien sin estar legítimamente autorizado y para favorecer a un gobierno u organización extranjera, revela información clasificada contenida en archivos físicos o electrónicos sobre inventario armament"
564,Art. 564 CP,Incitación a la guerra o a la represalia,Libro II,Título XXX,Capítulo III,,delitos,NO,0,,"Quien sin justificación alguna realiza actos que puedan dar lugar a un conflicto bélico con Honduras o a que sufran represalias los hondureños que vivan en el Estado extranjero, ya sea en su persona o"
565,Art. 565 CP,"Reclutamiento de tropas, utilización del territorio nacional y reclutamiento de mercenarios",Libro II,Título XXX,Capítulo III,,delitos,NO,0,,"Quien dentro del territorio nacional recluta u obliga a personas civiles, prisioneros de guerra u otra persona privada de libertad, a servir o formar en parte de las tropas al servicio de una nación e"
566,Art. 566 CP,"Violación de tregua o pacto, salvoconducto o tratado",Libro II,Título XXX,Capítulo III,,delitos,NO,0,,"Quien viola la tregua acordada entre Honduras y otro Estado o entre las fuerzas armadas de ambos países, vulnera los salvoconductos debidamente expedidos, o impide o perturba el cumplimiento de un tra"
567,Art. 567 CP,Incumplimiento de contratos relativos a la seguridad de la Nación,Libro II,Título XXX,Capítulo III,,delitos,NO,0,,"Quien incumple deliberadamente obligaciones contractuales relativas a necesidades de las fuerzas armadas, encontrándose la nación en guerra, debe ser castigado con las penas de prisión de cinco (5) a "
568,Art. 568 CP,Sabotaje,Libro II,Título XXX,Capítulo III,,delitos,NO,0,,"Quien daña instalaciones, edificaciones, vías, obras u objetos necesarios o útiles para la defensa nacional, con el propósito de perjudicar el esfuerzo bélico y encontrándose la nación en guerra, debe"
569,Art. 569 CP,Responsabilidad de las personas jurídicas,Libro II,Título XXX,Capítulo III,,delitos,SI,4,Desórdenes públicos; Alteración del orden público; Lanzamiento de objetos peligrosos; Propaganda ilegal,"Cuando de acuerdo con lo establecido en el Artículo 102 del presente Código una persona jurídica sea responsable de los delitos recogidos en este título, se le debe imponer la pena de disolución de la"
570,Art. 570 CP,Atentado,Libro II,Título XXXI,Capítulo I,,delitos,SI,1,Desórdenes públicos agravados,"Quien acomete contra la autoridad, funcionarios o empleados públicos, los intimida gravemente, hace resistencia activa grave o emplea la fuerza contra ellos, cuando están en el ejercicio de las funcio"
571,Art. 571 CP,Punición de actos preparatorios,Libro II,Título XXXI,Capítulo I,,delitos,SI,1,Desórdenes en espectáculos,"La conspiración, proposición o provocación a un delito de atentado debe ser castigada en su caso, con la pena correspondiente disminuida en un tercio (1/3)."
572,Art. 572 CP,Desobediencia,Libro II,Título XXXI,Capítulo I,,delitos,SI,2,Rebelión; Alzamiento público,"Quienes sin estar comprendidos en los artículos anteriores, desobedecen gravemente a la autoridad, funcionarios o empleados públicos en el ejercicio de sus funciones, deben ser castigados con las pena"
573,Art. 573 CP,Desórdenes públicos,Libro II,Título XXXI,Capítulo II,,delitos,SI,1,Sedición,"Quien mediante violencia o intimidación grave atemoriza a una población o parte de ésta, debe ser castigado con la pena de prisión de uno (1) a tres (3) años. Si se crea un grave peligro para la vida,"
574,Art. 574 CP,Perturbación del orden,Libro II,Título XXXI,Capítulo II,,delitos,NO,0,,"Quienes actuando en grupo perturban el orden público causando lesiones a las personas, produciendo daños o invadiendo con violencia o intimidación graves instalaciones o edificios, deben ser castigado"
575,Art. 575 CP,Disparo de arma de fuego,Libro II,Título XXXI,Capítulo II,,delitos,NO,0,,"Quien en población o en sitio concurrido dispara un arma de fuego u otro instrumento de similar potencialidad, debe ser castigado con las penas de prisión de seis (6) meses a un (1) año y suspensión d"
576,Art. 576 CP,Impedimento de tránsito a equipos de socorro o a centros de asistencia,Libro II,Título XXXI,Capítulo II,,delitos,NO,0,,"Quienes durante la realización de una reunión o manifestación lícita o ilícita, impiden el tránsito a elementos de socorro o asistencia pública o imposibilitan el acceso a centros de este último carác"
577,Art. 577 CP,Abuso de llamadas de emergencia,Libro II,Título XXXI,Capítulo II,,delitos,NO,0,,"Quien solicita los servicios del Sistema Nacional de Emergencias u otros servicios públicos de emergencia, provocando la activación de sus recursos sin existir razón para ello, debe ser castigado con "
578,Art. 578 CP,Construcción o facilitación de pistas de aterrizaje,Libro II,Título XXXI,Capítulo II,,delitos,NO,0,,"Quien sin autorización, construye, hace construir o permite que se construya o facilita la construcción o el uso de pistas, sitios de aterrizaje o atraque, para ser utilizados en trata de personas, tr"
579,Art. 579 CP,Introducción de objetos prohibidos,Libro II,Título XXXI,Capítulo II,,delitos,NO,0,,"El que ilícitamente introduzca, trate de introducir o permita que otro introduzca en centros penitenciarios, granjas penales, centros preventivos o en los centros de internamiento de niños, objetos pr"
580,Art. 580 CP,Tenencia o porte ilegal de armas de fuego,Libro II,Título XXXI,Capítulo III,,delitos,SI,3,Portación ilegal de armas; Tenencia ilícita de armas prohibidas; Tenencia de arma blanca,La tenencia de armas de fuego o municiones careciendo de las licencias o permisos necesarios debe ser castigada con las penas siguientes:  1) De uno (1) a cuatro (4) años y localización permanente de 
581,Art. 581 CP,"Depósito de armas de fuego, municiones o explosivos",Libro II,Título XXXI,Capítulo III,,delitos,SI,2,Posesión de armas de guerra; Fabricación de armas,"Quien sin autorización, posee un depósito de armas de fuego debe ser castigado con las penas siguientes:  1) De ocho (8) a doce (12) años y localización permanente de hasta cinco (5) años, si se trata"
582,Art. 582 CP,"Fabricación y tráfico ilícito de armas, municiones o explosivos",Libro II,Título XXXI,Capítulo III,,delitos,SI,1,Tráfico ilícito de armas,"Quien sin autorización fabrica, elabora artesanalmente, repara, manipula, modifica, comercia, transporta, importa o exporta armas de fuego, municiones, explosivos, sus piezas, componentes o materiales"
583,Art. 583 CP,Facilitación de armas a terceros,Libro II,Título XXXI,Capítulo III,,delitos,SI,1,Tráfico ilegal de explosivos,"Quien fuera de los casos permitidos por la Ley facilita o traspasa armas, municiones o explosivos a menores de edad o persona con discapacidad, debe ser castigado con las penas de prisión tres (3) a c"
584,Art. 584 CP,Agravantes específicas,Libro II,Título XXXI,Capítulo III,,delitos,NO,0,,Las penas previstas en este capítulo se incrementan hasta en un tercio (1/3) en los casos siguientes:  1) Los hechos son cometidos en el ámbito de un grupo delictivo organizado;  2) La conducta ha sid
585,Art. 585 CP,Atenuantes específicas,Libro II,Título XXXI,Capítulo III,,delitos,NO,0,,"El Órgano Jurisdiccional competente pueden atenuar en un tercio (1/3) las penas señaladas en los artículos anteriores, siempre que el culpable colabore con las autoridades de la manera siguiente:  1) "
586,Art. 586 CP,Penas privativas de derechos,Libro II,Título XXXI,Capítulo IV,,delitos,NO,0,,"En todos los supuestos previstos en los capítulos II y III de este título y junto a las penas respectivamente establecidas, se debe imponer la de inhabilitación especial por el doble del tiempo de la "
587,Art. 587 CP,Asociación terrorista,Libro II,Título XXXII,Capítulo IV,,delitos,NO,0,,"Son asociaciones terroristas las constituidas sea de modo permanente o transitorio, por dos (2) o más personas para cometer algún delito, con alguna de las finalidades siguientes:  1) Subvertir gravem"
588,Art. 588 CP,Colaboración sin pertenencia a la asociación terrorista,Libro II,Título XXXII,Capítulo IV,,delitos,NO,0,,"Quien fuera de los casos contemplados en el artículo anterior, colabora con una asociación terrorista proporcionando información sobre personas, hechos, bienes o instalaciones, poniendo a disposición "
589,Art. 589 CP,Delitos de terrorismo en particular,Libro II,Título XXXII,Capítulo IV,,delitos,NO,0,,Todos los delitos graves cometidos con finalidad terrorista y en todo caso las lesiones personales realizadas con esa finalidad tienen la consideración de delitos de terrorismo a efectos del presente 
590,Art. 590 CP,Atenuantes específicas,Libro II,Título XXXII,Capítulo IV,,delitos,NO,0,,Se puede disminuir la pena por los delitos de terrorismo hasta en dos tercios (2/3) si se ejecuta alguna de las conductas siguientes:  1) Confesión de las actividades delictivas en las que haya partic
591,Art. 591 CP,Asistencia a campos de entrenamiento,Libro II,Título XXXII,Capítulo IV,,delitos,NO,0,,"Quien asiste a campos o sesiones de entrenamiento con la finalidad de recibir adoctrinamiento o capacitación para la comisión de delitos terroristas, debe ser castigado con las penas de prisión de cin"
592,Art. 592 CP,Ciberterrorismo o terrorismo electrónico,Libro II,Título XXXII,Capítulo IV,,delitos,NO,0,,"Quien por cualquier medio o procedimiento y sin autorización, accede a un sistema informático de la Administración Pública del Estado o que preste servicios de carácter estatal, impide el acceso al mi"
593,Art. 593 CP,Punición de actos preparatorios,Libro II,Título XXXII,Capítulo IV,,delitos,NO,0,,"La conspiración, proposición o provocación para cometer los delitos recogidos en el presente capítulo debe ser castigada con la misma pena, que la corresponda en cada caso a la autoría, reducidas en u"
594,Art. 594 CP,Penas privativas de derechos,Libro II,Título XXXII,Capítulo IV,,delitos,NO,0,,"Se debe imponer la pena de inhabilitación especial para cargo u oficio público, profesión u oficio de hasta quince (15) años, a quienes se valieren del ejercicio de éstos para la ejecución del delito."
595,Art. 595 CP,Reincidencia internacional,Libro II,Título XXXII,Capítulo IV,,delitos,NO,0,,"La condena de un Órgano Jurisdiccional extranjero por delitos de la misma naturaleza que los previstos en este capítulo, produce los efectos de la reincidencia, salvo que los antecedentes penales haya"
596,Art. 596 CP,Responsabilidad de las personas jurídicas,Libro II,Título XXXII,Capítulo IV,,delitos,NO,0,,"Cuando de acuerdo con lo establecido en el Artículo 102 del presente Código una persona jurídica sea responsable de un delito de terrorismo, se le debe imponer la pena de disolución de la persona jurí"
