path,category,extension,size_bytes,lines,sha256,status_hint,recommended_action,priority,confidence,evidence_flags,rationale
package.json,root,.json,10766,218,2120b6ae737d07e2df1191520a88985dfc1c4fadd515f0be4b3f499a215932d8,review,MANTENER_Y_REVISAR,P3,Media,,No se confirmó obsolescencia en el análisis estático; conservar hasta validación dinámica.
proxy.ts,root,.ts,11966,290,4c428ba0d36b6da95db802fb726d60cc972636ccfa938db73176445f70feebff,review,CORREGIR_INMEDIATAMENTE,P0,Alta,,Bloquea rutas preautenticación/sistema protegidas por token o firma propia.
postcss.config.mjs,root,.mjs,94,8,dfac7ac2d86d326a0e5adb024e7943c181393ed17a5fcb8f0315b24c7da6ddde,review,MANTENER_Y_REVISAR,P3,Media,,No se confirmó obsolescencia en el análisis estático; conservar hasta validación dinámica.
AUDITORIA_COMPLETA_RECONSTRUCCION_INTRANET_SGIE_V2.md,root,.md,137873,5137,d4d0660b4d9b7795a3397e723e6f50bf560f38f4bd5eb1f52af7793473534da1,review,ARCHIVAR_Y_EXTRAER_ESTADO_VIGENTE,P1,Alta,,Macroauditoría histórica de 5.000+ líneas con afirmaciones no conectadas al runtime. Documento/auditoría histórica ocupando la raíz.
redesociales.md,root,.md,14702,422,ed98c6753aa43a7353609176f9b2bf4e45601bd3a57bde68047fda3450bfb712,review,MOVER_A_DOCS_AUDITS_ARCHIVE,P1,Alta,,Documento/auditoría histórica ocupando la raíz.
vitest.config.ts,root,.ts,1601,59,2a8f73ec00b8883959602cfef163fe74101588584342a740645fc9dd1e5ca537,review,MANTENER_Y_REVISAR,P3,Media,,No se confirmó obsolescencia en el análisis estático; conservar hasta validación dinámica.
drizzle.config.ts,root,.ts,226,11,3cafe5ca3329624f335525c34c153e89e99fc658ade4d2078b0ee638eb99f50a,review,MANTENER_Y_REVISAR,P3,Media,,No se confirmó obsolescencia en el análisis estático; conservar hasta validación dinámica.
AUDITORIA_SEO_GEO_LEGAL_PINEDA.md,root,.md,65302,892,2705424d0331939436fa8dffaf17099ef70688320b7247ab45b3f9d8cab19c5a,review,MOVER_A_DOCS_AUDITS_ARCHIVE,P1,Alta,,Documento/auditoría histórica ocupando la raíz.
vercel.json,root,.json,126,7,fd94ed3e159d53dcf05096dbbfc70e89d8d864dfb5ea79633f012bce363aa8ba,review,MANTENER_Y_REVISAR,P3,Media,,No se confirmó obsolescencia en el análisis estático; conservar hasta validación dinámica.
lighthouserc.json,root,.json,1002,32,3428e620baeab4ea1309442b3dd09daad05e82634da53c2bc8d5428b4ab090f7,review,MANTENER_Y_REVISAR,P3,Media,,No se confirmó obsolescencia en el análisis estático; conservar hasta validación dinámica.
playwright.config.ts,root,.ts,988,39,83770785cec2dd245dd8e57fff0b8282f9af48691ff66e7b2e75a886adc7cc2e,review,MANTENER_Y_REVISAR,P3,Media,,No se confirmó obsolescencia en el análisis estático; conservar hasta validación dinámica.
BingSiteAuth.xml,root,.xml,85,4,82693b38b002b44667ab8b3fe87105571343a661ea1843d9b298f56571b64246,review,MANTENER_Y_REVISAR,P3,Media,,No se confirmó obsolescencia en el análisis estático; conservar hasta validación dinámica.
.env.example,root,.example,20733,381,e19415797e09e2b75cbb18387b3b50264442f60f1bf3b9cb46af4089e7caa057,review,MANTENER_Y_REVISAR,P3,Media,,No se confirmó obsolescencia en el análisis estático; conservar hasta validación dinámica.
AGENTS.md,root,.md,11966,232,9586049071360dc06c41bec03623a6918053783c4e296efdd8fe9953310e4ada,review,REESCRIBIR_GOBERNANZA,P1,Alta,,Obliga a trabajar directamente en main y a acumular registros manuales.
package-lock.json,root,.json,574176,16633,3908cdb6e7dd1bfc6881fcd70e4032f9c270f1ee5991451406a50aa7dc6c120c,review,MANTENER_Y_REVISAR,P3,Media,,No se confirmó obsolescencia en el análisis estático; conservar hasta validación dinámica.
auditoria-acciones.md,root,.md,56527,842,36cceb6bd7a1d34b9d9f79fc24e12b8a7ab5c96807cddbd172980f542615e243,review,MOVER_A_DOCS_AUDITS_ARCHIVE,P1,Alta,,Documento/auditoría histórica ocupando la raíz.
AUDIT_REPOSITORY_REPORT.md,root,.md,15910,175,13f8745ecc166908e315ed6b1eaa8bea29974fd877eabeffe8feedde2086e544,review,MOVER_A_DOCS_AUDITS_ARCHIVE,P1,Alta,,Documento/auditoría histórica ocupando la raíz.
eslint.config.mjs,root,.mjs,1060,40,4dea300ccb1956eea439ca4e91ec39bff5168b8970574aca1dd4bf088bba9ca2,review,MANTENER_Y_REVISAR,P3,Media,,No se confirmó obsolescencia en el análisis estático; conservar hasta validación dinámica.
tsconfig.json,root,.json,777,35,44a2b28895296e3df9099341a626b2d79c357b62dd7fbd6c27b5e39e709dd249,review,MANTENER_Y_REVISAR,P3,Media,,No se confirmó obsolescencia en el análisis estático; conservar hasta validación dinámica.
PLAN_CORRECCION_VERACIDAD_SEO_GEO_PUBLICO.md,root,.md,4410,64,dac31bc36357e5e7d1dbf638d53b845e9d9dc91e2af56642d078804b99cca67f,review,MOVER_A_DOCS_AUDITS_ARCHIVE,P1,Alta,,Documento/auditoría histórica ocupando la raíz.
auditoriatotal.mc,root,.mc,38756,858,af1893cb659b87a1ad59786f25e2d3bdb67e1ab99ae2597e947b4033186328cf,review,ARCHIVAR_COMO_HISTORICO,P1,Alta,,Documento fechado se declara canónico pese a estar desactualizado. Documento/auditoría histórica ocupando la raíz.
README.md,root,.md,11629,244,7650e0906adcdd26d5f59b8f00065f63fe1179bf9ec41064bdebb8a7157d9f26,review,ACTUALIZAR,P1,Alta,,Versiones/comandos y fuente canónica documental no coinciden con el repo.
.gitignore,root,[none],8282,375,810b518e26b9eadef5aee2233db65c9d1b898e99b9f3494f6f10e4c5c4feab41,review,REESCRIBIR_COMPLETO,P1,Alta,,Contiene un bloque duplicado y reglas contradictorias para .env.example.
AUDITORIA_VERACIDAD_SEO_GEO_CONTENIDO_PUBLICO_PINEDA.md,root,.md,6722,109,86da6a7ab806b23daf07afec8bfcd5bc572449c622db542839a5a78484ae6855,review,MOVER_A_DOCS_AUDITS_ARCHIVE,P1,Alta,,Documento/auditoría histórica ocupando la raíz.
SEO_AUDIT_CHECKLIST.md,root,.md,18371,270,dc94870efc5e55901a42a1a64de7c9ac61430e4c4c9a06b4828c9e8e25f32b79,review,MOVER_A_DOCS_AUDITS_ARCHIVE,P1,Alta,,Documento/auditoría histórica ocupando la raíz.
CHANGELOG.md,root,.md,23814,253,057f064972f9ebf682faaf68360074b02b7c2023006b04ac389f785336405078,review,NORMALIZAR,P1,Alta,,Dos secciones Unreleased y orden cronológico inconsistente.
SEO_GEO_ACTION_PLAN.md,root,.md,21001,244,c213de53fb5cb762581dd687bf26f89a8d28d4b564e51374563a8d08030c48f4,review,MOVER_A_DOCS_AUDITS_ARCHIVE,P1,Alta,,Documento/auditoría histórica ocupando la raíz.
playwright.e2e.config.ts,root,.ts,1412,52,1ec1bddc3ad0a9281ebc072bf247093b44e98e5e103f28a8422f31708d8f30de,review,MANTENER_Y_REVISAR,P3,Media,,No se confirmó obsolescencia en el análisis estático; conservar hasta validación dinámica.
.vercelignore,root,[none],491,29,5b68a946145ab816d3ee57c8ccdacc04bdde35d3a0cd015ac47fd8caf4d1443a,review,MANTENER_Y_REVISAR,P3,Media,,No se confirmó obsolescencia en el análisis estático; conservar hasta validación dinámica.
next.config.ts,root,.ts,32037,406,975b74f6b94b02d74e0229202f3972cdabf08da657081bdd0626607c9e0e994c,review,MODULARIZAR_Y_RETIRAR_CONFIG_OBSOLETA,P2,Media,,Configuración extensa y header para endpoint visual-editor inexistente.
app/layout.tsx,app,.tsx,5425,138,9b690e357aa82674c6b5f0d4c2272d3feea33b2665adbaec9d22dccd397ac5a7,review,MANTENER_Y_REVISAR,P3,Media,runtime-entry,No se confirmó obsolescencia en el análisis estático; conservar hasta validación dinámica.
app/globals.css,app,.css,49444,1542,f34cb9ff737f62389d50896f465bcfd72bea52401ecc64968d60d1195505c2bb,review,MANTENER_Y_PLANIFICAR_REFACTORIZACION,P2,Alta,large_file:1542_lines,Supera el presupuesto recomendado de tamaño; candidato a modularización.
app/auth-context.tsx,app,.tsx,1304,59,89bf5afd5d0ccdde100ee12edd2143a0982e6fd47d69ed1e7cc51bd660901b5d,review,MANTENER_Y_REVISAR,P3,Media,runtime-reachable,No se confirmó obsolescencia en el análisis estático; conservar hasta validación dinámica.
app/favicon.ico,app,.ico,4208,,d6deaa79b58619fa4889f7cc5f21e5e61b08df9e42ff1e51cc57748d552b8f3c,review,MANTENER_Y_REVISAR,P3,Media,,No se confirmó obsolescencia en el análisis estático; conservar hasta validación dinámica.
app/article-modal.tsx,app,.tsx,3471,96,60dbbee58ce04df50c000b198dcb92d45f0dfd49f0c2acd0c76f73f99ae2e6f2,review,MANTENER_Y_REVISAR,P3,Media,runtime-reachable,No se confirmó obsolescencia en el análisis estático; conservar hasta validación dinámica.
app/robots.ts,app,.ts,4252,184,1be7fd014e46c9bb0583ec2d41a15725216cec163d6f0b4c86e080a806407e1b,review,MANTENER_Y_REVISAR,P3,Media,runtime-entry,No se confirmó obsolescencia en el análisis estático; conservar hasta validación dinámica.
app/not-found.tsx,app,.tsx,2039,47,67fb3cdfc36d223313629b744a999756b6e132a7039e9b80401130b013f40378,review,MANTENER_Y_REVISAR,P3,Media,runtime-entry,No se confirmó obsolescencia en el análisis estático; conservar hasta validación dinámica.
app/error.tsx,app,.tsx,2883,76,4577a81711c14d9d8ea49271d0e9b252f7e6c60aed2157b13481fc143f86d73d,review,MANTENER_Y_REVISAR,P3,Media,runtime-entry,No se confirmó obsolescencia en el análisis estático; conservar hasta validación dinámica.
app/types.ts,app,.ts,1384,52,c4cc50f9ec6e012e15dcf473f35edf0c0ee641d03528f26e90c14955185bde93,review,INTEGRAR_EN_RUNTIME_O_RETIRAR,P1,Alta,,Solo está conectado a pruebas; no al producto.
app/sitemap.ts,app,.ts,10262,217,b5d58ebd2d0904a999722eec98cde20fdcb0b8de30416326c62453211a01d992,review,MANTENER_Y_REVISAR,P3,Media,runtime-entry,No se confirmó obsolescencia en el análisis estático; conservar hasta validación dinámica.
app/global-error-boundary.tsx,app,.tsx,2351,68,ece1be7655f046d53a018a8950bfb5c789a692cb33b0e1bc628478553b937b38,review,MANTENER_Y_REVISAR,P3,Media,runtime-reachable,No se confirmó obsolescencia en el análisis estático; conservar hasta validación dinámica.
app/error-boundary.tsx,app,.tsx,1377,49,f16c47e32ce5e302081a15de4b27ea80d1f65aceeb8140b0fc42838f32a47d6b,review,MANTENER_Y_REVISAR,P3,Media,runtime-reachable,No se confirmó obsolescencia en el análisis estático; conservar hasta validación dinámica.
app/theme-context.tsx,app,.tsx,1132,46,a2019fb17fd38c913db0da7c2c40c1872d1a4514309d27a8af906f7399bc8a23,review,MANTENER_Y_REVISAR,P3,Media,runtime-reachable,No se confirmó obsolescencia en el análisis estático; conservar hasta validación dinámica.
components/analytics-scripts.tsx,components,.tsx,8744,245,30aa77cf691168c604c6925057182f21a9b723c627c60f39c231be166c14a330,review,MANTENER_Y_REVISAR,P3,Media,runtime-reachable,No se confirmó obsolescencia en el análisis estático; conservar hasta validación dinámica.
components/cookie-consent.tsx,components,.tsx,8163,192,8dc7471914fbcce2daad336b15b293d58abf7db63529433b2360314dde9ed5ac,review,MANTENER_Y_REVISAR,P3,Media,runtime-reachable,No se confirmó obsolescencia en el análisis estático; conservar hasta validación dinámica.
auditoria_seo/README_AUDITORIA_BING.md,audit-output,.md,1247,16,df9aa7266da7b8ceb5b9af335bdab82495b7fc1f66ac3478a5ec1b020293833e,historical-audit-review,ARCHIVAR_FUERA_DE_RAIZ_O_RETENER_RESUMEN,P2,Alta,,Salida puntual de auditoría/exportación; no es runtime.
.backups/fase6d-lote-12-backup.json,backups,.json,137476,747,66313d00e0fb412777db558b24008198303b6e4e773bc585a87db5eafac7aa61,delete-or-externalize,EXTERNALIZAR_O_ELIMINAR_TRAS_VALIDAR,P1,Alta,,Backup local dentro del árbol; no debe convivir con el código fuente.
.backups/fase6-lote-11-backup.json,backups,.json,125142,644,c9ea7e88b80b2a68033f2d32999f39f314b551e1408696a68af551712f8eabed,delete-or-externalize,EXTERNALIZAR_O_ELIMINAR_TRAS_VALIDAR,P1,Alta,,Backup local dentro del árbol; no debe convivir con el código fuente.
.backups/fase6-lote-8-backup.json,backups,.json,109179,742,a8387e71c7df8dd8e8aefd59bd27fa65dc6ea1bc79d67c57b39542cb5b09420a,delete-or-externalize,EXTERNALIZAR_O_ELIMINAR_TRAS_VALIDAR,P1,Alta,,Backup local dentro del árbol; no debe convivir con el código fuente.
.backups/fase6-lote-5-backup.json,backups,.json,123743,748,46fbf72f5ff1e03473ca949fc8eb7c56d3193e226017ec58fe5b7e249c05d69b,delete-or-externalize,EXTERNALIZAR_O_ELIMINAR_TRAS_VALIDAR,P1,Alta,,Backup local dentro del árbol; no debe convivir con el código fuente.
.backups/fase6d-lote-14-backup.json,backups,.json,126361,645,3452155055b18464ae539ffda9ef4606f5e367698f8efc80dace1ce533600573,delete-or-externalize,EXTERNALIZAR_O_ELIMINAR_TRAS_VALIDAR,P1,Alta,,Backup local dentro del árbol; no debe convivir con el código fuente.
.backups/fase6-lote-7-backup.json,backups,.json,131953,743,aaa58a0f749b0022375f5108f558988ad5bba61cea3a299a5b62f07e3a50b082,delete-or-externalize,EXTERNALIZAR_O_ELIMINAR_TRAS_VALIDAR,P1,Alta,,Backup local dentro del árbol; no debe convivir con el código fuente.
.backups/fase6-lote-10-backup.json,backups,.json,141905,744,6948f2130bb7c59f40d51828b13ac048b39ee7b23704aa8d92949de2dd43194c,delete-or-externalize,EXTERNALIZAR_O_ELIMINAR_TRAS_VALIDAR,P1,Alta,,Backup local dentro del árbol; no debe convivir con el código fuente.
.backups/fase6d-lote-13-backup.json,backups,.json,134801,766,8ecc5c71ed2269a8ee2db420b547230ef70f623984a6f3360e10bb41168c1204,delete-or-externalize,EXTERNALIZAR_O_ELIMINAR_TRAS_VALIDAR,P1,Alta,,Backup local dentro del árbol; no debe convivir con el código fuente.
.backups/fase6d-pre-restore-wrong-articles.json,backups,.json,133995,698,4b5fc3ef48c30cf8496ab016fb41659e4a6c5946947d7985a003100fc32f9b5b,delete-or-externalize,EXTERNALIZAR_O_ELIMINAR_TRAS_VALIDAR,P1,Alta,,Backup local dentro del árbol; no debe convivir con el código fuente.
.backups/fase6-lote-6-backup.json,backups,.json,134545,748,b45d970e7c197e7d18d6e45421629ebcb6254e8785d0761eedfd16d24db98bce,delete-or-externalize,EXTERNALIZAR_O_ELIMINAR_TRAS_VALIDAR,P1,Alta,,Backup local dentro del árbol; no debe convivir con el código fuente.
.backups/fase6-lote-9-backup.json,backups,.json,136236,748,0dfe671945aeca45fe7af1559576c4d9dfa94c4702658973e1efebcf3e03721a,delete-or-externalize,EXTERNALIZAR_O_ELIMINAR_TRAS_VALIDAR,P1,Alta,,Backup local dentro del árbol; no debe convivir con el código fuente.
scripts/bing-auth-status.mjs,scripts,.mjs,2456,66,5a070679fe9286a9457aa52e399e41e508b04c83f40f9ffdb7cec20991d6b9db,review,MANTENER_Y_REVISAR,P3,Media,,No se confirmó obsolescencia en el análisis estático; conservar hasta validación dinámica.
scripts/fix-editorial-placeholders.ts,scripts,.ts,6628,179,9ccbaa894b7e9f7cc1e643b4b2c7e6ae14d6fa9949f720c54e9ddea65dc30a79,review,MANTENER_Y_REVISAR,P3,Media,,No se confirmó obsolescencia en el análisis estático; conservar hasta validación dinámica.
scripts/google-analytics-live.mjs,scripts,.mjs,9556,261,787e26c3ff1a47d25d78a4b776500491d8aea3999ffdd88448551b15beffd79c,review,MANTENER_Y_REVISAR,P3,Media,,No se confirmó obsolescencia en el análisis estático; conservar hasta validación dinámica.
scripts/auditar-cp.js,scripts,.js,8008,253,121d282b9a39851072738cb120b76d4beddd4859ab251b743d13bfb8c336d7b9,review,MANTENER_Y_REVISAR,P3,Media,,No se confirmó obsolescencia en el análisis estático; conservar hasta validación dinámica.
scripts/gsc-analytics.mjs,scripts,.mjs,10182,274,abcbee8c35590f7b057942b998f1185861a52d644a6192a71a337ee710027e44,review,MANTENER_Y_REVISAR,P3,Media,,No se confirmó obsolescencia en el análisis estático; conservar hasta validación dinámica.
scripts/auditar-indexacion-prioritaria.mjs,scripts,.mjs,9775,252,072628dc849a17989265c3a466c520f4cda5e10fb3faa638e68d9f1831b46047,review,MANTENER_Y_REVISAR,P3,Media,,No se confirmó obsolescencia en el análisis estático; conservar hasta validación dinámica.
scripts/seo-auth-doctor.mjs,scripts,.mjs,6687,168,29266494f7b678e367042e43b47d23718372d483cb61e14e8432791528718345,review,MANTENER_Y_REVISAR,P3,Media,,No se confirmó obsolescencia en el análisis estático; conservar hasta validación dinámica.
scripts/update-pension-db.ts,scripts,.ts,1880,41,40d97e84594c66bd18f9951bb6c3eacd45e14bd9576463e87c77ad6da64b3c5d,review,VALIDAR_ARCHIVAR_O_ELIMINAR_SCRIPT,P1,Media,,"No aparece en package.json, CI, docs ni otros scripts."
scripts/update-prestaciones-db.ts,scripts,.ts,871,29,b63a92aec9374c5c11d802f9f3bc971da63e442aa420cd55bda43d7c066caa31,review,VALIDAR_ARCHIVAR_O_ELIMINAR_SCRIPT,P1,Media,,"No aparece en package.json, CI, docs ni otros scripts."
scripts/extract-prestaciones.js,scripts,.js,389,9,d4b6460abd7377589b9b3b5e710367dfd1c8dfca641eaede3d9f0fa2d07ac506,review,VALIDAR_ARCHIVAR_O_ELIMINAR_SCRIPT,P1,Media,,"No aparece en package.json, CI, docs ni otros scripts."
scripts/corregir-articulos.ts,scripts,.ts,33293,765,45467ee8786f53078d59cbb62a2331e006ebcd2896dd627d28efcdff58c2dd4c,review,MANTENER_Y_PLANIFICAR_REFACTORIZACION,P2,Alta,large_file:765_lines,Supera el presupuesto recomendado de tamaño; candidato a modularización.
scripts/check-info-items.ts,scripts,.ts,1185,31,1af227bf34f4ad2ae1ca0b0d39985acb5be5b04a6df8ae96abee35318981b5e8,review,VALIDAR_ARCHIVAR_O_ELIMINAR_SCRIPT,P1,Media,,"No aparece en package.json, CI, docs ni otros scripts."
scripts/bing-site-explorer-auth.mjs,scripts,.mjs,7803,203,897766b9fb6d326bb2b1e14eec9771256955c0885072f26e4feff9b659726255,review,MANTENER_Y_REVISAR,P3,Media,,No se confirmó obsolescencia en el análisis estático; conservar hasta validación dinámica.
scripts/seo-submit-indexnow.mjs,scripts,.mjs,3998,121,2e102c24055955fef40756908f6df6b1ce2377968e729c19df38e840bbc11b04,review,MANTENER_Y_REVISAR,P3,Media,,No se confirmó obsolescencia en el análisis estático; conservar hasta validación dinámica.
scripts/prescripcion_original.html,scripts,.html,8255,50,d2d2336d22560db4d5c931bda8aa77fa71e93fb4b28581d296df917d0076ea58,review,MANTENER_Y_REVISAR,P3,Media,,No se confirmó obsolescencia en el análisis estático; conservar hasta validación dinámica.
scripts/migrate-internal-links.ts,scripts,.ts,7617,246,e74fb13f61ef9c398fbdce78ea9474877ae963daa2bf379fe7fff74722b06f30,review,MANTENER_Y_REVISAR,P3,Media,,No se confirmó obsolescencia en el análisis estático; conservar hasta validación dinámica.
scripts/optimize-images.mjs,scripts,.mjs,7566,204,6de9bc96be615f8d7cb435f3306523169825ad99f46a348a25b83eb3bb59e5c5,review,MANTENER_Y_REVISAR,P3,Media,,No se confirmó obsolescencia en el análisis estático; conservar hasta validación dinámica.
scripts/auditar-performance-publico.ts,scripts,.ts,7255,167,1f25587744dc4428b78bfedc76ba7c91fe37378ed62239a1537ed80051f8e014,review,MANTENER_Y_REVISAR,P3,Media,,No se confirmó obsolescencia en el análisis estático; conservar hasta validación dinámica.
scripts/update-changelog.js,scripts,.js,472,15,76a65a25ff6f3978042089886d74ae6bfd030a031b738ef31b5f67a38a75cb7d,review,VALIDAR_ARCHIVAR_O_ELIMINAR_SCRIPT,P1,Media,,"No aparece en package.json, CI, docs ni otros scripts."
scripts/fase3-validar-lote.ts,scripts,.ts,6893,234,85f76b1a58a0997346bafd6b9d60ac99665c10d46676ddc713dae0b93307053d,review,MANTENER_Y_REVISAR,P3,Media,,No se confirmó obsolescencia en el análisis estático; conservar hasta validación dinámica.
scripts/detectar-posts-plantilla.ts,scripts,.ts,9486,232,19d42acaff2ef74bb71f2550cff729d7ca996101eca4f243fc00668b8c036aef,review,MANTENER_Y_REVISAR,P3,Media,,No se confirmó obsolescencia en el análisis estático; conservar hasta validación dinámica.
scripts/fase7b-aplicar-correcciones-juridicas.ts,scripts,.ts,5916,164,5a56a8079dddb07fdc7afdd085a725f72220a5701aad3c7b820d7ab1ba6c7ff8,review,VALIDAR_ARCHIVAR_O_ELIMINAR_SCRIPT,P1,Media,,"No aparece en package.json, CI, docs ni otros scripts."
scripts/fase7-consolidar-lote-a-corregido.ts,scripts,.ts,7369,136,756ee91fba9b66c8d40a704e19a3907028ad0b2c7334c4de4ace7e3fa35bddc2,review,VALIDAR_ARCHIVAR_O_ELIMINAR_SCRIPT,P1,Media,,"No aparece en package.json, CI, docs ni otros scripts."
scripts/auditar-delitos.js,scripts,.js,5590,136,b1483d82dc84f7cd5ebdda29e83d21b6bd57bb5c7d36b6c96c5ac0cd7a8c4ddd,review,MANTENER_Y_REVISAR,P3,Media,,No se confirmó obsolescencia en el análisis estático; conservar hasta validación dinámica.
scripts/fase5a-paquetes-revision-humana.ts,scripts,.ts,5217,136,54b37e54c26509af8fd7acda671b0f624cdf481a1db297e0bce3eef52479a434,review,VALIDAR_ARCHIVAR_O_ELIMINAR_SCRIPT,P1,Media,,"No aparece en package.json, CI, docs ni otros scripts."
scripts/pension_original.html,scripts,.html,9898,6,7923adb31212186571e65ec384aef2338869de16ee18f1d2300c3d235c559c99,review,MANTENER_Y_REVISAR,P3,Media,,No se confirmó obsolescencia en el análisis estático; conservar hasta validación dinámica.
scripts/fase3b-reclasificar-lote.ts,scripts,.ts,12941,387,4f8501ace6e4672e3e2c702e02751eff01f3c797946f66b7c82a79711ebff771,review,MANTENER_Y_REVISAR,P3,Media,,No se confirmó obsolescencia en el análisis estático; conservar hasta validación dinámica.
scripts/analyze-topics.js,scripts,.js,1194,24,5f4a0de20c7eb3c7e0af4ef10cc7db2fd62081fe889ba2f43868ed7a54771db8,review,VALIDAR_ARCHIVAR_O_ELIMINAR_SCRIPT,P1,Media,,"No aparece en package.json, CI, docs ni otros scripts."
scripts/seo-live-doctor.mjs,scripts,.mjs,9373,231,32a10494d17d4dbe5eb932ae34626cd8f07eb0b4e1c0b70bb28bb89ff67b7d5a,review,MANTENER_Y_REVISAR,P3,Media,,No se confirmó obsolescencia en el análisis estático; conservar hasta validación dinámica.
scripts/fase4b-integridad-correcciones.ts,scripts,.ts,8660,206,73285d9f1d255a5fce8657210af3e4142c98b36635020e876bf119080fd9fd9b,review,MANTENER_Y_REVISAR,P3,Media,,No se confirmó obsolescencia en el análisis estático; conservar hasta validación dinámica.
scripts/bing-import-dashboard-export.mjs,scripts,.mjs,5557,157,88bd2c5638a328ff5c0e2a48ce90db79f4acc6171d67696fa7fc177f8896c06f,review,MANTENER_Y_REVISAR,P3,Media,,No se confirmó obsolescencia en el análisis estático; conservar hasta validación dinámica.
scripts/fase7b-resolver-huerfanos.ts,scripts,.ts,3893,103,50268e11805ca1bd2dac7011e0943408c51f90c40b921e6369afb9298161087e,review,VALIDAR_ARCHIVAR_O_ELIMINAR_SCRIPT,P1,Media,,"No aparece en package.json, CI, docs ni otros scripts."
scripts/fase3d-reconstruir-claims-ausentes.ts,scripts,.ts,15266,381,4eccf958252f43e1353c9b23fb94edee74ccde83902f61231b259e8055a9b384,review,MANTENER_Y_REVISAR,P3,Media,,No se confirmó obsolescencia en el análisis estático; conservar hasta validación dinámica.
scripts/fase7-aplicar-correcciones.ts,scripts,.ts,3423,107,f86343d88453a0e86313cc5d62b7cb45c4c28ad6b2894d8fc8c81b93bd1b72eb,review,VALIDAR_ARCHIVAR_O_ELIMINAR_SCRIPT,P1,Media,,"No aparece en package.json, CI, docs ni otros scripts."
scripts/fase6-prepare-lote.ts,scripts,.ts,2385,71,471c07c22ddd7f31e76d82b12e51bf8e7360a44368b0e321317fbe99a3effeb8,review,VALIDAR_ARCHIVAR_O_ELIMINAR_SCRIPT,P1,Media,,"No aparece en package.json, CI, docs ni otros scripts."
scripts/generar-inventario-completo.ts,scripts,.ts,10520,262,df694d1bdda39bb9853f8067f79eeecf3cd83ef5d7869039ca4d6b32aa832be0,review,VALIDAR_ARCHIVAR_O_ELIMINAR_SCRIPT,P1,Media,,"No aparece en package.json, CI, docs ni otros scripts."
scripts/test-auto-linker.ts,scripts,.ts,1139,25,9a776463f84100b2ac958de25b537d8ae991a3dd2ea72046fb2e4c9603231b02,review,VALIDAR_ARCHIVAR_O_ELIMINAR_SCRIPT,P1,Media,,"No aparece en package.json, CI, docs ni otros scripts."
scripts/fase7c-crawl-134.ts,scripts,.ts,9408,262,d903c9bdd45e65c7d3fe633b07a0a5ed7d39cfe9723d04456c25e7afbd8fc18d,review,VALIDAR_ARCHIVAR_O_ELIMINAR_SCRIPT,P1,Media,,"No aparece en package.json, CI, docs ni otros scripts."
scripts/visual-regression.cjs,scripts,.cjs,9917,246,3a1a80f66ac319902ce2c7ee71c50d4cd6075e744f86d27e992a70abd15a4f55,review,MANTENER_Y_REVISAR,P3,Media,,No se confirmó obsolescencia en el análisis estático; conservar hasta validación dinámica.
scripts/google-search-console-live.mjs,scripts,.mjs,8741,239,560880d0e06513779e230f13a39df1a15eb3dfbb59f8cd1843869bd4ab1813f5,review,MANTENER_Y_REVISAR,P3,Media,,No se confirmó obsolescencia en el análisis estático; conservar hasta validación dinámica.
scripts/fase6d-restore-wrong.ts,scripts,.ts,1995,62,d15365f3f07fee58191943b7ecef51c45d31ee9d8db454e869ae059cf2ba2589,review,VALIDAR_ARCHIVAR_O_ELIMINAR_SCRIPT,P1,Media,,"No aparece en package.json, CI, docs ni otros scripts."
scripts/fase3b-verificar-lote.ts,scripts,.ts,4506,128,4b201e15af3ecf3e840564f5ea0c4174777288b5545c8750ea239af3beaff62a,review,MANTENER_Y_REVISAR,P3,Media,,No se confirmó obsolescencia en el análisis estático; conservar hasta validación dinámica.
scripts/domesticas_modified.html,scripts,.html,6681,56,36b2608badb5e62b2434756a921f16fa6a3d963ea1c8fd1784c062487774a22d,review,MANTENER_Y_REVISAR,P3,Media,,No se confirmó obsolescencia en el análisis estático; conservar hasta validación dinámica.
scripts/restore-target-posts.ts,scripts,.ts,864,33,67bc2d5e04fa82c141b74376db6c681f57da69e8a4bc0efbd3b760268c2632ce,review,VALIDAR_ARCHIVAR_O_ELIMINAR_SCRIPT,P1,Media,,"No aparece en package.json, CI, docs ni otros scripts."
scripts/seo-ahrefs-audit.mjs,scripts,.mjs,24034,555,e2e881087d266570526ad8a2f2fe03b47fd0f0e41dbd65c74dfd7ee45d6003ff,review,MANTENER_Y_PLANIFICAR_REFACTORIZACION,P2,Alta,large_file:555_lines,Supera el presupuesto recomendado de tamaño; candidato a modularización.
scripts/fase7b-corregir-titles.ts,scripts,.ts,2407,50,e461402b316f294d0816863c742482d8ca3d8b2102de9fe173788772922dc78c,review,VALIDAR_ARCHIVAR_O_ELIMINAR_SCRIPT,P1,Media,,"No aparece en package.json, CI, docs ni otros scripts."
scripts/fase7b-inventario-definitivo.ts,scripts,.ts,3189,93,964df116ef65723b3bc39874e018c09301d7506027337679cec1fcb04d42b79e,review,VALIDAR_ARCHIVAR_O_ELIMINAR_SCRIPT,P1,Media,,"No aparece en package.json, CI, docs ni otros scripts."
scripts/ahrefs-analyze.mjs,scripts,.mjs,12197,317,68ca31abb6bac102b5732c39fb1b40a4ac3f2dd7ba66e812f00128c5ed1cd9b5,review,MANTENER_Y_REVISAR,P3,Media,,No se confirmó obsolescencia en el análisis estático; conservar hasta validación dinámica.
scripts/update-allanamiento-db.ts,scripts,.ts,877,29,cd3114f3225b16b15fc8e194b49566e3364ecb23177b2cdf5e1c5a1324603435,review,VALIDAR_ARCHIVAR_O_ELIMINAR_SCRIPT,P1,Media,,"No aparece en package.json, CI, docs ni otros scripts."
scripts/screenshot-audit.cjs,scripts,.cjs,1562,41,316a9368cbec7298f7ab56bb4c422ea07e22115267afc2f0f012be1efaab7fba,review,MANTENER_Y_REVISAR,P3,Media,,No se confirmó obsolescencia en el análisis estático; conservar hasta validación dinámica.
scripts/update-prescripcion-db.ts,scripts,.ts,877,29,1db543c501e61927d43333164dd7dac4769bb2a47e45027ab496b82434ee82d9,review,VALIDAR_ARCHIVAR_O_ELIMINAR_SCRIPT,P1,Media,,"No aparece en package.json, CI, docs ni otros scripts."
scripts/fase3e-validar-produccion.mjs,scripts,.mjs,12453,314,d6e0bf46a8608bae364efe53d199662eccb1191106c8e06d5e63a7c424239ed6,review,MANTENER_Y_REVISAR,P3,Media,,No se confirmó obsolescencia en el análisis estático; conservar hasta validación dinámica.
scripts/prestaciones_original.html,scripts,.html,8694,1,ef24ce55789f5163a38ead06175f30ea16cf9071d809634c9820db8ece623f49,review,MANTENER_Y_REVISAR,P3,Media,,No se confirmó obsolescencia en el análisis estático; conservar hasta validación dinámica.
scripts/cleanup-e2e-users.mjs,scripts,.mjs,1856,48,463970243ae9a632ee108c9f62e9be0c6786d55ffc8a5a78a2f5e7d971f0a8b2,review,MANTENER_Y_REVISAR,P3,Media,,No se confirmó obsolescencia en el análisis estático; conservar hasta validación dinámica.
scripts/allanamiento_original.html,scripts,.html,5695,46,4f65b8830235ffa45fdf8c6cc312435117420d06bc99e39d0921a38f3cf7a466,review,MANTENER_Y_REVISAR,P3,Media,,No se confirmó obsolescencia en el análisis estático; conservar hasta validación dinámica.
scripts/seo-update-ctas-tracking.ts,scripts,.ts,1753,46,0048fcada24f6cc181cb8db0d0668e9098f3b6afe605ce1981427bc21ac6eec5,review,VALIDAR_ARCHIVAR_O_ELIMINAR_SCRIPT,P1,Media,,"No aparece en package.json, CI, docs ni otros scripts."
scripts/inspect-urls.mjs,scripts,.mjs,2373,47,a8568b377ab93791dfbef6097162ffd5454f072d9429b4b80b794be6f6a74e99,review,VALIDAR_ARCHIVAR_O_ELIMINAR_SCRIPT,P1,Media,,"No aparece en package.json, CI, docs ni otros scripts."
scripts/check-delitos-articulos.mjs,scripts,.mjs,1234,27,ff1e0e15efb21ffe51dbcfeb23b64df819496688ed6e1e1aba3b3577539c8e8f,review,VALIDAR_ARCHIVAR_O_ELIMINAR_SCRIPT,P1,Media,,"No aparece en package.json, CI, docs ni otros scripts."
scripts/submit-indexnow.mjs,scripts,.mjs,25512,631,f366f86075e3e290077be7bcfc6d20119097896ae80d7c19bac69317441db22f,review,MANTENER_Y_PLANIFICAR_REFACTORIZACION,P2,Alta,large_file:631_lines,Supera el presupuesto recomendado de tamaño; candidato a modularización.
scripts/analytics-validate.mjs,scripts,.mjs,1954,45,1eec3188e80b22019c87693395ab830dc36a5a04d55c2840d563d83eb676d310,review,MANTENER_Y_REVISAR,P3,Media,,No se confirmó obsolescencia en el análisis estático; conservar hasta validación dinámica.
scripts/fase6c-inventory.ts,scripts,.ts,2586,68,a7581de36acdf925db2db0ead45398056ff30b97532dd09e46d45be31d4f7280,review,VALIDAR_ARCHIVAR_O_ELIMINAR_SCRIPT,P1,Media,,"No aparece en package.json, CI, docs ni otros scripts."
scripts/fase5a-extraer-claims.ts,scripts,.ts,23661,606,48dbe4b6c93a4805959df82a06c99a2af433d6bd1207a8db359c7bd30b08d4f9,review,MANTENER_Y_PLANIFICAR_REFACTORIZACION,P2,Alta,large_file:606_lines,Supera el presupuesto recomendado de tamaño; candidato a modularización.
scripts/fase7c-revalidacion-global.ts,scripts,.ts,7446,221,d9f171054dfc7de3573379c0f5f5e11078a9e0cf2c9d80c386ecfc8472b87e04,review,VALIDAR_ARCHIVAR_O_ELIMINAR_SCRIPT,P1,Media,,"No aparece en package.json, CI, docs ni otros scripts."
scripts/playwright-audit.mjs,scripts,.mjs,6183,207,e2280a85e88f26728a685a9c98dc662c6d305feea818bfc76bda569e3f444d4b,review,MANTENER_Y_REVISAR,P3,Media,,No se confirmó obsolescencia en el análisis estático; conservar hasta validación dinámica.
scripts/auth-google-cli.mjs,scripts,.mjs,4049,112,58349b0c00dc593bcbaf6385a2e1d6ed226cfae8685c147de453b8e06ddf7cef,review,MANTENER_Y_REVISAR,P3,Media,,No se confirmó obsolescencia en el análisis estático; conservar hasta validación dinámica.
scripts/seo-content-audit.ts,scripts,.ts,18172,434,54f95830a67d5fc1304826b9d22b7585d22faf68cafa3f59994f29ca72d8dbf3,review,MANTENER_Y_REVISAR,P3,Media,,No se confirmó obsolescencia en el análisis estático; conservar hasta validación dinámica.
scripts/audit-internal-links.ts,scripts,.ts,3958,90,a409206b1f68e29b3f87102b8aeffe9ff67b94f18a4b567a9ff4309d8e4f1594,review,MANTENER_Y_REVISAR,P3,Media,,No se confirmó obsolescencia en el análisis estático; conservar hasta validación dinámica.
scripts/fase3-migrate.ts,scripts,.ts,1749,45,e2e2c3ec294f2639a82013259274174aa56e7ac572b81979e20d1c7d21471f12,review,VALIDAR_ARCHIVAR_O_ELIMINAR_SCRIPT,P1,Media,,"No aparece en package.json, CI, docs ni otros scripts."
scripts/fix-long-metas.ts,scripts,.ts,7492,229,b61257647deff9a052de3c896a3bed587f520f8bbe84e48eef1d21a8caa867f8,review,MANTENER_Y_REVISAR,P3,Media,,No se confirmó obsolescencia en el análisis estático; conservar hasta validación dinámica.
scripts/dump-target-posts.ts,scripts,.ts,1049,35,bb6b6b61a24e0d570de65ca6e2f82d9b91ff4188ab42e5e39f18bfbd15f224c0,review,VALIDAR_ARCHIVAR_O_ELIMINAR_SCRIPT,P1,Media,,"No aparece en package.json, CI, docs ni otros scripts."
scripts/fase4b-validacion-produccion.ts,scripts,.ts,11297,279,26466ae281f9bae41e3b902bbb052dbb726ed7e11c7c936b5fc4264d17555972,review,MANTENER_Y_REVISAR,P3,Media,,No se confirmó obsolescencia en el análisis estático; conservar hasta validación dinámica.
scripts/prescripcion_modified.html,scripts,.html,8645,50,c803d9f4d1894e712d87c24100a7917578a0a82cb2cbb0c7fa727340b049829b,review,DEDUPLICAR_CON_RUTA_CANONICA,P2,Alta,duplicado_exact:DUP-39,Contenido byte-idéntico a otro archivo; elegir una copia canónica.
scripts/edit-prescripcion.js,scripts,.js,2852,42,8c40bbb058e81f535ba57ee3a443502e3fb085fbd2a0f432db44ab90c7caf928,review,VALIDAR_ARCHIVAR_O_ELIMINAR_SCRIPT,P1,Media,,"No aparece en package.json, CI, docs ni otros scripts."
scripts/seo-collect-authenticated.mjs,scripts,.mjs,5145,156,eabd32b012ffa7782d000a6a5f83a3b94fa56bd5d750bbda1508f020b059304c,review,VALIDAR_ARCHIVAR_O_ELIMINAR_SCRIPT,P1,Media,,"No aparece en package.json, CI, docs ni otros scripts."
scripts/edit-domesticas.js,scripts,.js,3204,40,ac1dcd8b35c5797d730b9a4c07e702b8a03c7daa99efd2e6f19f8257686168dc,review,VALIDAR_ARCHIVAR_O_ELIMINAR_SCRIPT,P1,Media,,"No aparece en package.json, CI, docs ni otros scripts."
scripts/check-db-state.ts,scripts,.ts,2104,54,b515f74b10f19b90147230b8504dad031083ea39c77c77ef936e8b6505fb0af9,review,MANTENER_Y_REVISAR,P3,Media,,No se confirmó obsolescencia en el análisis estático; conservar hasta validación dinámica.
scripts/fase3c-art71-bodies.ts,scripts,.ts,4964,111,dda5e94410a28e347e1ce9c531e48ec45f798bd2dae100cee8b60d3d4773c3c0,review,VALIDAR_ARCHIVAR_O_ELIMINAR_SCRIPT,P1,Media,,"No aparece en package.json, CI, docs ni otros scripts."
scripts/debug-body-text.ts,scripts,.ts,1801,51,882fb5af4850025972121f0d77c8ef66f6ea8a1c70944d62a8aa6d7dd9e2ef34,review,VALIDAR_ARCHIVAR_O_ELIMINAR_SCRIPT,P1,Media,,"No aparece en package.json, CI, docs ni otros scripts."
scripts/list-tables.mjs,scripts,.mjs,898,26,5c23f030e13f7ef7b254f675257814fb0cb5e0a067448100cd464a4eabdfecc2,review,VALIDAR_ARCHIVAR_O_ELIMINAR_SCRIPT,P1,Media,,"No aparece en package.json, CI, docs ni otros scripts."
scripts/debug-auto-linker.ts,scripts,.ts,1180,32,62eca461b4daea829aaf1a0cee0e0b58871b62cbed03f7828dba17d8230c8cf3,review,VALIDAR_ARCHIVAR_O_ELIMINAR_SCRIPT,P1,Media,,"No aparece en package.json, CI, docs ni otros scripts."
scripts/edit-allanamiento.js,scripts,.js,3132,38,6af37f44a9fef52839c86daaa8879ce65d9c8b9b9b45fe025535630f1051d725,review,VALIDAR_ARCHIVAR_O_ELIMINAR_SCRIPT,P1,Media,,"No aparece en package.json, CI, docs ni otros scripts."
scripts/fase5a-aplicar-correcciones.ts,scripts,.ts,5381,166,6b3a20aee0556a7e3d439d1d363a92bcc3d04b5e7fd97e4088d066385bf5a119,review,VALIDAR_ARCHIVAR_O_ELIMINAR_SCRIPT,P1,Media,,"No aparece en package.json, CI, docs ni otros scripts."
scripts/migrate-links-direct.ts,scripts,.ts,7169,156,c3e82348d62d73a077e9603c4f315a17274706494494dff3794abdc10c20d49f,review,MANTENER_Y_REVISAR,P3,Media,,No se confirmó obsolescencia en el análisis estático; conservar hasta validación dinámica.
scripts/optimizar-seo-articulos-criticos.ts,scripts,.ts,12968,255,5d2d6c56c1840d6374fbf1b3fbdb394bed301f80c22174717a3e4156d93d9752,review,MANTENER_Y_REVISAR,P3,Media,,No se confirmó obsolescencia en el análisis estático; conservar hasta validación dinámica.
scripts/fase3c-desbloquear.ts,scripts,.ts,12974,245,45e5acd4924f3f026f7a7f8d54d009adebddf7d305812c656ad226a47f5fb660,review,MANTENER_Y_REVISAR,P3,Media,,No se confirmó obsolescencia en el análisis estático; conservar hasta validación dinámica.
scripts/fase4a-auditar-seo.ts,scripts,.ts,10221,228,cabf4a20f3ee3724158dc4debcd78f476cccaa69bff15b975893681426852fdf,review,MANTENER_Y_REVISAR,P3,Media,,No se confirmó obsolescencia en el análisis estático; conservar hasta validación dinámica.
scripts/fase6-lote-aplicar-correcciones.ts,scripts,.ts,1188,42,52fe33d9e673a40e024e859e4cd40f9a51d7def56a1c9739790d8e63a3c2cb5b,review,VALIDAR_ARCHIVAR_O_ELIMINAR_SCRIPT,P1,Media,,"No aparece en package.json, CI, docs ni otros scripts."
scripts/rag-indexar.ts,scripts,.ts,23097,593,c896d39964f10a547495f36652994d98007ad53f8c178e0a36057c3e7a8f32c3,review,MANTENER_Y_PLANIFICAR_REFACTORIZACION,P2,Alta,large_file:593_lines,Supera el presupuesto recomendado de tamaño; candidato a modularización.
scripts/fase6-lote-setup.ts,scripts,.ts,2137,67,32ba2eb226d7c6105233cb199e7ee9123ad2706d04944b85b042bb881f31b499,review,VALIDAR_ARCHIVAR_O_ELIMINAR_SCRIPT,P1,Media,,"No aparece en package.json, CI, docs ni otros scripts."
scripts/fase6-calculate-inventory.ts,scripts,.ts,1725,55,e86abf3ab14d6ad19611e6c0b2ddd30a04c516bd0ef102f4d9165beccd66f6c9,review,VALIDAR_ARCHIVAR_O_ELIMINAR_SCRIPT,P1,Media,,"No aparece en package.json, CI, docs ni otros scripts."
scripts/gen-favicon.mjs,scripts,.mjs,3970,105,dc93a1b6ddcf4153dca6ecb94d85c54abe96bb84546aa708e7cd933808896dea,review,VALIDAR_ARCHIVAR_O_ELIMINAR_SCRIPT,P1,Media,,"No aparece en package.json, CI, docs ni otros scripts."
scripts/seo-health-check.mjs,scripts,.mjs,18309,443,4effc225715bed8f638ad19d1c3fcbc021a63d29ec100751a2e5322b528bd31b,review,MANTENER_Y_REVISAR,P3,Media,,No se confirmó obsolescencia en el análisis estático; conservar hasta validación dinámica.
scripts/auth-generate-links.mjs,scripts,.mjs,5289,129,49fe43db73c1e4964d6aadf0d207e37d059161106250669d76c00a0c3165bda4,review,MANTENER_Y_REVISAR,P3,Media,,No se confirmó obsolescencia en el análisis estático; conservar hasta validación dinámica.
scripts/submit-sitemap-gsc.mjs,scripts,.mjs,4174,111,12b764f96ae87fc7fb0cc88b338a72292d0137ee15a8dd40ef685fe64fc1aa33,review,MANTENER_Y_REVISAR,P3,Media,,No se confirmó obsolescencia en el análisis estático; conservar hasta validación dinámica.
scripts/fase6-lote-db.ts,scripts,.ts,858,30,75b73c1841c6d29c90cb5ca7a322e51d4aaddc6c9dde4ea1dc2c8e8a7350e8f3,review,VALIDAR_ARCHIVAR_O_ELIMINAR_SCRIPT,P1,Media,,"No aparece en package.json, CI, docs ni otros scripts."
scripts/fase6-extract-bodies.ts,scripts,.ts,711,19,8cac2ae6d82c913e7d1bb2d95e97a3592b94096ba7bedca512a3f2315918ca8e,review,VALIDAR_ARCHIVAR_O_ELIMINAR_SCRIPT,P1,Media,,"No aparece en package.json, CI, docs ni otros scripts."
scripts/verify-chunks.mjs,scripts,.mjs,3407,98,e114654540d8d06165cf2f5d6ee1cef953556645475cd8914d0ad77cbf603f49,review,MANTENER_Y_REVISAR,P3,Media,,No se confirmó obsolescencia en el análisis estático; conservar hasta validación dinámica.
scripts/fase7c-corregir-servicios-legales.ts,scripts,.ts,2173,52,9cc998f07acfc950825a2aeeb04841d5c35b3b5c25c99b90818421fb7b8e5451,review,VALIDAR_ARCHIVAR_O_ELIMINAR_SCRIPT,P1,Media,,"No aparece en package.json, CI, docs ni otros scripts."
scripts/fase3-reclasificar-lote1.ts,scripts,.ts,10740,325,2c53dfba5c50171465b82dfa3c3a8655b5bce315383dee48e18289d75ef3024b,review,MANTENER_Y_REVISAR,P3,Media,,No se confirmó obsolescencia en el análisis estático; conservar hasta validación dinámica.
scripts/fase7-extraer-inventario.ts,scripts,.ts,6208,184,6a8fae95e4a61980f90c8400c071a79345e0c2d817ec5d52dcfd87a518789746,review,VALIDAR_ARCHIVAR_O_ELIMINAR_SCRIPT,P1,Media,,"No aparece en package.json, CI, docs ni otros scripts."
scripts/fase6-inventario.ts,scripts,.ts,2877,80,f87474304265e63b5f53f4c2939bd45d658adfc37b81ed4ff4c3be56f3dda63f,review,VALIDAR_ARCHIVAR_O_ELIMINAR_SCRIPT,P1,Media,,"No aparece en package.json, CI, docs ni otros scripts."
scripts/seo-indexability.ts,scripts,.ts,5237,156,9a110a9f2768171f7eaab5b4209f22e4a0e83ebb2943624dc53ba2bb0306b68d,review,MANTENER_Y_REVISAR,P3,Media,,No se confirmó obsolescencia en el análisis estático; conservar hasta validación dinámica.
scripts/edit-pension-surgical.js,scripts,.js,3023,38,b885b85bba74fe3b61c2f82f544f08dee1673b72ab711285770e9dbedb36cd5a,review,VALIDAR_ARCHIVAR_O_ELIMINAR_SCRIPT,P1,Media,,"No aparece en package.json, CI, docs ni otros scripts."
scripts/fix-long-titles.ts,scripts,.ts,10024,273,b5d0bf2c9b2cde1a10ba25261ade38d4043879b194535a26ed845cc01b360f18,review,MANTENER_Y_REVISAR,P3,Media,,No se confirmó obsolescencia en el análisis estático; conservar hasta validación dinámica.
scripts/optimizar-ctr-articulos-prioritarios.mjs,scripts,.mjs,6720,151,bb35bad75a5ea01293c61342aff461e39f1ae7385b4ac894a99a596300187c73,review,VALIDAR_ARCHIVAR_O_ELIMINAR_SCRIPT,P1,Media,,"No aparece en package.json, CI, docs ni otros scripts."
scripts/bing-site-explorer.mjs,scripts,.mjs,5795,164,96cdb508be7183babf6f87116d97dc51e0c3a14a26c798318f0e7c36e4e8a031,review,MANTENER_Y_REVISAR,P3,Media,,No se confirmó obsolescencia en el análisis estático; conservar hasta validación dinámica.
scripts/generate-indexability.mjs,scripts,.mjs,4212,127,07285d6343af49d40bbc9df3774272f4f5bbd5e77508c1e0a55c14e0fafadb01,review,VALIDAR_ARCHIVAR_O_ELIMINAR_SCRIPT,P1,Media,,"No aparece en package.json, CI, docs ni otros scripts."
scripts/mcp-diag.cjs,scripts,.cjs,3255,115,e9a35aeba14830457b8afd6803ac2169c68db9584edb6767897223d9f30f6aa7,review,MANTENER_Y_REVISAR,P3,Media,,No se confirmó obsolescencia en el análisis estático; conservar hasta validación dinámica.
scripts/fase3b-auditar-seo.ts,scripts,.ts,2631,71,4f421ec5d6245d447eb0ffe2295ee45af17a500d735fc926fd13509948049dfd,review,MANTENER_Y_REVISAR,P3,Media,,No se confirmó obsolescencia en el análisis estático; conservar hasta validación dinámica.
scripts/normalizar-blog.ts,scripts,.ts,14764,408,257a26253feadc92f4b87360be0da9759fff8e07ae17f0933e3fddeeb425ee37,review,MANTENER_Y_REVISAR,P3,Media,,No se confirmó obsolescencia en el análisis estático; conservar hasta validación dinámica.
scripts/corregir-p0-db.ts,scripts,.ts,6909,128,0c84c5c6a9a5530687a35f66b9747dcb01383dc91c243b69748ccceae59ca54d,review,VALIDAR_ARCHIVAR_O_ELIMINAR_SCRIPT,P1,Media,,"No aparece en package.json, CI, docs ni otros scripts."
scripts/pension_modified.html,scripts,.html,8781,10,ef01e304a6779366c2c510fbc07debaa5bbba43c07ace861874c800827573410,review,MANTENER_Y_REVISAR,P3,Media,,No se confirmó obsolescencia en el análisis estático; conservar hasta validación dinámica.
scripts/seo-upgrade-meta-fase2.ts,scripts,.ts,3634,84,732711ac86a3dbb9e499ea1f3b99bf10152c479d033d1a64fa09fde5e761eeb9,review,VALIDAR_ARCHIVAR_O_ELIMINAR_SCRIPT,P1,Media,,"No aparece en package.json, CI, docs ni otros scripts."
scripts/domesticas_original.html,scripts,.html,6057,52,9de58747a7623520746676cab9966476940c475159057ee850db607194c8eeab,review,MANTENER_Y_REVISAR,P3,Media,,No se confirmó obsolescencia en el análisis estático; conservar hasta validación dinámica.
scripts/fase6-snapshot-neon.ts,scripts,.ts,2187,64,99c3abe7f3590a4b0101d017686b4c0d10efef33c0da411219ef52281c7cfd4c,review,VALIDAR_ARCHIVAR_O_ELIMINAR_SCRIPT,P1,Media,,"No aparece en package.json, CI, docs ni otros scripts."
scripts/audit-canibalizacion.ts,scripts,.ts,2648,74,70b4d9650f5f4e84b9d5139740e8b1109574bf9a640e41f0fdddd64b95c409a4,review,MANTENER_Y_REVISAR,P3,Media,,No se confirmó obsolescencia en el análisis estático; conservar hasta validación dinámica.
scripts/fase4b-aplicar-estados-db.ts,scripts,.ts,5170,142,0c4902dd0143fd08d49c59509471afbf2f24da368da6bf8e15413375e3212dfa,review,MANTENER_Y_REVISAR,P3,Media,,No se confirmó obsolescencia en el análisis estático; conservar hasta validación dinámica.
scripts/ajustar-seo-residual-blog.ts,scripts,.ts,6084,118,a53e2a80d1ced8c24f3b47afa8c5064fd08e265ab0a58e6e3345de80da0b654a,review,MANTENER_Y_REVISAR,P3,Media,,No se confirmó obsolescencia en el análisis estático; conservar hasta validación dinámica.
scripts/oauth-url.mjs,scripts,.mjs,1180,36,873ed7ab1a8fa3ae2f0489e9be73cca5a2dcd8041fd99d30e0c8563b49c20b94,review,MANTENER_Y_REVISAR,P3,Media,,No se confirmó obsolescencia en el análisis estático; conservar hasta validación dinámica.
scripts/fase4a-paquetes-revision-humana.ts,scripts,.ts,7496,171,d85e9a9bcfc44c39c36197ec1e7134ab86277b3ca012a885396822cbe26a3790,review,MANTENER_Y_REVISAR,P3,Media,,No se confirmó obsolescencia en el análisis estático; conservar hasta validación dinámica.
scripts/debug-linker-final.ts,scripts,.ts,750,20,2cec9ceb76e8596d306489d80c85ae6868b0d35f15b078d0441e4dd6f213f72d,review,VALIDAR_ARCHIVAR_O_ELIMINAR_SCRIPT,P1,Media,,"No aparece en package.json, CI, docs ni otros scripts."
scripts/google-analytics-config.mjs,scripts,.mjs,4897,107,af3a8e84990e6e17d3b6ddfd59f6918451f9eefe43036bbd964712656404ce4d,review,MANTENER_Y_REVISAR,P3,Media,,No se confirmó obsolescencia en el análisis estático; conservar hasta validación dinámica.
scripts/fase3b-aplicar-correcciones.ts,scripts,.ts,13622,323,7c201834b441125b1f1f051128a6939927e01f557af6b0a7d5ccfef8d5861d1e,review,MANTENER_Y_REVISAR,P3,Media,,No se confirmó obsolescencia en el análisis estático; conservar hasta validación dinámica.
scripts/corregir-citas-criticas-blog.ts,scripts,.ts,21458,473,de17e5bc22fadc07dbb4c542941d17eb5dc5ec23d7383a019f96f77f77c7f901,review,MANTENER_Y_REVISAR,P3,Media,,No se confirmó obsolescencia en el análisis estático; conservar hasta validación dinámica.
scripts/backup-blog.ts,scripts,.ts,3278,98,3a97e0f26f1898f3046a1b79d18bb9e5c862374fd4fcb49cf962a7e2ef652cf9,review,MANTENER_Y_REVISAR,P3,Media,,No se confirmó obsolescencia en el análisis estático; conservar hasta validación dinámica.
scripts/fase7-generar-artefactos-rapidos.ts,scripts,.ts,9744,262,98a709009ca760e46f699f5563db84080a05176c33b1b73a14517c6f77403c20,review,VALIDAR_ARCHIVAR_O_ELIMINAR_SCRIPT,P1,Media,,"No aparece en package.json, CI, docs ni otros scripts."
scripts/oauth-get-refresh-token.mjs,scripts,.mjs,8581,240,41145f391c500e5a23b4365893d76907178e2c8ed3969dd2c75479d1410b5075,review,MANTENER_Y_REVISAR,P3,Media,,No se confirmó obsolescencia en el análisis estático; conservar hasta validación dinámica.
scripts/README.md,scripts,.md,4318,61,ab0bef30a5f96eb35dcb55c2619f9f4322bc6448ad869a4e749504e3247d8048,review,MANTENER_Y_REVISAR,P3,Media,,No se confirmó obsolescencia en el análisis estático; conservar hasta validación dinámica.
scripts/fase3b-fix-meta-fianza.ts,scripts,.ts,2075,62,e816b499cae94cadbf23b1cb29945dc879ce0b91a6ce2902615887b7339823db,review,MANTENER_Y_REVISAR,P3,Media,,No se confirmó obsolescencia en el análisis estático; conservar hasta validación dinámica.
scripts/seo-indexability-audit.mjs,scripts,.mjs,16183,342,e1af206ec416f88d647327f71ed1eaa8bfb84f25c18439f5f1abbcde8078133c,review,MANTENER_Y_REVISAR,P3,Media,,No se confirmó obsolescencia en el análisis estático; conservar hasta validación dinámica.
scripts/bing-auth-link.mjs,scripts,.mjs,9846,274,b56ec89c2bc91d8f01dd4dc42b8644b435491cf1bc6c951ea4ac3354b416ec4a,review,MANTENER_Y_REVISAR,P3,Media,,No se confirmó obsolescencia en el análisis estático; conservar hasta validación dinámica.
scripts/fase4b-recalcular-estados.ts,scripts,.ts,5769,174,d2e2bb4d6254ffa0dcea086f4a75315fca9c6e8fe191cc62c1cb59af0490ea19,review,MANTENER_Y_REVISAR,P3,Media,,No se confirmó obsolescencia en el análisis estático; conservar hasta validación dinámica.
scripts/prestaciones_modified.html,scripts,.html,9986,9,8dd6ed3850e0d35c17052e5056c22be5556f97d0266d7c526b113b14020d6dc6,review,MANTENER_Y_REVISAR,P3,Media,,No se confirmó obsolescencia en el análisis estático; conservar hasta validación dinámica.
scripts/bing-oauth-device.mjs,scripts,.mjs,6061,173,a08df1446cb55c7472463409202e913206bba7ed725f2b13cb03d771c3634fa5,review,MANTENER_Y_REVISAR,P3,Media,,No se confirmó obsolescencia en el análisis estático; conservar hasta validación dinámica.
scripts/fase3c-claims-finales.ts,scripts,.ts,23494,527,eee44325fa893dd4679d7cdc8b8f6a503e7cfc187bf6c6ed51a5a871a284f3b3,review,MANTENER_Y_PLANIFICAR_REFACTORIZACION,P2,Alta,large_file:527_lines,Supera el presupuesto recomendado de tamaño; candidato a modularización.
scripts/seo-update-blog-ctas.ts,scripts,.ts,3813,74,a26c8dd5d47469772b511ebd80a92cd53702b2642875acadc7b9a7793a0c2c2c,review,MANTENER_Y_REVISAR,P3,Media,,No se confirmó obsolescencia en el análisis estático; conservar hasta validación dinámica.
scripts/bing-webmaster-live.mjs,scripts,.mjs,9528,275,5a06502004fc25ff5ec2cc898a3b7ef3493c1f2f729da838f042bda1d694d9f5,review,MANTENER_Y_REVISAR,P3,Media,,No se confirmó obsolescencia en el análisis estático; conservar hasta validación dinámica.
scripts/blog_posts_dump.json,scripts,.json,40622,1227,9408554bd1f60c6fbcf4026c5903eaffb89b99572cc70289eb9b3634dece1b6f,review,MANTENER_Y_REVISAR,P3,Media,,No se confirmó obsolescencia en el análisis estático; conservar hasta validación dinámica.
scripts/fase6d-auth-inv.ts,scripts,.ts,4079,103,dc0ee792ced8300f87e46a6e6ebe17bc82aa64c5cd6f1b217c5cd51d0903a031,review,VALIDAR_ARCHIVAR_O_ELIMINAR_SCRIPT,P1,Media,,"No aparece en package.json, CI, docs ni otros scripts."
scripts/seo-validate-recrawl.mjs,scripts,.mjs,6284,182,bb5ddd6166c9c0386e996851bc59e3b065d1cf56e09913a65d98c37a8eef3aef,review,MANTENER_Y_REVISAR,P3,Media,,No se confirmó obsolescencia en el análisis estático; conservar hasta validación dinámica.
scripts/fase3c-reclasificar.ts,scripts,.ts,14799,461,e92260c6a3513688224d89df76c98f6998e9d187731ce3218760e487473a6c22,review,MANTENER_Y_REVISAR,P3,Media,,No se confirmó obsolescencia en el análisis estático; conservar hasta validación dinámica.
scripts/fase5a-enriquecer-claims-manuales.ts,scripts,.ts,15189,358,8f3e3619e64a2a9296240dfce5c4c9bd2a186d9469f89cc89cdb3773210982a2,review,MANTENER_Y_REVISAR,P3,Media,,No se confirmó obsolescencia en el análisis estático; conservar hasta validación dinámica.
scripts/build-sw.mjs,scripts,.mjs,3642,89,81c11dc32d72ee3784736bb5d98c06fddbff8edfc79acad1deb2ef3ee40e9ad3,review,ELIMINAR_OBSOLETO,P1,Alta,,Implementa el flujo PWA antiguo y no participa en postbuild.
scripts/validar-meta-seo.ts,scripts,.ts,15830,478,7b7aae60982f9b69f3c29c580b0589c12538a284c9e8d9c32b4855f65f9304a1,review,MANTENER_Y_REVISAR,P3,Media,,No se confirmó obsolescencia en el análisis estático; conservar hasta validación dinámica.
scripts/import-bing-crawl-errors.ts,scripts,.ts,4634,139,4e26af61156078ab270cee323dd6ae3c20bb2c4beaa5a18ea6c6480315d62e95,review,MANTENER_Y_REVISAR,P3,Media,,No se confirmó obsolescencia en el análisis estático; conservar hasta validación dinámica.
scripts/target_posts.json,scripts,.json,48041,175,c5aa75063873e55978d3818d41e3cf064c54ede106fb5dbe53562edba99c56a0,review,MANTENER_Y_REVISAR,P3,Media,,No se confirmó obsolescencia en el análisis estático; conservar hasta validación dinámica.
scripts/fase5-capturas.mjs,scripts,.mjs,3767,105,15da6ff6172c1669c9cb57cb8767f717b2a4fc8fa885b93d0015834d43aaf70b,review,MANTENER_Y_REVISAR,P3,Media,,No se confirmó obsolescencia en el análisis estático; conservar hasta validación dinámica.
scripts/fase3d-aplicar-correcciones-bodies.ts,scripts,.ts,11782,266,a5ce7566e8457690b8cb45ccb9dbf9f7c382669b44ca54c825ae90dc3d5c3b1e,review,MANTENER_Y_REVISAR,P3,Media,,No se confirmó obsolescencia en el análisis estático; conservar hasta validación dinámica.
scripts/seo-unpublish-consolidated-posts.ts,scripts,.ts,9103,235,3ca3656cacace1edbbd617c2352577c6480c5e2e69eff7f553efa683ada17b47,review,MANTENER_Y_REVISAR,P3,Media,,No se confirmó obsolescencia en el análisis estático; conservar hasta validación dinámica.
scripts/fase4a-extraer-claims.ts,scripts,.ts,20123,444,ef6b82d8e50cdea78a6b06520d831535ab2a6046041ef2b35e76b4867783b7fd,review,MANTENER_Y_REVISAR,P3,Media,,No se confirmó obsolescencia en el análisis estático; conservar hasta validación dinámica.
scripts/fase3c-backup.ts,scripts,.ts,2400,65,6c7a178a6ff30ec005e4121e26a35afce6763d081f77971d76b175027998212d,review,MANTENER_Y_REVISAR,P3,Media,,No se confirmó obsolescencia en el análisis estático; conservar hasta validación dinámica.
scripts/fase6-lote-seo.ts,scripts,.ts,1714,52,ca6c89090fdb5a69d8d72d7077cc86a1a453dfc8b35dce1e36a3879abf9404d2,review,VALIDAR_ARCHIVAR_O_ELIMINAR_SCRIPT,P1,Media,,"No aparece en package.json, CI, docs ni otros scripts."
scripts/fase4a-recalcular-estados.ts,scripts,.ts,6359,176,f05c193d4a3b9f80185ba08f6268c383b37b7ab0d23b9e057e4a0a17dbee5535,review,MANTENER_Y_REVISAR,P3,Media,,No se confirmó obsolescencia en el análisis estático; conservar hasta validación dinámica.
scripts/debug-auto-linker-2.ts,scripts,.ts,892,23,42ed39f477590286c2a6d0ed1dbb7634d8062d5578ce9b49b75d4e4cbfb3a0bb,review,VALIDAR_ARCHIVAR_O_ELIMINAR_SCRIPT,P1,Media,,"No aparece en package.json, CI, docs ni otros scripts."
scripts/fix-internal-redirects.ts,scripts,.ts,8823,213,dc8968dc6f6d2bca1b736db1343261c3f58c2d92f89f18e48084bc9f18805a7e,review,MANTENER_Y_REVISAR,P3,Media,,No se confirmó obsolescencia en el análisis estático; conservar hasta validación dinámica.
scripts/fase5a-aplicar-enlazado-interno.ts,scripts,.ts,7359,154,815499c0277dd7288a142dbee9db4b25c18df0f8b93ce17308ce48aa50c1caab,review,VALIDAR_ARCHIVAR_O_ELIMINAR_SCRIPT,P1,Media,,"No aparece en package.json, CI, docs ni otros scripts."
scripts/qa-visual-cierre.mjs,scripts,.mjs,3543,91,393535df38cdbf50e0ccb03bc7b27919a4ec795a162feb01e27ac23cf1623970,review,MANTENER_Y_REVISAR,P3,Media,,No se confirmó obsolescencia en el análisis estático; conservar hasta validación dinámica.
scripts/restaurar-blog-backup.ts,scripts,.ts,7945,191,eda6436dac5d64aff0e462cbb9a6ceeefb1448d8a77c5a86efe0f78e4ed5001e,review,MANTENER_Y_REVISAR,P3,Media,,No se confirmó obsolescencia en el análisis estático; conservar hasta validación dinámica.
scripts/fase5a-recalcular-estados.ts,scripts,.ts,6838,211,314268430e15a5c6ffe76e88c3b4238c06a513aa1f4abee8ae6f22eca4949bac,review,MANTENER_Y_REVISAR,P3,Media,,No se confirmó obsolescencia en el análisis estático; conservar hasta validación dinámica.
scripts/e2e-start.mjs,scripts,.mjs,1477,39,aeb5754dc24052ff0ee1d9c7ad7c1cb3e73d23571a11c5ee798ab6920a810644,review,MANTENER_Y_REVISAR,P3,Media,,No se confirmó obsolescencia en el análisis estático; conservar hasta validación dinámica.
scripts/test-service-account.mjs,scripts,.mjs,4761,130,ad7509d95147d1a1bf1f525f9879a85cb77392dc96b8eb3333f276d525eb2417,review,VALIDAR_ARCHIVAR_O_ELIMINAR_SCRIPT,P1,Media,,"No aparece en package.json, CI, docs ni otros scripts."
scripts/load-env.cjs,scripts,.cjs,3202,111,b1abd28fc0093f0e3ecdc6601b903bc87219cf2869e2445086a15e05909f8a5c,review,MANTENER_Y_REVISAR,P3,Media,,No se confirmó obsolescencia en el análisis estático; conservar hasta validación dinámica.
scripts/seo-live-collect.mjs,scripts,.mjs,6294,185,bbf1f70b7e7f6cbc182536479837909c68733b1536a759298e477e177947b7ac,review,MANTENER_Y_REVISAR,P3,Media,,No se confirmó obsolescencia en el análisis estático; conservar hasta validación dinámica.
scripts/fase3d-verificar-consistencia.ts,scripts,.ts,10491,276,33c3b8a5efa68c05df1422b016c51a154e34ce04836880ec8d0e15ff3591ee29,review,MANTENER_Y_REVISAR,P3,Media,,No se confirmó obsolescencia en el análisis estático; conservar hasta validación dinámica.
scripts/rag-extraer-pdfs.ts,scripts,.ts,3367,108,359cd03c4505fe0a391e9a54ad6dd355b718d116de071b4cbab1ef49cfe071c8,review,MANTENER_Y_REVISAR,P3,Media,,No se confirmó obsolescencia en el análisis estático; conservar hasta validación dinámica.
scripts/validate-jsonld.mjs,scripts,.mjs,8128,221,6fe1be5838cb971280aefbbf96941cade29c0aa69778b7c3af2d8ca57dd8b09d,review,MANTENER_Y_REVISAR,P3,Media,,No se confirmó obsolescencia en el análisis estático; conservar hasta validación dinámica.
scripts/seo-audit-gsc-ga4.mjs,scripts,.mjs,14981,331,577570f2579a6a122299f5a3acdc0aa780240275fedb924964843d9fc9df98a4,review,MANTENER_Y_REVISAR,P3,Media,,No se confirmó obsolescencia en el análisis estático; conservar hasta validación dinámica.
scripts/phase1-optimize-posts.ts,scripts,.ts,27947,260,8fca2d804926f8f9729f572b52add203922635779d97a993991ebb03392615d2,review,VALIDAR_ARCHIVAR_O_ELIMINAR_SCRIPT,P1,Media,,"No aparece en package.json, CI, docs ni otros scripts."
scripts/fase4a-inventario-y-seleccion.ts,scripts,.ts,17889,438,bc7748e045797811a563afb3e197e184766d706e9c2cfe32ecb6b0106608979f,review,MANTENER_Y_REVISAR,P3,Media,,No se confirmó obsolescencia en el análisis estático; conservar hasta validación dinámica.
scripts/fase6-apply-lote-db.ts,scripts,.ts,4220,123,14af78435fe7a7cd9fdfc409835dc090219e81f195615c44728680d72bce6e54,review,VALIDAR_ARCHIVAR_O_ELIMINAR_SCRIPT,P1,Media,,"No aparece en package.json, CI, docs ni otros scripts."
scripts/extract-domesticas.js,scripts,.js,397,9,1aaf185d8f2e3dec04ae215d4e9932542b44381b1cc926ed2b168658ce4c342b,review,VALIDAR_ARCHIVAR_O_ELIMINAR_SCRIPT,P1,Media,,"No aparece en package.json, CI, docs ni otros scripts."
scripts/audit-blog-seo.ts,scripts,.ts,9365,258,b2b1fadc555aff948d97f436e115596729894a7175ca9495909467260076d6e2,review,MANTENER_Y_REVISAR,P3,Media,,No se confirmó obsolescencia en el análisis estático; conservar hasta validación dinámica.
scripts/fase6-planificacion.ts,scripts,.ts,4711,126,610bc88f3505040695ad0596b67d7eb0a6eb6dd39dc4b0950d41acb1ea681b47,review,VALIDAR_ARCHIVAR_O_ELIMINAR_SCRIPT,P1,Media,,"No aparece en package.json, CI, docs ni otros scripts."
scripts/fase4a-generar-fuentes-correcciones.ts,scripts,.ts,11542,263,d3069024253f0ea57bbc21dabc368d914a9c1a2658a02d7acc8cd368a511e925,review,MANTENER_Y_REVISAR,P3,Media,,No se confirmó obsolescencia en el análisis estático; conservar hasta validación dinámica.
scripts/fase6d-prepare-lote.ts,scripts,.ts,1922,43,cb8261db903d98856e86bf03b3e3424522012760bb5bfe5638dc0686d8065f87,review,VALIDAR_ARCHIVAR_O_ELIMINAR_SCRIPT,P1,Media,,"No aparece en package.json, CI, docs ni otros scripts."
scripts/edit-prestaciones.js,scripts,.js,2948,38,04840990697880d8e9c9b84bd96fe4889a4400d161e22e8c8aa1b177479ad2db,review,VALIDAR_ARCHIVAR_O_ELIMINAR_SCRIPT,P1,Media,,"No aparece en package.json, CI, docs ni otros scripts."
scripts/fase5a-validacion-visual.mjs,scripts,.mjs,3831,74,89c9ef57f62dd43cbdc5277a01c0b2da4215faf054862c94c964b14a6bf82e91,review,MANTENER_Y_REVISAR,P3,Media,,No se confirmó obsolescencia en el análisis estático; conservar hasta validación dinámica.
scripts/fase6-db-rollback-selectivo.ts,scripts,.ts,3126,95,f9da4199aaa3a6462a389ed58bf2cb06f683ab6cbd941d0b0d696ee4da86168e,review,VALIDAR_ARCHIVAR_O_ELIMINAR_SCRIPT,P1,Media,,"No aparece en package.json, CI, docs ni otros scripts."
scripts/validar-blog.ts,scripts,.ts,9744,262,3e9ca17ce99ca403710013255f8484ae9962ad01fabfb70cdb89e89b413fe086,review,MANTENER_Y_REVISAR,P3,Media,,No se confirmó obsolescencia en el análisis estático; conservar hasta validación dinámica.
scripts/analyze-topics-noaccents.js,scripts,.js,1352,31,10e107984c61631a056905ef0351bc66c20504c79d8c36dbb17814b8e3016bd9,review,VALIDAR_ARCHIVAR_O_ELIMINAR_SCRIPT,P1,Media,,"No aparece en package.json, CI, docs ni otros scripts."
scripts/fase3-exportar-lote.ts,scripts,.ts,2089,68,9a11720fdb225d0fe9f0a81c32810a34c606d418daf651a1396cfb14882dbff3,review,MANTENER_Y_REVISAR,P3,Media,,No se confirmó obsolescencia en el análisis estático; conservar hasta validación dinámica.
scripts/fase4a-exportar-lote2.ts,scripts,.ts,8326,215,533980e74a84e9a8c474673d9ea5db85fcbf41fb638748424bf2009ed4b51754,review,MANTENER_Y_REVISAR,P3,Media,,No se confirmó obsolescencia en el análisis estático; conservar hasta validación dinámica.
scripts/fase6-lote-backup.ts,scripts,.ts,938,29,0990af6dd2b18ddb0bb274f1c76e74a05e9464f8da992ede335f5369e036e972,review,VALIDAR_ARCHIVAR_O_ELIMINAR_SCRIPT,P1,Media,,"No aparece en package.json, CI, docs ni otros scripts."
scripts/extract-prescripcion.js,scripts,.js,384,9,4a7bb877ad10a6f085dabc19fc5e30d8edc65471732e516b5fa05fc106dd8ac9,review,VALIDAR_ARCHIVAR_O_ELIMINAR_SCRIPT,P1,Media,,"No aparece en package.json, CI, docs ni otros scripts."
scripts/fase3-aplicar.ts,scripts,.ts,6149,184,40e18b54b512d394ad21913d988d420fe734e4c7c712dadf48ed1e5df2d6054b,review,MANTENER_Y_REVISAR,P3,Media,,No se confirmó obsolescencia en el análisis estático; conservar hasta validación dinámica.
scripts/extract-allanamiento.js,scripts,.js,397,9,e04424eff3bd8e7e52b3fc8bb9a9ec35c73dc883e86eb2f758db9a311cc14e08,review,VALIDAR_ARCHIVAR_O_ELIMINAR_SCRIPT,P1,Media,,"No aparece en package.json, CI, docs ni otros scripts."
scripts/fase7-diagnostico-db.ts,scripts,.ts,1635,34,4595e1717443f0f4eba19afd6d4a80a7f1a7fe39f40dde5153cba450661ab14e,review,VALIDAR_ARCHIVAR_O_ELIMINAR_SCRIPT,P1,Media,,"No aparece en package.json, CI, docs ni otros scripts."
scripts/blog-ai-review.ts,scripts,.ts,39516,931,8ec02768fe8fe18e09dec50e1b29920220918fa53d4799fec3a1641934d137d7,review,MANTENER_Y_PLANIFICAR_REFACTORIZACION,P2,Alta,large_file:931_lines,Supera el presupuesto recomendado de tamaño; candidato a modularización.
scripts/auth-vercel-cli.mjs,scripts,.mjs,2489,85,66ac710b64c36f614a6c6a5eedafa383aacf953ce61aae79dab415617306c877,review,MANTENER_Y_REVISAR,P3,Media,,No se confirmó obsolescencia en el análisis estático; conservar hasta validación dinámica.
scripts/fase3d-recalcular-estados.ts,scripts,.ts,23034,646,f5b96390673b6c9e83a60c076edee9fbfef68fb84efda123f6d5254945f55226,review,MANTENER_Y_PLANIFICAR_REFACTORIZACION,P2,Alta,large_file:646_lines,Supera el presupuesto recomendado de tamaño; candidato a modularización.
scripts/fase3-invalidar-lote1.ts,scripts,.ts,8961,286,675e6e3340be4a75bff4baa85639cc1993ae4c24fff49ad2e2c09467e70fbae3,review,MANTENER_Y_REVISAR,P3,Media,,No se confirmó obsolescencia en el análisis estático; conservar hasta validación dinámica.
scripts/generate-llms-txt.mjs,scripts,.mjs,22636,368,21cd16f6d063e1e7ba3816a626363720c6082a932e39bc38fdcaaa539c2c23d7,review,MANTENER_Y_REVISAR,P3,Media,,No se confirmó obsolescencia en el análisis estático; conservar hasta validación dinámica.
scripts/fase7-consolidar-lote.ts,scripts,.ts,11488,329,d3bd44e8a34a4b156ab0c82cc5f9076cce1615b8921ba4b48338ca2922bf350d,review,VALIDAR_ARCHIVAR_O_ELIMINAR_SCRIPT,P1,Media,,"No aparece en package.json, CI, docs ni otros scripts."
scripts/validar-fechas-blog.ts,scripts,.ts,2968,80,74908e9e599a1e273cd2991da4bacb07a6494b18ca4613d018d03fe7350d875b,review,MANTENER_Y_REVISAR,P3,Media,,No se confirmó obsolescencia en el análisis estático; conservar hasta validación dinámica.
scripts/fase5a-aplicar-estados-db.ts,scripts,.ts,3134,97,a7404e4ab9f37396a048844aa03b59eb24f849968b2f5850ee6c0eb91b407374,review,MANTENER_Y_REVISAR,P3,Media,,No se confirmó obsolescencia en el análisis estático; conservar hasta validación dinámica.
scripts/gcloud-cli.mjs,scripts,.mjs,2010,52,04e31a455730289c98c8c89ed7d92ebcbe9169ae49ea4433388ccdb268125647,review,MANTENER_Y_REVISAR,P3,Media,,No se confirmó obsolescencia en el análisis estático; conservar hasta validación dinámica.
scripts/mcp-postgres.cjs,scripts,.cjs,1507,44,3f0e144bfe194b86ee3b2aafa60e1b7d17d93f41ecff07a86c14b9b2a8ca0456,review,MANTENER_Y_REVISAR,P3,Media,,No se confirmó obsolescencia en el análisis estático; conservar hasta validación dinámica.
scripts/e2e-staging-sgie.ts,scripts,.ts,10457,241,9cce2a8f418ea53bc7c076815a97a56fdc7f51f5286126d0dbf10627b5650a45,review,MANTENER_Y_REVISAR,P3,Media,,No se confirmó obsolescencia en el análisis estático; conservar hasta validación dinámica.
scripts/fase3-ejecutor-deepseek.ts,scripts,.ts,8011,260,07a988a079a78a4a37ef2832bfd324bd51be4c258198a95108ae5ee605df821c,review,MANTENER_Y_REVISAR,P3,Media,,No se confirmó obsolescencia en el análisis estático; conservar hasta validación dinámica.
scripts/update-domesticas-db.ts,scripts,.ts,881,29,e0727687b4cf05092103e0da94fee72d2af0df59f1e3589f1b12f7e555938b76,review,VALIDAR_ARCHIVAR_O_ELIMINAR_SCRIPT,P1,Media,,"No aparece en package.json, CI, docs ni otros scripts."
scripts/fase6d-sync-bulk.ts,scripts,.ts,1657,49,f20f449f82316deb3eb5a1bbfbc1fda5a3b42f2c90ffd27fffd7dbafefaf7355,review,VALIDAR_ARCHIVAR_O_ELIMINAR_SCRIPT,P1,Media,,"No aparece en package.json, CI, docs ni otros scripts."
scripts/bing-wmt-audit.mjs,scripts,.mjs,5815,158,deb73524df11e29eb64942ce67896e1f3b3f6c92fc8e70dc66c398edaad9a895,review,MANTENER_Y_REVISAR,P3,Media,,No se confirmó obsolescencia en el análisis estático; conservar hasta validación dinámica.
scripts/content-audit.ts,scripts,.ts,4239,120,7d37c6c1a48b0d0b33302e7225163f61655f423bd5ae43c0b965dde30ebb5bbd,review,MANTENER_Y_REVISAR,P3,Media,,No se confirmó obsolescencia en el análisis estático; conservar hasta validación dinámica.
scripts/fase6-consolidar-lote.ts,scripts,.ts,6628,168,68bfb22469961b932e9ecd689299cb5f2422d7a42bb01bdb2b0e47eadec722f1,review,VALIDAR_ARCHIVAR_O_ELIMINAR_SCRIPT,P1,Media,,"No aparece en package.json, CI, docs ni otros scripts."
scripts/dump-blog-posts.ts,scripts,.ts,837,32,378b21d4d493b7b8afd141e59a2566fb1b3be827a1a68268060bcf7fd9a4f31b,review,MANTENER_Y_REVISAR,P3,Media,,No se confirmó obsolescencia en el análisis estático; conservar hasta validación dinámica.
scripts/audit-internal-links-db.ts,scripts,.ts,6721,174,6616933a1939ddbbe2d936a8adb23b00a714a6aaaafe4eb4dd510faf383ef91f,review,VALIDAR_ARCHIVAR_O_ELIMINAR_SCRIPT,P1,Media,,"No aparece en package.json, CI, docs ni otros scripts."
scripts/blog-verify-fix.ts,scripts,.ts,230952,4856,2d1511aeb8f6979602c9544318ac83c817309d66b70dc57b0368d945dfc3c96d,review,MANTENER_Y_PLANIFICAR_REFACTORIZACION,P2,Alta,large_file:4856_lines,Supera el presupuesto recomendado de tamaño; candidato a modularización.
scripts/fase4a-aplicar-correcciones.ts,scripts,.ts,8096,195,0d5b617cae200b8415289dbf0be682134e433e9d53c2f1548b8b6eaa286117c2,review,MANTENER_Y_REVISAR,P3,Media,,No se confirmó obsolescencia en el análisis estático; conservar hasta validación dinámica.
scripts/extract-pension.js,scripts,.js,397,9,c8f9ededd0a654d6624aabaa55174ed2ad5b19b7d216bee5902c79e3fafc72dd,review,VALIDAR_ARCHIVAR_O_ELIMINAR_SCRIPT,P1,Media,,"No aparece en package.json, CI, docs ni otros scripts."
scripts/allanamiento_modified.html,scripts,.html,6364,49,bf72a63fefa1034e99db3fba7dabe6de8c175c11a1a8ddd8ce6c4760c051a165,review,MANTENER_Y_REVISAR,P3,Media,,No se confirmó obsolescencia en el análisis estático; conservar hasta validación dinámica.
scripts/seo-snapshot.ts,scripts,.ts,4583,113,6fc5987858a5f34dcbb98eb9efed2d2f10b8dd680278ad75d7237127df6745c2,review,MANTENER_Y_REVISAR,P3,Media,,No se confirmó obsolescencia en el análisis estático; conservar hasta validación dinámica.
tests/fase4-local-espana.test.ts,tests,.ts,20250,490,45d0b406481768301838dbafff0182688f1b2b419d82690bb5e8ce29fd6a3963,review,MANTENER_Y_REVISAR,P3,Media,,No se confirmó obsolescencia en el análisis estático; conservar hasta validación dinámica.
tests/audit.test.ts,tests,.ts,5570,177,a04bed4444236f7686257c85aa5cd16e208b5efe46bfe6bfdd6bb48c7d70aa0a,review,MANTENER_Y_REVISAR,P3,Media,,No se confirmó obsolescencia en el análisis estático; conservar hasta validación dinámica.
tests/sgie-agenda-helpers.test.ts,tests,.ts,2143,56,1309396c6d195ef5e53b5be1077ea24b8191b140496c52dcecad45429abc83a9,review,MANTENER_Y_REVISAR,P3,Media,,No se confirmó obsolescencia en el análisis estático; conservar hasta validación dinámica.
tests/cookie-consent-dialog.test.tsx,tests,.tsx,2446,73,550ab60e2db4f1ed38fa4ab4154913f0283705bb6a88134eef08bc749c218208,review,MANTENER_Y_REVISAR,P3,Media,,No se confirmó obsolescencia en el análisis estático; conservar hasta validación dinámica.
tests/fase3c-reglas-revision.test.ts,tests,.ts,8168,239,3d7178267a931c8ba05793043b481f4795bdcd8f9116870c1e101fb2d11d1dca,review,MANTENER_Y_REVISAR,P3,Media,,No se confirmó obsolescencia en el análisis estático; conservar hasta validación dinámica.
tests/fase3-ai-review-notice.test.tsx,tests,.tsx,6063,141,5fb5cfa58655f7f9c5d0a138082946066e886cb81006947cbe70d7dc59beee97,review,MANTENER_Y_REVISAR,P3,Media,,No se confirmó obsolescencia en el análisis estático; conservar hasta validación dinámica.
tests/sgie-tiempo-por-estado.test.ts,tests,.ts,4844,119,5a9acb4c36bee5dd093c6e04b7a7244ab56776875c23aacc0f8a5fb2b92cbe94,review,MANTENER_Y_REVISAR,P3,Media,,No se confirmó obsolescencia en el análisis estático; conservar hasta validación dinámica.
tests/test-db-guard.test.ts,tests,.ts,1871,36,45b1e7cc1a98ed4280eacbb09b2b7718e99a56282e894ec9bf64ef38f879cd9b,review,MANTENER_Y_REVISAR,P3,Media,,No se confirmó obsolescencia en el análisis estático; conservar hasta validación dinámica.
tests/page-content.test.ts,tests,.ts,4296,130,63a6ba7e1ba36df9bd9c76cd95c8905b96013a8d985f0565be7b8eb55e6e557a,review,MANTENER_Y_REVISAR,P3,Media,,No se confirmó obsolescencia en el análisis estático; conservar hasta validación dinámica.
tests/site-origin.test.ts,tests,.ts,1022,30,df51869ae703c71d9fd7be173eaf50e2cbda2c0d5cd6d2837dc72c7bad38c8ac,review,MANTENER_Y_REVISAR,P3,Media,,No se confirmó obsolescencia en el análisis estático; conservar hasta validación dinámica.
tests/fase1-admin-identidad-calendario.test.ts,tests,.ts,4085,84,500defbf89a92688432fb3b5b399ef811f55dbc844a9d7f9f9edb3d7d7dfc7c0,review,MANTENER_Y_REVISAR,P3,Media,,No se confirmó obsolescencia en el análisis estático; conservar hasta validación dinámica.
tests/chat-guardrails.test.ts,tests,.ts,8758,255,7e695eed9fa6afb3fe9f28d16a7c764141f5ed48922d128c73f9d34a94973c30,review,MANTENER_Y_REVISAR,P3,Media,,No se confirmó obsolescencia en el análisis estático; conservar hasta validación dinámica.
tests/auth-secret-validation.test.ts,tests,.ts,3246,78,3671f659006af2d0c5f7f3d0bcb71e04d8d134ef0cb85353ccd507efe12ab129,review,MANTENER_Y_REVISAR,P3,Media,,No se confirmó obsolescencia en el análisis estático; conservar hasta validación dinámica.
tests/fase7-inventario.test.ts,tests,.ts,6922,190,45a26d0df508070fccdda46f2016993103ee7e9389e7e44df980cdbf8f3d556f,review,MANTENER_Y_REVISAR,P3,Media,,No se confirmó obsolescencia en el análisis estático; conservar hasta validación dinámica.
tests/fase3-servicios-prioritarios.test.ts,tests,.ts,25026,560,6693dc5f6fad2f992bdfab9b2320e8add662c6fe876d752ef98662f85fc1cd01,review,MANTENER_Y_PLANIFICAR_REFACTORIZACION,P2,Alta,large_file:560_lines,Supera el presupuesto recomendado de tamaño; candidato a modularización.
tests/meta-seo-auditor.test.ts,tests,.ts,1863,41,fe41b70eedbd67496815271f611892fafd6643e1026bded0a537c9135b97e0e4,review,MANTENER_Y_REVISAR,P3,Media,,No se confirmó obsolescencia en el análisis estático; conservar hasta validación dinámica.
tests/fase4b-integridad.test.ts,tests,.ts,12193,335,2a378d4ad9bd02d02731b07be960c05863d38c449e26b943fb7b5296bf7e34ba,review,MANTENER_Y_REVISAR,P3,Media,,No se confirmó obsolescencia en el análisis estático; conservar hasta validación dinámica.
tests/sgie-procedimientos.test.ts,tests,.ts,3625,91,2d7a626a9d47c0d54152c159947d85d843813645cf596463db97d681e386a68c,review,MANTENER_Y_REVISAR,P3,Media,,No se confirmó obsolescencia en el análisis estático; conservar hasta validación dinámica.
tests/sgie-readiness.test.ts,tests,.ts,5745,129,e15d226727a1e2df790afb9f8001875e95982fa00a04d5f54822f23b3d16c489,review,MANTENER_Y_REVISAR,P3,Media,,No se confirmó obsolescencia en el análisis estático; conservar hasta validación dinámica.
tests/legal-review.test.ts,tests,.ts,7049,183,ef5384ae7058c8668b7beccd41f9d2cf9b8f1083910ba1cbe904801981525880,review,MANTENER_Y_REVISAR,P3,Media,,No se confirmó obsolescencia en el análisis estático; conservar hasta validación dinámica.
tests/fase3e-sw-build-determinism.test.ts,tests,.ts,8855,204,9441c9b40c1f9283b9f25db9f39af7d24ed9d540d4cc3e9b9acbff9d89bcf201,review,REESCRIBIR_O_ELIMINAR,P1,Alta,,"Prueba el script PWA antiguo, no el route handler productivo."
tests/fase3c-source-provenance.test.ts,tests,.ts,10559,294,bc4b44ee8109fff2c4057773c2ea1271536730a6d6ea7e7e82846e4e88731a7d,review,MANTENER_Y_REVISAR,P3,Media,,No se confirmó obsolescencia en el análisis estático; conservar hasta validación dinámica.
tests/seo-protection.test.ts,tests,.ts,16512,387,b57bb207bece83f8a084f5f07da9ca3c41766da125300956e7f89b89017aff84,review,MANTENER_Y_REVISAR,P3,Media,,No se confirmó obsolescencia en el análisis estático; conservar hasta validación dinámica.
tests/fase4a-orchestrator.test.ts,tests,.ts,6755,127,aa5b7bfc5fc033caac60c99c5d324c79f4cf9c1a753cbd6351ea2f562a56149e,review,MANTENER_Y_REVISAR,P3,Media,,No se confirmó obsolescencia en el análisis estático; conservar hasta validación dinámica.
tests/fase4b1-bulk-approval-ui.test.ts,tests,.ts,3769,98,99805ec2cdeeea9f7dfc8ff4aa71e702b7f8a4c6440eeb8f7ca90cd61bf251a1,review,MANTENER_Y_REVISAR,P3,Media,,No se confirmó obsolescencia en el análisis estático; conservar hasta validación dinámica.
tests/chat-rules-engine.test.ts,tests,.ts,6024,144,893df0b6b8f6d9661efbfef8be0b81c89d053c038ac7fa034acdc837cc197226,review,MANTENER_Y_REVISAR,P3,Media,,No se confirmó obsolescencia en el análisis estático; conservar hasta validación dinámica.
tests/fase4b5-retrieval-knowledge.test.ts,tests,.ts,5353,183,7e9f4718c93330bbdb0582412d1b502035f99abc7d9fca5223423d413e74be40,review,MANTENER_Y_REVISAR,P3,Media,,No se confirmó obsolescencia en el análisis estático; conservar hasta validación dinámica.
tests/cookie-consent.test.ts,tests,.ts,1875,50,b69381d5588a3db5a470114ff1a2e45df323056649ffa3fc7f813e0383d90d54,review,MANTENER_Y_REVISAR,P3,Media,,No se confirmó obsolescencia en el análisis estático; conservar hasta validación dinámica.
tests/fase5b-cierre-integridad-lote3.test.ts,tests,.ts,12713,334,0c83710b11edbefaa5eb86ccceae67cb756852ebe911f9d0c0df11ad110e5fb7,review,MANTENER_Y_REVISAR,P3,Media,,No se confirmó obsolescencia en el análisis estático; conservar hasta validación dinámica.
tests/sgie-inteligencia.test.ts,tests,.ts,2629,73,dc03ee3778732331f5374d1f20a317ebda5fc2e7dff04e27a09b5d1485ff863a,review,MANTENER_Y_REVISAR,P3,Media,,No se confirmó obsolescencia en el análisis estático; conservar hasta validación dinámica.
tests/llms-txt.test.ts,tests,.ts,1952,56,669e3a3503302b624b6b7641aab6522594d9894e4a7e5a9f3b14cb3459cc8b3c,review,MANTENER_Y_REVISAR,P3,Media,,No se confirmó obsolescencia en el análisis estático; conservar hasta validación dinámica.
tests/sgie-enlaces-magicos-hash.test.ts,tests,.ts,5875,189,e0301ba35090d08930ec3d8b01843e70f0dc94870f14943a8379ec81dee79687,review,MANTENER_Y_REVISAR,P3,Media,,No se confirmó obsolescencia en el análisis estático; conservar hasta validación dinámica.
tests/fase3-review-invariants.test.ts,tests,.ts,6907,169,2db2e64962c9a5413a89ce4a821f7a31bbc5d890d4d2adcd92dbf6d025505bf8,review,MANTENER_Y_REVISAR,P3,Media,,No se confirmó obsolescencia en el análisis estático; conservar hasta validación dinámica.
tests/sgie-notificaciones.test.ts,tests,.ts,2825,73,0e0e821f5cdd1d243d1dbaa0ef5a61f85911ac85f5b1c9bd2a47261b30d8aabb,review,MANTENER_Y_REVISAR,P3,Media,,No se confirmó obsolescencia en el análisis estático; conservar hasta validación dinámica.
tests/sgie-seguimiento-documental.test.ts,tests,.ts,4620,113,a873b88d2b60c8238058044bb76b182931a928ec467b086422948f9ef866af6a,review,MANTENER_Y_REVISAR,P3,Media,,No se confirmó obsolescencia en el análisis estático; conservar hasta validación dinámica.
tests/sgie-busqueda-hibrida.test.ts,tests,.ts,2999,85,b2f436ca901fb9b6bd01019c902f78fef5e1257343338281198b982d9f0c9fbc,review,MANTENER_Y_REVISAR,P3,Media,,No se confirmó obsolescencia en el análisis estático; conservar hasta validación dinámica.
tests/fase4a-p2-05-p2-06-extended.test.ts,tests,.ts,42604,939,0ac4a49bb14466bfbb00ec759fdd8209736b76caac8f716f6d1d9c3fabb4ba57,review,MANTENER_Y_PLANIFICAR_REFACTORIZACION,P2,Alta,large_file:939_lines,Supera el presupuesto recomendado de tamaño; candidato a modularización.
tests/seo-content-audit.test.ts,tests,.ts,6644,186,7b51c9adfdd4d52db34a2d4d34f7c7050ca52a4ab1476e86493877325e652526,review,MANTENER_Y_REVISAR,P3,Media,,No se confirmó obsolescencia en el análisis estático; conservar hasta validación dinámica.
tests/two-factor-challenges-concurrency.test.ts,tests,.ts,3169,87,341e077a3e15a916809f2d0dc369eb90a0c1e1d1ff186a0f1633ac1d7b863cfc,review,MANTENER_Y_REVISAR,P3,Media,,No se confirmó obsolescencia en el análisis estático; conservar hasta validación dinámica.
tests/fase3-deepseek-review.test.ts,tests,.ts,26087,540,f08239307a782bcaf6c45b11d5cb969809ec01b45582675424abc76115992a59,review,MANTENER_Y_PLANIFICAR_REFACTORIZACION,P2,Alta,large_file:540_lines,Supera el presupuesto recomendado de tamaño; candidato a modularización.
tests/public-claims.test.ts,tests,.ts,2126,56,68c2945e28c84a70b68dfc13a86d913f5a2cc32f389bfba18edbbe5101537fa0,review,MANTENER_Y_REVISAR,P3,Media,,No se confirmó obsolescencia en el análisis estático; conservar hasta validación dinámica.
tests/change-password-revocation.test.ts,tests,.ts,3962,114,daa7d2fdda0d64d9cbba01a3ffbe8e975cb1cfb985991464b3ec0666d19d7d76,review,MANTENER_Y_REVISAR,P3,Media,,No se confirmó obsolescencia en el análisis estático; conservar hasta validación dinámica.
tests/auth-lazy-load.test.ts,tests,.ts,1730,49,657070a3c11bf49ced3c133f83f529c7f31495ac86c7f097dcd0e36945f1600c,review,MANTENER_Y_REVISAR,P3,Media,,No se confirmó obsolescencia en el análisis estático; conservar hasta validación dinámica.
tests/fase4b1-bulk-approval-service.test.ts,tests,.ts,31054,546,e6d3a7d330813ab2be1c2f4143ac8e8b6d9ea9d13dec449c7221cbc36742f00e,review,MANTENER_Y_PLANIFICAR_REFACTORIZACION,P2,Alta,large_file:546_lines,Supera el presupuesto recomendado de tamaño; candidato a modularización.
tests/fase4b3-dropboxsign-provider.test.ts,tests,.ts,9503,234,1c642d828ec2343d9d9b2f1622a40036d536772e9076c828355778f1ad23049c,review,MANTENER_Y_REVISAR,P3,Media,,No se confirmó obsolescencia en el análisis estático; conservar hasta validación dinámica.
tests/fase5a-lote3-pipeline.test.ts,tests,.ts,12780,367,276b4f3480c29c230314d78d7fb176750c4fec58636a64e38829143df0ebb831,review,MANTENER_Y_REVISAR,P3,Media,,No se confirmó obsolescencia en el análisis estático; conservar hasta validación dinámica.
tests/fase5-motor.test.ts,tests,.ts,10709,306,0df6bacdb84a87ccbf36d0407b8e867fbc511c1845c86e85ebdd849ffb6143e4,review,MANTENER_Y_REVISAR,P3,Media,,No se confirmó obsolescencia en el análisis estático; conservar hasta validación dinámica.
tests/fase4b4-calendar-ui.test.ts,tests,.ts,10530,269,8f82a3a1c076b0a71d652e6f011e7437fdf4be54f0597139eeb2e5f10bb8ee66,review,MANTENER_Y_REVISAR,P3,Media,,No se confirmó obsolescencia en el análisis estático; conservar hasta validación dinámica.
tests/sgie-estados.test.ts,tests,.ts,4404,112,de27e2cd17b28b0fa932bf3024b585fdce59da07d2f5bb32517502f2590544b1,review,MANTENER_Y_REVISAR,P3,Media,,No se confirmó obsolescencia en el análisis estático; conservar hasta validación dinámica.
tests/sgie-resumen-ia.test.ts,tests,.ts,2859,81,2b9820fb34a0a0459bd6e6760ff17bd817e21422d97acdd2a1a8a8be5b066246,review,MANTENER_Y_REVISAR,P3,Media,,No se confirmó obsolescencia en el análisis estático; conservar hasta validación dinámica.
tests/session-purpose-proxy.test.ts,tests,.ts,1078,25,30013b9b93beccb0d223f4a11320cf2f879cc72fda762701c5a6199e0e169a7c,review,MANTENER_Y_REVISAR,P3,Media,,No se confirmó obsolescencia en el análisis estático; conservar hasta validación dinámica.
tests/sgie-buscar.test.ts,tests,.ts,1351,40,6b8823cfaf9ff4541bc31c1b3f4909a74a96990cdedd1b89b2aff8d79424709a,review,MANTENER_Y_REVISAR,P3,Media,,No se confirmó obsolescencia en el análisis estático; conservar hasta validación dinámica.
tests/calculo.test.ts,tests,.ts,20573,564,386285fcd6ab33811825592184d11b7d91ff13774e4e31ec2cbb97a00926a6f5,review,MANTENER_Y_PLANIFICAR_REFACTORIZACION,P2,Alta,large_file:564_lines,Supera el presupuesto recomendado de tamaño; candidato a modularización.
tests/api-chat.test.ts,tests,.ts,5541,153,dfce6387afc31209e5153140a830e4411297b3614aafc1bb9cb895f5adba77b0,review,MANTENER_Y_REVISAR,P3,Media,,No se confirmó obsolescencia en el análisis estático; conservar hasta validación dinámica.
tests/fase4a-clasificacion.test.ts,tests,.ts,5476,139,81f654001dfdbdea85e53a66e84b6a3fb2a9eee7fc05346e30fff4194b389332,review,MANTENER_Y_REVISAR,P3,Media,,No se confirmó obsolescencia en el análisis estático; conservar hasta validación dinámica.
tests/calculo-validator.test.ts,tests,.ts,9355,277,4f42a10ea48d8a11726c75e44f5c01aef114689f89b221688902e7ad0bf2e6b0,review,MANTENER_Y_REVISAR,P3,Media,,No se confirmó obsolescencia en el análisis estático; conservar hasta validación dinámica.
tests/validation.test.ts,tests,.ts,8810,282,1d4d141875a83a57ce3ed1f290f3143a0de4e885c271ea7b4d37501b1f72392f,review,MANTENER_Y_REVISAR,P3,Media,,No se confirmó obsolescencia en el análisis estático; conservar hasta validación dinámica.
tests/fase2-nucleo-durable.test.ts,tests,.ts,15723,429,64678c0b42bde9e178af875adf77d88187ee490aaf1a0fafd23e8ff12499bcdf,review,MANTENER_Y_REVISAR,P3,Media,,No se confirmó obsolescencia en el análisis estático; conservar hasta validación dinámica.
tests/catalogo-delitos.test.ts,tests,.ts,18340,490,86007ef5e9c68e75ffb8b1926831038fcb229544303e1502933e22fe83799c2b,review,MANTENER_Y_REVISAR,P3,Media,,No se confirmó obsolescencia en el análisis estático; conservar hasta validación dinámica.
tests/fase4a-feature-flags.test.ts,tests,.ts,15064,344,a175ba15e27e1811edb44eb0ddf170514dbaae40bc79a81b5ffb42f5f63a7a34,review,MANTENER_Y_REVISAR,P3,Media,,No se confirmó obsolescencia en el análisis estático; conservar hasta validación dinámica.
tests/setup.ts,tests,.ts,910,23,4b9a68603ade0c4cb76cc04ff369562580735601c1ceb7c3d74b2917232407b1,review,MANTENER_Y_REVISAR,P3,Media,,No se confirmó obsolescencia en el análisis estático; conservar hasta validación dinámica.
tests/analytics-consent-integration.test.tsx,tests,.tsx,5965,145,29b3f69c943cb999f8adfe700c5e837c350f0438ffa18f47c0bc21f44d76399e,review,MANTENER_Y_REVISAR,P3,Media,,No se confirmó obsolescencia en el análisis estático; conservar hasta validación dinámica.
tests/blog-verification-phase2.test.ts,tests,.ts,6535,170,f651316b619cee6909d0f7d04d7f36acb9edf296593fe8539c5480fa42b4d157,review,MANTENER_Y_REVISAR,P3,Media,,No se confirmó obsolescencia en el análisis estático; conservar hasta validación dinámica.
tests/sgie-calendario.test.ts,tests,.ts,3393,96,b54aedd8c1f6a69f01b03d5429ee754f269344aed565e471d1368d509c74e545,review,MANTENER_Y_REVISAR,P3,Media,,No se confirmó obsolescencia en el análisis estático; conservar hasta validación dinámica.
tests/sgie-ia-documental.test.ts,tests,.ts,5262,138,f848af790528059ffc8636b917ae073ee13fd03175cbfc8d63bfb4ce1255e8d3,review,MANTENER_Y_REVISAR,P3,Media,,No se confirmó obsolescencia en el análisis estático; conservar hasta validación dinámica.
tests/seo-title.test.ts,tests,.ts,3290,96,d1315701f53684651055701fe1dd298ccb95ec735b5aeddfdad75d351967efc0,review,MANTENER_Y_REVISAR,P3,Media,,No se confirmó obsolescencia en el análisis estático; conservar hasta validación dinámica.
tests/fase4a-servicios-core.test.ts,tests,.ts,8705,198,2c429904dedbeda28f2f77f41abd155fb3f1aed296cc90073f6118d16ad51548,review,MANTENER_Y_REVISAR,P3,Media,,No se confirmó obsolescencia en el análisis estático; conservar hasta validación dinámica.
tests/fase3b-review-status.test.ts,tests,.ts,4546,149,4dd9526247e2272fe45e0d99d64c8fee7bc4f0421ed80c19d28a41fde83856c9,review,MANTENER_Y_REVISAR,P3,Media,,No se confirmó obsolescencia en el análisis estático; conservar hasta validación dinámica.
tests/rate-limit.test.ts,tests,.ts,5662,181,2b115df358a42e5250de8a6d0017b3b668aa5d602570941cf8e81ac10292faa1,review,MANTENER_Y_REVISAR,P3,Media,,No se confirmó obsolescencia en el análisis estático; conservar hasta validación dinámica.
tests/sgie-extraccion-documental.test.ts,tests,.ts,4185,102,384fd64ee881a48a9d1bf5581b3dc5bf0808ad56ab9f9a2ec375b391f0a10f87,review,MANTENER_Y_REVISAR,P3,Media,,No se confirmó obsolescencia en el análisis estático; conservar hasta validación dinámica.
tests/fase5a-risk-workload.test.ts,tests,.ts,13598,361,183af0108b07bd1808443af1bd57a1e19ddb727028cdfc8a42f2330b50aab0ea,review,MANTENER_Y_REVISAR,P3,Media,,No se confirmó obsolescencia en el análisis estático; conservar hasta validación dinámica.
tests/fase3b-deepseek-validation.test.ts,tests,.ts,4215,122,cd6689c3093282871a60348f5b610c7ffdfe10fc857ce9f7bdf35c5d921a1f0d,review,MANTENER_Y_REVISAR,P3,Media,,No se confirmó obsolescencia en el análisis estático; conservar hasta validación dinámica.
tests/fase4a-pipeline.test.ts,tests,.ts,8177,246,a34ad15996c267c8871dce8400e12e7ab5f11a2bf691fc4ff140fa0efea2ebf9,review,MANTENER_Y_REVISAR,P3,Media,,No se confirmó obsolescencia en el análisis estático; conservar hasta validación dinámica.
tests/auth.test.ts,tests,.ts,6927,196,9a90eb820c0449d28917cb1dc26860d3bbd74fb98ffd18794e6d1d43e9de1bd9,review,MANTENER_Y_REVISAR,P3,Media,,No se confirmó obsolescencia en el análisis estático; conservar hasta validación dinámica.
tests/fase3-experiencia-operativa.test.ts,tests,.ts,19440,433,b61262639e80d8607d028d08241f99ca3568c440613e2695f25fcdf65b81724c,review,MANTENER_Y_REVISAR,P3,Media,,No se confirmó obsolescencia en el análisis estático; conservar hasta validación dinámica.
tests/fase3d-integridad.test.ts,tests,.ts,10371,231,8e0845cb95f9efe512eca1626b64dc2dfd4f928f113b9470a087ad19f6beec6b,review,MANTENER_Y_REVISAR,P3,Media,,No se confirmó obsolescencia en el análisis estático; conservar hasta validación dinámica.
tests/fase3d-claims-reconstruidos.test.ts,tests,.ts,7527,213,91a70ddf5b1edf8813547cee0682a3daf45ab860959da42ce2db1ebb63cf2e89,review,MANTENER_Y_REVISAR,P3,Media,,No se confirmó obsolescencia en el análisis estático; conservar hasta validación dinámica.
tests/fase5-design-system.test.ts,tests,.ts,11685,283,39e754da9d6de24fce3b83fb0df991cf8128aaf601823a81a411e15450c5cd27,review,MANTENER_Y_REVISAR,P3,Media,,No se confirmó obsolescencia en el análisis estático; conservar hasta validación dinámica.
tests/fase4b6-knowledge-copilot.test.ts,tests,.ts,6491,174,8914c3cd8aad3dc97a98a1a88b6d98f33579f32620c4ee3a84413e70870aa882,review,MANTENER_Y_REVISAR,P3,Media,,No se confirmó obsolescencia en el análisis estático; conservar hasta validación dinámica.
tests/two-factor-challenges.test.ts,tests,.ts,1036,28,8aa965a02818aebb86b592b48127c8b71fa54144aeeee0aebbb0fba832a561ca,review,MANTENER_Y_REVISAR,P3,Media,,No se confirmó obsolescencia en el análisis estático; conservar hasta validación dinámica.
tests/analytics-config.test.ts,tests,.ts,1210,34,a4bfbaad09293fea6bc253dc1bdbeef0fc0e53a77cf406e87763ef8779e769a2,review,MANTENER_Y_REVISAR,P3,Media,,No se confirmó obsolescencia en el análisis estático; conservar hasta validación dinámica.
tests/sgie-csv.test.ts,tests,.ts,3486,113,dfd421e9daa2929ec4e56575845221c0d87858970f696f4ac4c1f0c2f8c09998,review,MANTENER_Y_REVISAR,P3,Media,,No se confirmó obsolescencia en el análisis estático; conservar hasta validación dinámica.
tests/blog-verify-fix.test.ts,tests,.ts,87174,1767,83b37bbea8cbeb5d22a23ef8d6adbcc0a7bfcb8789d593efaabcb6c5bb10e087,review,MANTENER_Y_PLANIFICAR_REFACTORIZACION,P2,Alta,large_file:1767_lines,Supera el presupuesto recomendado de tamaño; candidato a modularización.
tests/clientes-idor.test.ts,tests,.ts,7347,172,d384794a33693b275596ad5da5b24498407e77c946e6faf0cfafe846888f3826,review,MANTENER_Y_REVISAR,P3,Media,,No se confirmó obsolescencia en el análisis estático; conservar hasta validación dinámica.
tests/2fa-verify-route.test.ts,tests,.ts,6172,148,6da9a3e0dcf1809017bd9a2e0612914955da49ebed598df553cf22b6e3bf768a,review,MANTENER_Y_REVISAR,P3,Media,,No se confirmó obsolescencia en el análisis estático; conservar hasta validación dinámica.
tests/sgie-motor-documental.test.ts,tests,.ts,8858,208,8bf91cfaea66c35eb2c81bddb4799e62aa93443d7190747ca676e0fc71313231,review,MANTENER_Y_REVISAR,P3,Media,,No se confirmó obsolescencia en el análisis estático; conservar hasta validación dinámica.
tests/blog-internal-links.test.ts,tests,.ts,4804,129,15b528ae59c705afa3efef766729ccf02eb01971072bc6b714681af3caeb09f1,review,MANTENER_Y_REVISAR,P3,Media,,No se confirmó obsolescencia en el análisis estático; conservar hasta validación dinámica.
tests/fase2-paginas-centrales.test.ts,tests,.ts,11119,276,cb7ce9989eef58bfd132550a9e3df08bc4c2285f689643b11d66b69b43fffb63,review,MANTENER_Y_REVISAR,P3,Media,,No se confirmó obsolescencia en el análisis estático; conservar hasta validación dinámica.
.github/dependabot.yml,ci,.yml,1876,65,eac4adf5b3a36062149207cb136eecd55175b343d84a9011522b3030a812f905,review,MANTENER_Y_REVISAR,P3,Media,,No se confirmó obsolescencia en el análisis estático; conservar hasta validación dinámica.
hooks/use-install-prompt.ts,hooks,.ts,5850,155,c086d68e5bd1d5b716b0060873a5f143aa77cc6ab9c27605f9e83da286ec056c,review,MANTENER_Y_REVISAR,P3,Media,runtime-reachable,No se confirmó obsolescencia en el análisis estático; conservar hasta validación dinámica.
hooks/use-focus-trap.ts,hooks,.ts,1246,42,e74ac08c4d63c0a68bf732ee43062c56cb7f260da41232b5c2d733aaacaa80ed,review,MANTENER_Y_REVISAR,P3,Media,runtime-reachable,No se confirmó obsolescencia en el análisis estático; conservar hasta validación dinámica.
hooks/use-media-query.ts,hooks,.ts,596,18,0495acee94692fbf1ccb62c4a59a05ef6d3e08d753fd11924e1c079a135254e8,review,MANTENER_Y_REVISAR,P3,Media,runtime-reachable,No se confirmó obsolescencia en el análisis estático; conservar hasta validación dinámica.
hooks/use-debounce.ts,hooks,.ts,331,13,5b5d2e875b956a719787ef40904d9e3be40dc983f160e5a630c5fe758cd0f51e,review,MANTENER_Y_REVISAR,P3,Media,runtime-reachable,No se confirmó obsolescencia en el análisis estático; conservar hasta validación dinámica.
hooks/use-unsaved-changes.ts,hooks,.ts,404,16,954e538e8710c01d1ddee9b84b394b704c8f9c1310bc2e9880d35b85ecf8fdb9,review,MANTENER_Y_REVISAR,P3,Media,runtime-reachable,No se confirmó obsolescencia en el análisis estático; conservar hasta validación dinámica.
hooks/use-reveal.ts,hooks,.ts,3548,110,225e31cf2a6bea0e15a516621f3c3eb2f44eec7b71404614338a79c680ee9d30,review,MANTENER_Y_REVISAR,P3,Media,runtime-reachable,No se confirmó obsolescencia en el análisis estático; conservar hasta validación dinámica.
hooks/use-keyboard-shortcuts.ts,hooks,.ts,1239,42,871571f89f95d1eb3472962cff7146420f1228b116e069f398e3806b94abe21f,review,MANTENER_Y_REVISAR,P3,Media,runtime-reachable,No se confirmó obsolescencia en el análisis estático; conservar hasta validación dinámica.
.githooks/pre-commit,other,[none],246,,a091a424fbf8b618da989825dc269002511008dec3b2e3d80f37684025628f25,review,MANTENER_Y_REVISAR,P3,Media,,Revisión ordinaria.
.githooks/pre-merge-commit,other,[none],245,,31da134876c8e3f40b094c3a529c061c7da3dec2562fd470ad5ace6b38a260e2,review,MANTENER_Y_REVISAR,P3,Media,,Revisión ordinaria.
ahrefs/pineda-&-asociados_10-jul-2026_internal-urls_2026-07-10_11-25-16.csv,audit-output,.csv,1016948,,f04c0779373bd54a0be1a5774a3fb880b1a0f58e661a9f6708a7edd424062ff5,historical-audit-review,ARCHIVAR_FUERA_DE_RAIZ_O_RETENER_RESUMEN,P2,Alta,,Salida puntual de auditoría/exportación; no es runtime.
ahrefs/pineda-&-asociados_10-jul-2026_links-target-r_2026-07-10_11-25-46.csv,audit-output,.csv,81644,,4fa610c71a4ea3d355132c4ad0dfc4a839334bce14fb7f5ab406dec196dfe970,historical-audit-review,ARCHIVAR_FUERA_DE_RAIZ_O_RETENER_RESUMEN,P2,Alta,duplicado_exact:DUP-14,Salida puntual de auditoría/exportación; no es runtime. Contenido byte-idéntico a otro archivo; elegir una copia canónica.
ahrefs/pineda-&-asociados_10-jul-2026_links-canonica_2026-07-10_11-27-12.csv,audit-output,.csv,366446,,e10e59d7dbe592f45f76c632ddb0f21c16f5b44f6e8d129e90d5db0f6585242e,historical-audit-review,ARCHIVAR_FUERA_DE_RAIZ_O_RETENER_RESUMEN,P2,Alta,,Salida puntual de auditoría/exportación; no es runtime.
ahrefs/pineda-&-asociados_10-jul-2026_internal-html_2026-07-10_11-25-25.csv,audit-output,.csv,880674,,9eb32774c02c34b633c7c7c99f52859fb707ce6abd9b6c49fc110a13aec76400,historical-audit-review,ARCHIVAR_FUERA_DE_RAIZ_O_RETENER_RESUMEN,P2,Alta,,Salida puntual de auditoría/exportación; no es runtime.
ahrefs/pineda-&-asociados_10-jul-2026_links-target-r_2026-07-10_11-26-24.csv,audit-output,.csv,81644,,4fa610c71a4ea3d355132c4ad0dfc4a839334bce14fb7f5ab406dec196dfe970,historical-audit-review,ARCHIVAR_FUERA_DE_RAIZ_O_RETENER_RESUMEN,P2,Alta,duplicado_exact:DUP-14,Salida puntual de auditoría/exportación; no es runtime. Contenido byte-idéntico a otro archivo; elegir una copia canónica.
ahrefs/pineda-&-asociados_10-jul-2026_links-target-4_2026-07-10_11-25-42.csv,audit-output,.csv,4310,,72cab25c26d32ac2598f679412fe94fa0d020a7df6d529f9ce5ea1671a2a9748,historical-audit-review,ARCHIVAR_FUERA_DE_RAIZ_O_RETENER_RESUMEN,P2,Alta,,Salida puntual de auditoría/exportación; no es runtime.
drizzle/seed-fase2.ts,database,.ts,15952,421,693a127978aaa2422b399b13ebbc28c08b9f6e31fefc322d5986c3c5b2b5eb1a,review,MANTENER_Y_REVISAR,P3,Media,,No se confirmó obsolescencia en el análisis estático; conservar hasta validación dinámica.
drizzle/seed.ts,database,.ts,9192,243,b674d00b21bc6fdf2b4d02b0981a7dba80ba3bd08925c9c3f82f0ded850b2ca8,review,MANTENER_Y_REVISAR,P3,Media,,No se confirmó obsolescencia en el análisis estático; conservar hasta validación dinámica.
drizzle/seed-sgie-demo-carlos.ts,database,.ts,31021,447,5ebcb34aecf66e1474734f6a527a76fb1e98e4daba0c76312208b038962c7446,review,MANTENER_Y_REVISAR,P3,Media,,No se confirmó obsolescencia en el análisis estático; conservar hasta validación dinámica.
drizzle/seed-sgie-plantillas.ts,database,.ts,17957,316,6da7fd4f6fe71bcd56f61a25b136146d879eb6ec727520bb944e46c7b6b1e205,review,MANTENER_Y_REVISAR,P3,Media,,No se confirmó obsolescencia en el análisis estático; conservar hasta validación dinámica.
drizzle/seed-sgie-procedimientos.ts,database,.ts,6102,179,ffabe9772e727df07bc48e28622615db77195465546dfb77f9f17a74c890306a,review,MANTENER_Y_REVISAR,P3,Media,,No se confirmó obsolescencia en el análisis estático; conservar hasta validación dinámica.
lib/auth.ts,lib,.ts,14904,410,ddfe6bec5a4a44dcb8bdcc4137a2c8c0accabeb4c4ffaa7ea38f0d5e78cfafbc,review,MANTENER_Y_REVISAR,P3,Media,runtime-reachable,No se confirmó obsolescencia en el análisis estático; conservar hasta validación dinámica.
lib/analytics.ts,lib,.ts,12062,309,e7ffb592e58044e183a9c1e19a35045ce1a3c33dbf7575b1ca24962bc6bbc4c4,review,MANTENER_Y_REVISAR,P3,Media,runtime-reachable,No se confirmó obsolescencia en el análisis estático; conservar hasta validación dinámica.
lib/email-staging-wrapper.ts,lib,.ts,2453,105,35d197e187c1894504e716eec1c14f0bbebec60eaed7a43eba594ca244641dc0,review,VALIDAR_Y_ELIMINAR_CANDIDATO,P1,Media,,Sin entrada ni importaciones runtime detectadas.
lib/legal-review.ts,lib,.ts,8438,194,1542a2b30bd89faa15fbfb4f5aabcba1b81c8de9db3e67131e65f497f49168ff,review,MANTENER_Y_REVISAR,P3,Media,runtime-reachable,No se confirmó obsolescencia en el análisis estático; conservar hasta validación dinámica.
lib/blog.ts,lib,.ts,6795,165,9019f53ded838e7a24f3a421b199abe9bf302c91f0c5b60d905de9c8d9c971af,review,MANTENER_Y_REVISAR,P3,Media,runtime-reachable,No se confirmó obsolescencia en el análisis estático; conservar hasta validación dinámica.
lib/test-db-guard.ts,lib,.ts,1610,32,3efd053347b8d01934fb57538417f6d88c485fc9d49f2764505076488bdb7574,review,INTEGRAR_EN_RUNTIME_O_RETIRAR,P1,Alta,,Solo está conectado a pruebas; no al producto.
lib/seo.ts,lib,.ts,8094,230,a7a05cd16e1bffa5d0b545e0b2d5df35fce8af287a271fe970cad2891fa2ae0d,review,MANTENER_Y_REVISAR,P3,Media,runtime-reachable,No se confirmó obsolescencia en el análisis estático; conservar hasta validación dinámica.
lib/constants.ts,lib,.ts,429,18,4d8532420190ef3cfc0ef7d7c75af6fec6d2efdf41ab03825acba233a684a6cd,review,MANTENER_Y_REVISAR,P3,Media,runtime-reachable,No se confirmó obsolescencia en el análisis estático; conservar hasta validación dinámica.
lib/calculo-validator.ts,lib,.ts,7147,175,bef492f2a7c967e3caaa3554f48feeb802f83c6b3310d1855f230aa18cd3978d,review,INTEGRAR_EN_RUNTIME_O_RETIRAR,P1,Alta,,Solo está conectado a pruebas; no al producto.
lib/storage.ts,lib,.ts,4511,147,f7e81b1edf941eba3cd70198a8fe3deb3aeb7be23c954ebb637b2dfb4b1a500d,review,VALIDAR_Y_ELIMINAR_CANDIDATO,P1,Media,,Sin entrada ni importaciones runtime detectadas.
lib/http-errors.ts,lib,.ts,1893,72,05a4ed9eeec842582b93d4b8b2ff8a16262308fbb8ca0d662f8cc4d6c30b6f48,review,MANTENER_Y_REVISAR,P3,Media,runtime-reachable,No se confirmó obsolescencia en el análisis estático; conservar hasta validación dinámica.
lib/blog-hub.ts,lib,.ts,7918,213,0461fadb0e4be85857fa44108b233e37f47e29784f998413506a3ca0e975738d,review,MANTENER_Y_REVISAR,P3,Media,runtime-reachable,No se confirmó obsolescencia en el análisis estático; conservar hasta validación dinámica.
lib/faq-unified.ts,lib,.ts,4805,88,e8a00aaed265251b06b7ae13d3125ffbc6f132b0a4872f6909f7044997029e24,review,VALIDAR_Y_ELIMINAR_CANDIDATO,P1,Media,,Sin entrada ni importaciones runtime detectadas.
lib/pdf-document.tsx,lib,.tsx,15346,556,e5117ec14645ebeaa5a26693b31dd48272523cbd43ad5c1a2a9fb8701fa34062,review,MANTENER_Y_PLANIFICAR_REFACTORIZACION,P2,Alta,runtime-reachable;large_file:556_lines,Supera el presupuesto recomendado de tamaño; candidato a modularización.
lib/file-validation.ts,lib,.ts,6963,186,02de58a351057d5408f32dd6ee033b2fc8cda5275591d9dd399e71e17a4444d5,review,VALIDAR_Y_ELIMINAR_CANDIDATO,P1,Media,,Sin entrada ni importaciones runtime detectadas.
lib/estados-delitos.ts,lib,.ts,1790,64,6a56288b51cce2bc7cad0473e9b2d2e3c34a564c77e06e05250436de2a51bad1,review,MANTENER_Y_REVISAR,P3,Media,runtime-reachable,No se confirmó obsolescencia en el análisis estático; conservar hasta validación dinámica.
lib/entity-dictionary.ts,lib,.ts,10350,282,eb5115afe920ced02add762313225b26a48236381b3e3857b8439892a55199f3,review,MANTENER_Y_REVISAR,P3,Media,runtime-reachable,No se confirmó obsolescencia en el análisis estático; conservar hasta validación dinámica.
lib/blog-toc.ts,lib,.ts,3601,105,f85c776e7cf94bfc23c84ae6f6f0ab1a07ecbd1a2d5843a795b3276f05358dd2,review,MANTENER_Y_REVISAR,P3,Media,runtime-reachable,No se confirmó obsolescencia en el análisis estático; conservar hasta validación dinámica.
lib/ui.ts,lib,.ts,5809,147,54785306e7aba0a15ab2111c1934411b4d46ca448047d37385866267139c129b,review,MANTENER_Y_REVISAR,P3,Media,runtime-reachable,No se confirmó obsolescencia en el análisis estático; conservar hasta validación dinámica.
lib/legal-content.ts,lib,.ts,1719,53,d731dee26ffd9bbc0a62c06d1dd88a5aecafcb8e22cecc620ae0959f41b81b27,review,MANTENER_Y_REVISAR,P3,Media,runtime-reachable,No se confirmó obsolescencia en el análisis estático; conservar hasta validación dinámica.
lib/blog-context-linker.ts,lib,.ts,10447,301,daba73b5abad2f84e4db70ea42987ea3f70ab493557501f925b429b787748950,review,MANTENER_Y_REVISAR,P3,Media,runtime-reachable,No se confirmó obsolescencia en el análisis estático; conservar hasta validación dinámica.
lib/page-content-db.ts,lib,.ts,44995,759,2dadd8b1a4d20783046d9ccddbcae706dc2909140cc8538ede799aa4330461dc,review,MANTENER_Y_PLANIFICAR_REFACTORIZACION,P2,Alta,runtime-reachable;large_file:759_lines,Supera el presupuesto recomendado de tamaño; candidato a modularización.
lib/calculo.ts,lib,.ts,1365,46,2b62edeb4acb2dab419bb2dc98c3493d01253b2641e0332e30b7ab0b475fe5c4,review,MANTENER_Y_REVISAR,P3,Media,runtime-reachable,No se confirmó obsolescencia en el análisis estático; conservar hasta validación dinámica.
lib/lead-magnets.ts,lib,.ts,4359,108,2f689b33651bcc628da9aded0dfcbd0cce2c73e09e5dffdd3df9f83e12cd4a85,review,MANTENER_Y_REVISAR,P3,Media,runtime-reachable,No se confirmó obsolescencia en el análisis estático; conservar hasta validación dinámica.
lib/sanitize.ts,lib,.ts,1445,44,86c4006ded64fec57e4252257ad1fff652b6a006a88901a8624ada6eb2f38880,review,MANTENER_Y_REVISAR,P3,Media,runtime-reachable,No se confirmó obsolescencia en el análisis estático; conservar hasta validación dinámica.
lib/catalogos.ts,lib,.ts,6057,59,4971a427efde0e64ee68e3497ac7bc714006d8e065374ba9880406a176e48c30,review,MANTENER_Y_REVISAR,P3,Media,runtime-reachable,No se confirmó obsolescencia en el análisis estático; conservar hasta validación dinámica.
lib/audit.ts,lib,.ts,2184,77,86dc9c7d83ca999426e252badc260e1b57373793b78c675e647e626a4f2178fc,review,MANTENER_Y_REVISAR,P3,Media,runtime-reachable,No se confirmó obsolescencia en el análisis estático; conservar hasta validación dinámica.
lib/blog-db.ts,lib,.ts,4416,137,20eb0cdcbd882470d3553b2a7b170cf10cc776eae59a64bae76b413a1e1b984c,review,MANTENER_Y_REVISAR,P3,Media,runtime-reachable,No se confirmó obsolescencia en el análisis estático; conservar hasta validación dinámica.
lib/faq-schema.ts,lib,.ts,1065,34,3af8809b31a9461b1c223b5e571cea2ec86621ffb4b937e8b3079c217bf5b91f,review,MANTENER_Y_REVISAR,P3,Media,runtime-reachable,No se confirmó obsolescencia en el análisis estático; conservar hasta validación dinámica.
lib/site-config-db.ts,lib,.ts,1385,43,43cbd9a57c91959409109b87595c2cf5e64324eb7da89e48c572972e93f54c92,review,MANTENER_Y_REVISAR,P3,Media,runtime-reachable,No se confirmó obsolescencia en el análisis estático; conservar hasta validación dinámica.
lib/email.ts,lib,.ts,19573,430,8cdb2b15a308939bcd6062a8ee4530f20a004d39fcd7c374db991c16915dd6d7,review,MANTENER_Y_REVISAR,P3,Media,runtime-reachable,No se confirmó obsolescencia en el análisis estático; conservar hasta validación dinámica.
lib/schema.ts,lib,.ts,180978,3452,d340e2c7512d958e93060e95f1d153410f0fc29a9f09db0aef23420acaa722b0,review,DIVIDIR_POR_DOMINIOS,P2,Alta,runtime-reachable;large_file:3452_lines,Archivo monolítico de más de 3.400 líneas; alto acoplamiento y conflictos. Supera el presupuesto recomendado de tamaño; candidato a modularización.
lib/google-reviews.ts,lib,.ts,3843,138,8e07fe5b20cb6da232d38980f5fd6591cc59648aff334588970d0dcfc675c220,review,VALIDAR_Y_ELIMINAR_CANDIDATO,P1,Media,,Sin entrada ni importaciones runtime detectadas.
lib/strip-html.ts,lib,.ts,1676,39,07a7b2de6b4b6d126c505b5aed092430282a42d6c198eccd8bc1c8e2eae35bf0,review,MANTENER_Y_REVISAR,P3,Media,runtime-reachable,No se confirmó obsolescencia en el análisis estático; conservar hasta validación dinámica.
lib/areas-db.ts,lib,.ts,2222,58,0610ef64911b5b31e81692332173d8c75946e5873fd36ea6647058403648eff6,review,MANTENER_Y_REVISAR,P3,Media,runtime-reachable,No se confirmó obsolescencia en el análisis estático; conservar hasta validación dinámica.
lib/permissions.ts,lib,.ts,1006,30,ab0b4590e0f615f94f0fc0f37aaf8a408ca2b56c91f013f85c0a51e2a6651e44,review,VALIDAR_Y_ELIMINAR_CANDIDATO,P1,Media,,Sin entrada ni importaciones runtime detectadas.
lib/icon-map.ts,lib,.ts,2285,72,19caa6d87993ad4a363700e358a048ca41a229932fdde6c61d9859a07474d8b4,review,MANTENER_Y_REVISAR,P3,Media,runtime-reachable,No se confirmó obsolescencia en el análisis estático; conservar hasta validación dinámica.
lib/areas-unified.ts,lib,.ts,5690,164,4f5a2513768b1632237c1d2858900d189a9dbf59ff81e39e3220a7498903f12a,review,MANTENER_Y_REVISAR,P3,Media,runtime-reachable,No se confirmó obsolescencia en el análisis estático; conservar hasta validación dinámica.
lib/faq-db.ts,lib,.ts,2493,90,403cad73318459514043dc78155e249ff5be8008a368692078313758b3b17b2b,review,MANTENER_Y_REVISAR,P3,Media,runtime-reachable,No se confirmó obsolescencia en el análisis estático; conservar hasta validación dinámica.
lib/auth-2fa.ts,lib,.ts,10566,254,193b25ecd17067aea998530227fd3e475068e331c16c713f3b654e93c59f2e5c,review,MANTENER_Y_REVISAR,P3,Media,runtime-reachable,No se confirmó obsolescencia en el análisis estático; conservar hasta validación dinámica.
lib/datetime.ts,lib,.ts,3645,113,7e93e5eec103ba88d2592661fecee22e3e4544ed7f9a3801bda7aba3d8095607,review,MANTENER_Y_REVISAR,P3,Media,runtime-reachable,No se confirmó obsolescencia en el análisis estático; conservar hasta validación dinámica.
lib/invitations.ts,lib,.ts,11199,318,4237770a773bfe62050b3fe1bd9605c485acffb9a1e564864e8a27f0345b0b07,review,MANTENER_Y_REVISAR,P3,Media,runtime-reachable,No se confirmó obsolescencia en el análisis estático; conservar hasta validación dinámica.
lib/rate-limit.ts,lib,.ts,3573,118,d66c3e51a0c0980f32f8e7fd54ca131e48543ef2a56c4c4301a2178df54147eb,review,MANTENER_Y_REVISAR,P3,Media,runtime-reachable,No se confirmó obsolescencia en el análisis estático; conservar hasta validación dinámica.
lib/api-fetch.ts,lib,.ts,3611,101,3efe85ec8ecfcd546c485f017d69481ed83e94801fea5cb63c4d0dd2fc04677f,review,VALIDAR_Y_ELIMINAR_CANDIDATO,P1,Media,,Sin entrada ni importaciones runtime detectadas.
lib/email-allowlist.ts,lib,.ts,2406,70,4e789df2dd0e361f2d8fe8205258623035b5dccb9d17e89e35cdafa88b05c1c0,review,VALIDAR_Y_ELIMINAR_CANDIDATO,P1,Media,,Sin entrada ni importaciones runtime detectadas.
lib/agenda-helpers.ts,lib,.ts,813,18,087b022111fbb4989e6db590615e6199e6c5f0d5bc4a15f72b2d4e037173ae0a,review,MANTENER_Y_REVISAR,P3,Media,runtime-reachable,No se confirmó obsolescencia en el análisis estático; conservar hasta validación dinámica.
lib/site.ts,lib,.ts,33152,757,fdb96500f6191cb0c5f154f12775438b25d52428514d2a38df2e8c1aa9a0fca4,review,MANTENER_Y_PLANIFICAR_REFACTORIZACION,P2,Alta,runtime-reachable;large_file:757_lines,Supera el presupuesto recomendado de tamaño; candidato a modularización.
lib/db.ts,lib,.ts,1011,35,580844f4627924136323c23806ed6960090eebf59cf587478e7506d24719f003,review,MANTENER_Y_REVISAR,P3,Media,runtime-reachable,No se confirmó obsolescencia en el análisis estático; conservar hasta validación dinámica.
lib/types.ts,lib,.ts,1600,56,5e15e6a48346c01e91465ca727616e1c7c8b00433995970911089b089446afc5,review,MANTENER_Y_REVISAR,P3,Media,runtime-reachable,No se confirmó obsolescencia en el análisis estático; conservar hasta validación dinámica.
lib/lead-magnet-pdf.tsx,lib,.tsx,11281,328,f455a29a8f86a6ab3c40fe115d09f699f96b349f8726deb75e2ea3722ece0584,review,MANTENER_Y_REVISAR,P3,Media,runtime-reachable,No se confirmó obsolescencia en el análisis estático; conservar hasta validación dinámica.
lib/access-service.ts,lib,.ts,6495,171,498bdaedec5bb0a37024c7638c771e920e7add849df369555b704d92100300f3,review,MANTENER_Y_REVISAR,P3,Media,runtime-reachable,No se confirmó obsolescencia en el análisis estático; conservar hasta validación dinámica.
lib/captcha.ts,lib,.ts,2879,79,5376049c541e8ce91493caa3c9cccbeee27428b607de7ee5d1cdc01cfe5e738f,review,MANTENER_Y_REVISAR,P3,Media,runtime-reachable,No se confirmó obsolescencia en el análisis estático; conservar hasta validación dinámica.
lib/seo-schema.ts,lib,.ts,886,39,01c5c0a9bf5cc516e1dcf20e07bb7931d873524beb17977b6916814577aae4f5,review,MANTENER_Y_REVISAR,P3,Media,runtime-reachable,No se confirmó obsolescencia en el análisis estático; conservar hasta validación dinámica.
lib/cookie-consent.ts,lib,.ts,3168,87,be261c2b965141ce7c58f36e743b5e2716baa161bc9934af1feb61f076b21b19,review,MANTENER_Y_REVISAR,P3,Media,runtime-reachable,No se confirmó obsolescencia en el análisis estático; conservar hasta validación dinámica.
lib/cache.ts,lib,.ts,534,22,9cb6c6273c5d4fc24d370fc4548055f334abb8366bc6d9b43e1210ac5f52296d,review,MANTENER_Y_REVISAR,P3,Media,runtime-reachable,No se confirmó obsolescencia en el análisis estático; conservar hasta validación dinámica.
lib/cache-dashboard.ts,lib,.ts,766,23,9560222dbd9f98f4716af3dcbbd6cdf8ed3753735860f2a8170a384d863e38c8,review,VALIDAR_Y_ELIMINAR_CANDIDATO,P1,Media,,Sin entrada ni importaciones runtime detectadas.
lib/utils.ts,lib,.ts,2087,51,f8f0e257dcc2ea71ae56d42f013afd48e6d91f85a5ffbac3b4be58c8b14f5aa3,review,MANTENER_Y_REVISAR,P3,Media,runtime-reachable,No se confirmó obsolescencia en el análisis estático; conservar hasta validación dinámica.
lib/blog-helpers.ts,lib,.ts,6264,99,3af776194e6f09434069289878ef521c02b8ab29760afa82d783a5bfb8d5300d,review,VALIDAR_Y_ELIMINAR_CANDIDATO,P1,Media,,Sin entrada ni importaciones runtime detectadas.
lib/validation.ts,lib,.ts,7732,217,b3d92e3230338ff74c1b7abd960542baf2a69df89ecbf0c9d3fc771c431beb1a,review,MANTENER_Y_REVISAR,P3,Media,runtime-reachable,No se confirmó obsolescencia en el análisis estático; conservar hasta validación dinámica.
lib/two-factor-challenges.ts,lib,.ts,1370,33,9c1c60b116cec7015b8c38a20ea4741774e10673657df4149a1436af996a3311,review,MANTENER_Y_REVISAR,P3,Media,runtime-reachable,No se confirmó obsolescencia en el análisis estático; conservar hasta validación dinámica.
lib/csrf.ts,lib,.ts,1701,47,031cd07f5f373cb775cd3545dfb04e5d9c4255336713ef8b3e401787b89366cc,review,MANTENER_Y_REVISAR,P3,Media,runtime-reachable,No se confirmó obsolescencia en el análisis estático; conservar hasta validación dinámica.
lib/internal-links.ts,lib,.ts,15518,289,6bfc02d57ad847aea8df33ce25459912a50507a80f1ddb49bb499a1b88a81a91,review,MANTENER_Y_REVISAR,P3,Media,runtime-reachable,No se confirmó obsolescencia en el análisis estático; conservar hasta validación dinámica.
lib/webhook-verify.ts,lib,.ts,4666,124,f1b27ca7491ed283d5bebb75b89926ea4e296289516d00df096b34f399152e62,review,MANTENER_Y_REVISAR,P3,Media,runtime-reachable,No se confirmó obsolescencia en el análisis estático; conservar hasta validación dinámica.
lib/auth-reset.ts,lib,.ts,3842,92,b98b7183684b9023253d923d7ea8b5ab02d129278b9b6c02395ce733613f36e0,review,MANTENER_Y_REVISAR,P3,Media,runtime-reachable,No se confirmó obsolescencia en el análisis estático; conservar hasta validación dinámica.
lib/places.ts,lib,.ts,4363,138,c36da2511f8a6e0ede46164289e7ef89d188a0b65d9b60b518ac00afa3f8e59a,review,VALIDAR_Y_ELIMINAR_CANDIDATO,P1,Media,,Sin entrada ni importaciones runtime detectadas.
lib/staging-guard.ts,lib,.ts,2029,61,c0aced8759a0972a8ace971b14ec6a59e67501cbbc57d9a99ac14a7187ed6181,review,MANTENER_Y_REVISAR,P3,Media,runtime-reachable,No se confirmó obsolescencia en el análisis estático; conservar hasta validación dinámica.
lib/google.ts,lib,.ts,15154,504,b03ac90735af4ff036d7ab707314948a89017eb478abb6b67c2242460a621b1d,review,VALIDAR_Y_ELIMINAR_CANDIDATO,P1,Media,large_file:504_lines,Sin entrada ni importaciones runtime detectadas. Supera el presupuesto recomendado de tamaño; candidato a modularización.
lib/legal-disclaimer.ts,lib,.ts,2918,74,b3b4a65c850679d272cc619bbf4565936d212eeee23870f0e2a9b53eaa6f49b4,review,MANTENER_Y_REVISAR,P3,Media,runtime-reachable,No se confirmó obsolescencia en el análisis estático; conservar hasta validación dinámica.
lib/preview-db.ts,lib,.ts,3800,127,052c38f471f7e45502bd3f67a4c693e9716d09510d99815f0f60c5267f5c36d4,review,MANTENER_Y_REVISAR,P3,Media,runtime-reachable,No se confirmó obsolescencia en el análisis estático; conservar hasta validación dinámica.
auditoria-seo/audit-2026-07-02.md,audit-output,.md,1546,40,83284690a9d5ad9093a5e0db19b0003fe82243b99b3b404af1a28988286a536e,historical-audit-review,ARCHIVAR_FUERA_DE_RAIZ_O_RETENER_RESUMEN,P2,Alta,,Salida puntual de auditoría/exportación; no es runtime.
auditoria-seo/audit-2026-06-23.md,audit-output,.md,1546,40,615c0fdc0b51da8676580e4b11fdca68ebe406e03027f37a88b485c1e50a54a7,historical-audit-review,ARCHIVAR_FUERA_DE_RAIZ_O_RETENER_RESUMEN,P2,Alta,,Salida puntual de auditoría/exportación; no es runtime.
auditoria-seo/mcp-validation-2026-06-23.md,audit-output,.md,6835,154,5895c548eededbb552d931bd2128a3f2d76c3e9be8b938dc197dacff013fa201,historical-audit-review,ARCHIVAR_FUERA_DE_RAIZ_O_RETENER_RESUMEN,P2,Alta,,Salida puntual de auditoría/exportación; no es runtime.
auditoria-seo/followup-2026-06-23.md,audit-output,.md,8574,204,d3252c16db06b8b4415fa8c60df854e2bb0ed9005775b001d3ea8452c57deaef,historical-audit-review,ARCHIVAR_FUERA_DE_RAIZ_O_RETENER_RESUMEN,P2,Alta,,Salida puntual de auditoría/exportación; no es runtime.
auditoria-seo/mcp-seo-report-faq.md,audit-output,.md,31264,911,c8651ccdcc20d59ad2329bb764c6da3d3fbc042f6147f0403081fb23f0fb32a7,historical-audit-review,ARCHIVAR_FUERA_DE_RAIZ_O_RETENER_RESUMEN,P2,Alta,,Salida puntual de auditoría/exportación; no es runtime.
auditoria-seo/mcp-seo-report-blog.md,audit-output,.md,36558,906,90361a5c0abad05706e228c2a4d1dfe6e214aca240d21049fe55f6673c80c753,historical-audit-review,ARCHIVAR_FUERA_DE_RAIZ_O_RETENER_RESUMEN,P2,Alta,,Salida puntual de auditoría/exportación; no es runtime.
auditoria-seo/seguimiento-2026-06-25-implementacion.md,audit-output,.md,11873,166,3f724496ad20a09d89b7128d35f7984b51af4ee8b9e06a1b13cffc237b5dc330,historical-audit-review,ARCHIVAR_FUERA_DE_RAIZ_O_RETENER_RESUMEN,P2,Alta,,Salida puntual de auditoría/exportación; no es runtime.
auditoria-seo/mcp-seo-report-home.md,audit-output,.md,138211,3857,9e43053f3016fc44165433b7b0b0bc6200c447c04bc345325f43be8f13b86c57,historical-audit-review,ARCHIVAR_FUERA_DE_RAIZ_O_RETENER_RESUMEN,P2,Alta,,Salida puntual de auditoría/exportación; no es runtime.
auditoria-seo/seguimiento-2026-06-25-d0-postdeploy.md,audit-output,.md,10244,211,a466cff8b751ee3287cd0b3bafbd66569402ccb00beeb76a50f22a82294a27cc,historical-audit-review,ARCHIVAR_FUERA_DE_RAIZ_O_RETENER_RESUMEN,P2,Alta,,Salida puntual de auditoría/exportación; no es runtime.
auditoria-seo/link-building-plan-2026-06-23.md,audit-output,.md,4729,107,907e3e0626bba186db91211c8caf744f4b7d9950ded7fd456b9cc02dfcec73fa,historical-audit-review,ARCHIVAR_FUERA_DE_RAIZ_O_RETENER_RESUMEN,P2,Alta,,Salida puntual de auditoría/exportación; no es runtime.
auditoria-seo/mcp-seo-report-despacho.md,audit-output,.md,120711,3433,8487fe18ac871e8aa68b1be34354ab7bbaab47bb089c154823bc8eeb4f3647f3,historical-audit-review,ARCHIVAR_FUERA_DE_RAIZ_O_RETENER_RESUMEN,P2,Alta,,Salida puntual de auditoría/exportación; no es runtime.
e2e/fase4b-visual.spec.ts,tests,.ts,9864,270,4266d25a487189619d030444143dd1c416c7adb13ea4ddab40deefb85c2bc414,review,MANTENER_Y_REVISAR,P3,Media,,No se confirmó obsolescencia en el análisis estático; conservar hasta validación dinámica.
e2e/intranet-sidebar.spec.ts,tests,.ts,2412,71,31b3f07e7b230497524e2a8b918b9c0f1d00c2f0840f884e7edb5fdfb32e946d,review,MANTENER_Y_REVISAR,P3,Media,,No se confirmó obsolescencia en el análisis estático; conservar hasta validación dinámica.
e2e/sgie-demo.spec.ts,tests,.ts,2190,58,e9e5f85be2349f4bbabf007566c82f9d0215766d70ee82084b9c90f6919f3ad0,review,MANTENER_Y_REVISAR,P3,Media,,No se confirmó obsolescencia en el análisis estático; conservar hasta validación dinámica.
e2e/fase5-design.spec.ts,tests,.ts,6059,141,7fe852a070adafc0e849df96243ea163a090a7ef080aadd68ade5c95de495c05,review,MANTENER_Y_REVISAR,P3,Media,,No se confirmó obsolescencia en el análisis estático; conservar hasta validación dinámica.
e2e/smoke.spec.ts,tests,.ts,5751,146,9b6525859002c0b63e8aec53cb3482b1a882f8d4ab9966c48e57bfb2bdb4ee7a,review,MANTENER_Y_REVISAR,P3,Media,,No se confirmó obsolescencia en el análisis estático; conservar hasta validación dinámica.
e2e/auth-flow.spec.ts,tests,.ts,4638,117,23a2ec58faf508d62bb3aeaa3f24ed5f179b06a3644d791c6f4eebd0982c6e80,review,MANTENER_Y_REVISAR,P3,Media,,No se confirmó obsolescencia en el análisis estático; conservar hasta validación dinámica.
e2e/fase3e-visual.spec.ts,tests,.ts,10731,235,ffe795622dcf7858caa75d0ace09de91218e74bf0e418119a67a218f8023660f,review,MANTENER_Y_REVISAR,P3,Media,,No se confirmó obsolescencia en el análisis estático; conservar hasta validación dinámica.
e2e/admin-agravantes.spec.ts,tests,.ts,4157,89,6cc498b65fc624647f12ff210b4e7dce7eab22880d48e47b01a0e1c781bfde5b,review,MANTENER_Y_REVISAR,P3,Media,,No se confirmó obsolescencia en el análisis estático; conservar hasta validación dinámica.
e2e/hydration.spec.ts,tests,.ts,1965,50,c86da3759b089fc2f5a59afafb3e780cf1f61262f34a63618d0574add41fc1e9,review,MANTENER_Y_REVISAR,P3,Media,,No se confirmó obsolescencia en el análisis estático; conservar hasta validación dinámica.
data/images.ts,data,.ts,6420,137,cff678eafdf08c3caac126a77fc2a0a3e6cb857977e4b337deab9e504c9da425,review,MANTENER_Y_REVISAR,P3,Media,,No se confirmó obsolescencia en el análisis estático; conservar hasta validación dinámica.
data/landings-locales.ts,data,.ts,63525,950,13bddc446aa3704bc22a3382f32fbd748362055c43811e6e24955389ef5ede49,review,MANTENER_Y_PLANIFICAR_REFACTORIZACION,P2,Alta,large_file:950_lines,Supera el presupuesto recomendado de tamaño; candidato a modularización.
data/faqs-hubs.ts,data,.ts,12166,195,ca0166ae14ad43e6b8ea8d234685f5094628de7f8d8bf891ef2fe8233182ec48,review,MANTENER_Y_REVISAR,P3,Media,,No se confirmó obsolescencia en el análisis estático; conservar hasta validación dinámica.
data/codigo_familia_verificado.json,data,.json,1845,14,7af6f6d79ccec7ad38d9ba252d0aeeae13e4794ce69ce9c7ef01bad129d055aa,review,MANTENER_Y_REVISAR,P3,Media,,No se confirmó obsolescencia en el análisis estático; conservar hasta validación dinámica.
data/urls-blog.txt,data,.txt,14265,150,4d67dbdcce9e385a458ad0f0dfc19d7821801bdce169b42491980dac41fe48b7,review,MANTENER_Y_REVISAR,P3,Media,,No se confirmó obsolescencia en el análisis estático; conservar hasta validación dinámica.
data/articulos_cp.json,data,.json,633678,6352,d7c112be63327abe7a502c5fdf0819f8f895086dede6df179c99f204d64573f6,review,MANTENER_Y_REVISAR,P3,Media,,No se confirmó obsolescencia en el análisis estático; conservar hasta validación dinámica.
data/codigo_trabajo_verificado.json,data,.json,7100,129,e50692265e822c66fa5c8afef1d8256521d9e1ce3baf35acbca2d0f83d641488,review,MANTENER_Y_REVISAR,P3,Media,,No se confirmó obsolescencia en el análisis estático; conservar hasta validación dinámica.
data/cauca_verificado.json,data,.json,460,5,d91a1ca250fbe14da4e674dff1095d5b806a81429342fc8f1c60f2545e6192ce,review,MANTENER_Y_REVISAR,P3,Media,,No se confirmó obsolescencia en el análisis estático; conservar hasta validación dinámica.
data/lote-penal-1.json,data,.json,113642,355,e25a9e2ff63b88a2925e057e71b736a23b8390f0e600aab12c32ec131eff1eb5,review,MANTENER_Y_REVISAR,P3,Media,,No se confirmó obsolescencia en el análisis estático; conservar hasta validación dinámica.
data/faq-categories.ts,data,.ts,2686,84,1dd683731b6bbe456fe8167ba097d186e46906f0186f44219b87124167a5115c,review,MANTENER_Y_REVISAR,P3,Media,,No se confirmó obsolescencia en el análisis estático; conservar hasta validación dinámica.
data/codigo_comercio.json,data,.json,875712,11853,699a1404f6c4c65b11cc3cfeb8f43610416d48e7fd613e0b2b139ae8cf59dd25,review,MANTENER_Y_REVISAR,P3,Media,,No se confirmó obsolescencia en el análisis estático; conservar hasta validación dinámica.
data/codigo_tributario.json,data,.json,181807,1528,71692dddd26e7d539e63821d529855d2c0f007442352798c09aa3d3a21ff28bd,review,MANTENER_Y_REVISAR,P3,Media,,No se confirmó obsolescencia en el análisis estático; conservar hasta validación dinámica.
data/delitos.json,data,.json,854630,22084,1d06c468364432294995702d5acb19078b224f4ef8ab10ceaaa8bf89435f80d6,review,MANTENER_Y_REVISAR,P3,Media,,No se confirmó obsolescencia en el análisis estático; conservar hasta validación dinámica.
data/delitos-validacion.csv,data,.csv,40385,,e944f9312cfd559808c0472826a260173a65df933b39f78e3144d320398955d2,review,MANTENER_Y_REVISAR,P3,Media,,No se confirmó obsolescencia en el análisis estático; conservar hasta validación dinámica.
data/delitos-estados.json,data,.json,131144,3391,9fe521adb47191f253335e3e25274f3e93102b43b2d79a8b0d0781d0f0fafca0,review,MANTENER_Y_REVISAR,P3,Media,,No se confirmó obsolescencia en el análisis estático; conservar hasta validación dinámica.
data/delitos-validacion.json,data,.json,382944,10160,9d6579a4ae60e475195b16e0affd042f5ec474401a5118e8814fd2f2634be4ad,review,MANTENER_Y_REVISAR,P3,Media,,No se confirmó obsolescencia en el análisis estático; conservar hasta validación dinámica.
data/codigo_procesal_penal_verificado.json,data,.json,6978,47,7f8312f62673969c0e5460169e5f65cd5b202c52f878db0858187729eab06681,review,MANTENER_Y_REVISAR,P3,Media,,No se confirmó obsolescencia en el análisis estático; conservar hasta validación dinámica.
data/README.md,data,.md,2371,29,2baf285582fd8d1256f4bcc1f29a7ab31cea4629f11f3e2ccfe91c31b7f008fb,review,MANTENER_Y_REVISAR,P3,Media,,No se confirmó obsolescencia en el análisis estático; conservar hasta validación dinámica.
data/escudos-ciudades.ts,data,.ts,3066,28,8f66f2564b6b551a0225440626cedd18d78c7bb4c79c56047c7040507f90ca31,review,MANTENER_Y_REVISAR,P3,Media,,No se confirmó obsolescencia en el análisis estático; conservar hasta validación dinámica.
data/areas-juridicas.ts,data,.ts,138430,1545,93f828bf41ac2a0e3ed20dc97e60fc926ba7d6925fefd28bee0f411c137d29a4,review,MANTENER_Y_PLANIFICAR_REFACTORIZACION,P2,Alta,large_file:1545_lines,Supera el presupuesto recomendado de tamaño; candidato a modularización.
data/codigo_trabajo.json,data,.json,502554,5994,2eb7f14793357537ca2d7045b9783a0f2f363706282ee71758d50a78d1d4e6e0,review,MANTENER_Y_REVISAR,P3,Media,,No se confirmó obsolescencia en el análisis estático; conservar hasta validación dinámica.
data/articulos_constitucion.json,data,.json,258481,2651,37b129c3f133103b2dc467ba9ae6db656c8b2713b12e9afe0bba235d85b84175,review,MANTENER_Y_REVISAR,P3,Media,,No se confirmó obsolescencia en el análisis estático; conservar hasta validación dinámica.
data/ramas_juridicas.json,data,.json,14523,138,6fcec6f25c91046457c57f3e35bc43a694eda1f5ed8194c94976d8343945dd6d,review,MANTENER_Y_REVISAR,P3,Media,,No se confirmó obsolescencia en el análisis estático; conservar hasta validación dinámica.
data/codigo_civil.json,data,.json,1094754,16515,6f5b7e553f8698af7f917ca0098b05700f834a78916e89cd98b902a69b74429c,review,MANTENER_Y_REVISAR,P3,Media,,No se confirmó obsolescencia en el análisis estático; conservar hasta validación dinámica.
data/faq.ts,data,.ts,28678,448,fe9a61cfaa12e7c56e9a4865843d897a512f733ea3530cc00c83a3d3206ebd3e,review,MANTENER_Y_REVISAR,P3,Media,,No se confirmó obsolescencia en el análisis estático; conservar hasta validación dinámica.
docs/seo-monthly-ops.md,docs,.md,3383,45,11254046249787b67a06dbd7e403f9ef160e1e3e81f53614a0e9b016d851f2ee,review,MANTENER_Y_REVISAR,P3,Media,,Revisión ordinaria.
docs/content-review-schedule.md,docs,.md,6883,104,933f926c15888df8d2f94ea24d90cee87cf90702303d13abac9b73cf856b21dd,review,MANTENER_Y_REVISAR,P3,Media,,Revisión ordinaria.
docs/Texto_Consolidado_Codigo_Tributario_25JUNIO2018_Y_ANEXOS.pdf,docs,.pdf,5055588,,196be521c915a7abea68c06783e0e5a7bc8f39569e1ab45404942079ae99960e,review,MOVER_A_SOURCES_LEGAL_O_ALMACEN_EXTERNO,P2,Alta,,Fuente legal binaria mezclada con documentación operativa.
docs/blog-duplicity-report.md,docs,.md,8197,114,82452adb24a46ba91027f1b6ca8363f7b722e718cef08e3ba57c2742abbdd356,review,MANTENER_Y_REVISAR,P3,Media,,Revisión ordinaria.
docs/analytics-events.md,docs,.md,3309,53,4bd403dd5486703062d485e6cf0905e708562409531c5ee9afb554a0fbe6effa,review,MANTENER_Y_REVISAR,P3,Media,,Revisión ordinaria.
docs/email-resend-operacion.md,docs,.md,9471,211,8f4847fd5ab3e3a4d1d0deb9d018a7280a2621ea6e8f36ad484ef74c554f48d4,review,MANTENER_Y_REVISAR,P3,Media,,Revisión ordinaria.
docs/rag-guia-vercel-neon.txt,docs,.txt,6649,105,ddf9c6196569a11f9aeb829a5dad04b63a89707ade5605b08db2044891fd7415,review,MANTENER_Y_REVISAR,P3,Media,,Revisión ordinaria.
docs/indexacion-plan-decision.md,docs,.md,4252,80,648ee23d62446f9a4915bd0dc32656442613a694ec41e5dd029fefe07477f181,review,MANTENER_Y_REVISAR,P3,Media,,Revisión ordinaria.
public/apple-touch-icon.png,public-assets,.png,16430,,82192f400a6a9cb73259b626b6fcecbab0aa8e0807581835f211b2b57a8fdca4,review,MANTENER_Y_REVISAR,P3,Media,,No se confirmó obsolescencia en el análisis estático; conservar hasta validación dinámica.
public/icon-512.png,public-assets,.png,91612,,70bdec11f27e7d4edb37a3358b492000fe6968a9621a20bd4625f0c917a7da89,review,MANTENER_Y_REVISAR,P3,Media,,No se confirmó obsolescencia en el análisis estático; conservar hasta validación dinámica.
public/BingSiteAuth.xml,public-assets,.xml,87,5,65233cb2cc2907bd6e482cb0b89e3a84f2cc973a1e33ced4ab06966602f981b1,review,MANTENER_Y_REVISAR,P3,Media,,No se confirmó obsolescencia en el análisis estático; conservar hasta validación dinámica.
public/icon-192.png,public-assets,.png,18413,,0ec6a8e571d717732d46a6e2fb6b0b42578043d0574dc02805e9cc042068da45,review,MANTENER_Y_REVISAR,P3,Media,,No se confirmó obsolescencia en el análisis estático; conservar hasta validación dinámica.
public/og-image.webp,public-assets,.webp,93796,,2cb583a34e3163f488fe7d341e2a1702c5ad880d455d20872efbe486feee647a,review,MANTENER_Y_REVISAR,P3,Media,,No se confirmó obsolescencia en el análisis estático; conservar hasta validación dinámica.
public/manifest.json,public-assets,.json,728,32,0710bd71deb4224583925962f208b8092a43408f728ffde9c1f73bbef1d1363f,review,MANTENER_Y_REVISAR,P3,Media,,No se confirmó obsolescencia en el análisis estático; conservar hasta validación dinámica.
public/pinedayasociados-indexnow-key-2026.txt,public-assets,.txt,34,1,9e463875701092de1fbf9e8c2ac3861b3240906c6620c818af61e70dcf3ddbbb,review,VALIDAR_CON_DB_Y_ELIMINAR_O_DEDUPLICAR,P2,Media,,Sin referencias estáticas; puede existir referencia almacenada en DB.
public/llms.txt,public-assets,.txt,15988,165,50de015997eede3baccfed7f2ecfa4341513695f1560db34961997b7e83fae4f,review,MANTENER_Y_REVISAR,P3,Media,,No se confirmó obsolescencia en el análisis estático; conservar hasta validación dinámica.
public/sw.template.js,public-assets,.js,6062,172,cb293b3013380e7e34f7db44236e985106ee20b27cf41322c9427f136df60d1a,review,MANTENER_Y_REVISAR,P3,Media,,No se confirmó obsolescencia en el análisis estático; conservar hasta validación dinámica.
public/9f9940d5665c41d98705255d3704be71.txt,public-assets,.txt,32,1,c8002710e75b613a670c7f9508df524f89686217deda1f169586087b34ae921a,review,MANTENER_Y_REVISAR,P3,Media,,No se confirmó obsolescencia en el análisis estático; conservar hasta validación dinámica.
public/images/logo.png,public-assets,.png,301080,,844cad9b5477e6f88492bc17e4ba25f086415b632884a9e69f656d39a99ec9a2,review,MANTENER_Y_REVISAR,P3,Media,,No se confirmó obsolescencia en el análisis estático; conservar hasta validación dinámica.
public/.well-known/bbbbda6cdb1e4e2cbe8f6f81c1886f58.txt,public-assets,.txt,32,1,19c153434b372a5a2fa3e32e948027423a33d320bd26211edd956ad57bd0469a,review,VALIDAR_CON_DB_Y_ELIMINAR_O_DEDUPLICAR,P2,Media,,Sin referencias estáticas; puede existir referencia almacenada en DB.
public/og/choluteca.webp,public-assets,.webp,104158,,b974ea0fefbb75246313a545118e32e3f8e06f8fd283c1923e06e49dd8114d79,review,MANTENER_Y_REVISAR,P3,Media,,No se confirmó obsolescencia en el análisis estático; conservar hasta validación dinámica.
public/og/penal.webp,public-assets,.webp,53242,,28738fb96c5f218f703b02aa11610975069fc937126275a82efd0ff1edb55982,review,MANTENER_Y_REVISAR,P3,Media,,No se confirmó obsolescencia en el análisis estático; conservar hasta validación dinámica.
public/og/san-lorenzo.webp,public-assets,.webp,206616,,a56dc7b494abf2f0ab4f768ef7d14da1563be7dbcfe15b6595c415fb888a252c,review,MANTENER_Y_REVISAR,P3,Media,,No se confirmó obsolescencia en el análisis estático; conservar hasta validación dinámica.
public/og/migracion.webp,public-assets,.webp,124856,,a0acb1f603d0c152800e7a5182d235cac613d3814d5390cc2f19ad4fd52868ee,review,MANTENER_Y_REVISAR,P3,Media,,No se confirmó obsolescencia en el análisis estático; conservar hasta validación dinámica.
public/og/laboral.webp,public-assets,.webp,32118,,e4d8a3ed8ebeb44f231bb77ffb83254100ca78bd3922da508010a50079cf2576,review,MANTENER_Y_REVISAR,P3,Media,,No se confirmó obsolescencia en el análisis estático; conservar hasta validación dinámica.
public/og/blog.webp,public-assets,.webp,74124,,b0e563db4a8baf677121f8e32057e1f67d7db33185dadea2b3bc5ad69a98a70b,review,MANTENER_Y_REVISAR,P3,Media,,No se confirmó obsolescencia en el análisis estático; conservar hasta validación dinámica.
public/og/civil.webp,public-assets,.webp,61520,,7e25b1765c27ebd3a1cd8562f33683d125cb2397963d6cba109a638ea641a5d7,review,MANTENER_Y_REVISAR,P3,Media,,No se confirmó obsolescencia en el análisis estático; conservar hasta validación dinámica.
public/og/familia.webp,public-assets,.webp,67396,,266e83c90ea90131705cad2dc68a819293e2b1dbbd9b79877922bc837b6d1d31,review,MANTENER_Y_REVISAR,P3,Media,,No se confirmó obsolescencia en el análisis estático; conservar hasta validación dinámica.
public/og/faq.webp,public-assets,.webp,71472,,ef37a8a7805cf5912b1992789064ab65ab3f1cabe046e9a9637cbf1e41d5d692,review,MANTENER_Y_REVISAR,P3,Media,,No se confirmó obsolescencia en el análisis estático; conservar hasta validación dinámica.
public/og/nacaome.webp,public-assets,.webp,151328,,9786b377437fa7050eddbf023f29acc03a441450d37a1c6c235381d3ded79dee,review,MANTENER_Y_REVISAR,P3,Media,,No se confirmó obsolescencia en el análisis estático; conservar hasta validación dinámica.
public/images/services/tributario.webp,public-assets,.webp,53746,,486cdb9116c4c2aa6048873ce05f3a000c3a118445c0886b1153b49ad436f4e5,review,MANTENER_Y_REVISAR,P3,Media,,No se confirmó obsolescencia en el análisis estático; conservar hasta validación dinámica.
public/images/services/sanitario.webp,public-assets,.webp,40426,,af51fd51211327313930695d45e1eeb8638acb85d8ca2c9e42a049fe2090c936,review,MANTENER_Y_REVISAR,P3,Media,,No se confirmó obsolescencia en el análisis estático; conservar hasta validación dinámica.
public/images/services/administrativo.webp,public-assets,.webp,140400,,816f7655100a21fd370230316f61fae4dbb3ccac5b2ada1ec92441ac9f8f8f93,review,MANTENER_Y_REVISAR,P3,Media,,No se confirmó obsolescencia en el análisis estático; conservar hasta validación dinámica.
public/images/services/asuntos-civiles-y-familiares-desde-el-extranjero.webp,public-assets,.webp,84330,,2b7a08b79a9f185bed308fa2e833e41894d6482386992084c1770e81c9b32597,review,MANTENER_Y_REVISAR,P3,Media,,No se confirmó obsolescencia en el análisis estático; conservar hasta validación dinámica.
public/images/services/gestion-documental-y-legalizacion.avif,public-assets,.avif,49762,,e43dcc77c4f431d30a3c63bf887017bfa9f64f338634979951a837be531654f6,review,VALIDAR_CON_DB_Y_ELIMINAR_O_DEDUPLICAR,P2,Media,,Sin referencias estáticas; puede existir referencia almacenada en DB.
public/images/services/derecho-civil-notarial-valle.webp,public-assets,.webp,28656,,96296e4a06f34d5e7d93d6f414f029a6b7d41966fbfaf785711040281cf51e0d,review,MANTENER_Y_REVISAR,P3,Media,,No se confirmó obsolescencia en el análisis estático; conservar hasta validación dinámica.
public/images/services/derecho-laboral-honduras.webp,public-assets,.webp,32652,,2c0a3f0ff4965a4371ee9492626c6c7b66b63c29c338f204690ff55b6111dcfe,review,MANTENER_Y_REVISAR,P3,Media,,No se confirmó obsolescencia en el análisis estático; conservar hasta validación dinámica.
public/images/services/gestion-documental-y-legalizacion.webp,public-assets,.webp,39524,,d4df3e422ffc6f5f16458cff5f0fda5e55d7a3e0cd48aff3df7e76f41dfe9165,review,MANTENER_Y_REVISAR,P3,Media,,No se confirmó obsolescencia en el análisis estático; conservar hasta validación dinámica.
public/images/services/extranjeria.webp,public-assets,.webp,210640,,c743daf703cbeeb8b7443559d407b9cfb3995c4a79be03cd53dc25c823c22175,review,MANTENER_Y_REVISAR,P3,Media,,No se confirmó obsolescencia en el análisis estático; conservar hasta validación dinámica.
public/images/services/asuntos-civiles-y-familiares-desde-el-extranjero.avif,public-assets,.avif,99874,,0e6f1990cab1549dc9a00a8ffa600770b57aea594726e3fec744e73a53e96dbc,review,VALIDAR_CON_DB_Y_ELIMINAR_O_DEDUPLICAR,P2,Media,,Sin referencias estáticas; puede existir referencia almacenada en DB.
public/images/services/bancario.webp,public-assets,.webp,46268,,3b5bf544f704f1ef3f13a5a54ee24be253244641c39a191723004b4746dc6dbd,review,MANTENER_Y_REVISAR,P3,Media,,No se confirmó obsolescencia en el análisis estático; conservar hasta validación dinámica.
public/images/services/ambiental.webp,public-assets,.webp,282596,,dcd053bb50b33b94425df1c2ea48b9f6c743bb01fd9b88651931ef78c609607a,review,MANTENER_Y_REVISAR,P3,Media,,No se confirmó obsolescencia en el análisis estático; conservar hasta validación dinámica.
public/images/services/aduanero.webp,public-assets,.webp,221086,,ee24d5d769689e011aeff47e5d6918af946d51c4da9d9476e637d34cad74d12c,review,MANTENER_Y_REVISAR,P3,Media,,No se confirmó obsolescencia en el análisis estático; conservar hasta validación dinámica.
public/images/services/arbitraje.webp,public-assets,.webp,76616,,027961cc5928975d95ce45451fca53c9385c9048703c5e74c251f0e7279ea2ac,review,MANTENER_Y_REVISAR,P3,Media,,No se confirmó obsolescencia en el análisis estático; conservar hasta validación dinámica.
public/images/services/actos-notariales-internacionales.avif,public-assets,.avif,45530,,6bfc2972ea9e5336d0121e3baa6609c86274f60c2f9e921b6d4fb62c069eb69b,review,VALIDAR_CON_DB_Y_ELIMINAR_O_DEDUPLICAR,P2,Media,,Sin referencias estáticas; puede existir referencia almacenada en DB.
public/images/services/actos-notariales-internacionales.webp,public-assets,.webp,50544,,b234b16e1d6146ae7cc58b8b9dc233ddc041ae26486a639144c98b414da651dd,review,MANTENER_Y_REVISAR,P3,Media,,No se confirmó obsolescencia en el análisis estático; conservar hasta validación dinámica.
public/images/services/mercantil.webp,public-assets,.webp,89746,,0ec7479765ff2773bce6aa849add137b5b536d79191f0d3c709bdcf6f2ff9fc5,review,MANTENER_Y_REVISAR,P3,Media,,No se confirmó obsolescencia en el análisis estático; conservar hasta validación dinámica.
public/images/services/propiedad-intelectual.webp,public-assets,.webp,21608,,baba92d76813909850e9c467eb19c3d61f58ca4a943a919feb9656b666b89575,review,MANTENER_Y_REVISAR,P3,Media,,No se confirmó obsolescencia en el análisis estático; conservar hasta validación dinámica.
public/images/services/defensa-familia-nacaome.webp,public-assets,.webp,97210,,573839458ac6572c7444516b9b04628906362ea0e7e1b5974ae2941a9a2d0e64,review,MANTENER_Y_REVISAR,P3,Media,,No se confirmó obsolescencia en el análisis estático; conservar hasta validación dinámica.
public/images/blog/naturalizacion-obtener-nacionalidad-hondurena.webp,public-assets,.webp,50570,,749a9f62e8a83372a424f1c62969c07173f0d93864c4a2ff8c5b9a89f15d31ee,review,MANTENER_Y_REVISAR,P3,Media,,No se confirmó obsolescencia en el análisis estático; conservar hasta validación dinámica.
public/images/blog/allanamiento-ilegal-violacion-domicilio-honduras.webp,public-assets,.webp,131304,,617dcd729b330048e3e03c92ad859e4edbdd2f91f95a0c0eb130e23450710e97,review,MANTENER_Y_REVISAR,P3,Media,,No se confirmó obsolescencia en el análisis estático; conservar hasta validación dinámica.
public/images/blog/habeas-corpus-cuando-interponer-honduras.webp,public-assets,.webp,473692,,b5c9945d982fe68249acb69c32465fdf068a73b5c611ee7be07a31d07d232f0c,review,MANTENER_Y_REVISAR,P3,Media,,No se confirmó obsolescencia en el análisis estático; conservar hasta validación dinámica.
public/images/blog/abogado-penalista-sur-honduras.webp,public-assets,.webp,112744,,b69ea1706cf24f81f9129d9505f35f495aeae89da880c78a5718d72c1c7b5e8d,review,DEDUPLICAR_CON_RUTA_CANONICA,P2,Alta,duplicado_exact:DUP-02,Contenido byte-idéntico a otro archivo; elegir una copia canónica.
public/images/blog/antejuicio-en-honduras.webp,public-assets,.webp,35240,,e68d80b8f5989499675930b88fe4aa876b4771b73044afb853d47776d5b1bcf3,review,DEDUPLICAR_CON_RUTA_CANONICA,P2,Alta,duplicado_exact:DUP-29,Contenido byte-idéntico a otro archivo; elegir una copia canónica.
public/images/blog/prescripcion-deudas-plazos-honduras.webp,public-assets,.webp,41716,,7071f9dee83d06bbd946e03f115ff7be835783bb5d5791f362ad6acf1fb6b9b4,review,DEDUPLICAR_CON_RUTA_CANONICA,P2,Alta,duplicado_exact:DUP-26,Contenido byte-idéntico a otro archivo; elegir una copia canónica.
public/images/blog/titulos-valores-cheques-sin-fondo-honduras.webp,public-assets,.webp,21294,,408327147265d5b9daf34f1a090cb97d6c9099b699794805cab69bfac1b05e62,review,MANTENER_Y_REVISAR,P3,Media,,No se confirmó obsolescencia en el análisis estático; conservar hasta validación dinámica.
public/images/blog/que-hacer-si-me-detienen-en-honduras.webp,public-assets,.webp,231090,,f69111c2f3d90ce26de1869735df0a9afc627e3fa32aded1079749685eb9d10b,review,MANTENER_Y_REVISAR,P3,Media,,No se confirmó obsolescencia en el análisis estático; conservar hasta validación dinámica.
public/images/blog/registro-sanitario-alimentos-arsa-paso-a-paso-honduras.webp,public-assets,.webp,78380,,f7cc1cd1712e2860ba96449512ec26c8c951493ea43acd300dfff14a84234c3d,review,MANTENER_Y_REVISAR,P3,Media,,No se confirmó obsolescencia en el análisis estático; conservar hasta validación dinámica.
public/images/blog/importaciones-san-lorenzo.webp,public-assets,.webp,133332,,644501bacfa9aab121512064a3872d2ef826c5a764dfc7d1110996a8a16ede1e,review,DEDUPLICAR_CON_RUTA_CANONICA,P2,Alta,duplicado_exact:DUP-10,Contenido byte-idéntico a otro archivo; elegir una copia canónica.
public/images/blog/abogados-en-nacaome.webp,public-assets,.webp,105772,,97a20b44396cb6115bbc8e2d141050587c4225264cb1bf763b2eed3276e4c5e9,review,VALIDAR_CON_DB_Y_ELIMINAR_O_DEDUPLICAR,P2,Media,duplicado_exact:DUP-01,Sin referencias estáticas; puede existir referencia almacenada en DB. Contenido byte-idéntico a otro archivo; elegir una copia canónica.
public/images/blog/despido-injustificado-honduras-derechos-trabajador.webp,public-assets,.webp,62792,,41ad75001077e06bf5c3aba2e1a99dd3e2a0bcd96e52282e0ae2faad34be9164,review,DEDUPLICAR_CON_RUTA_CANONICA,P2,Alta,duplicado_exact:DUP-11,Contenido byte-idéntico a otro archivo; elegir una copia canónica.
public/images/blog/tramites-legales-nacaome.webp,public-assets,.webp,55900,,bbcee1f64e93e8349908f3043b90464dbb1ff8a6dc3a0c3e2d0866d10f7d7a33,review,DEDUPLICAR_CON_RUTA_CANONICA,P2,Alta,duplicado_exact:DUP-20,Contenido byte-idéntico a otro archivo; elegir una copia canónica.
public/images/blog/mediacion-familiar-cuando-funciona-honduras.webp,public-assets,.webp,189286,,9cb9d0d149a0225e9c229976b13a497f39fb82d1a6fceb95fd24f72575faf826,review,MANTENER_Y_REVISAR,P3,Media,,No se confirmó obsolescencia en el análisis estático; conservar hasta validación dinámica.
public/images/blog/audiencia-inicial-proceso-penal-honduras.webp,public-assets,.webp,223538,,f6ac4c586d704b3fca13da23d7e51b21dcbfb6bbfe2d7f18499ca0c71daaf156,review,MANTENER_Y_REVISAR,P3,Media,,No se confirmó obsolescencia en el análisis estático; conservar hasta validación dinámica.
public/images/blog/elegir-tipo-sociedad-empresa-honduras.webp,public-assets,.webp,86944,,46364bcd89fafc34c6478547e5e76efa686d700bdc922434098fa4d187196966,review,DEDUPLICAR_CON_RUTA_CANONICA,P2,Alta,duplicado_exact:DUP-12,Contenido byte-idéntico a otro archivo; elegir una copia canónica.
public/images/blog/medidas-sustitutivas-prision-preventiva-honduras.webp,public-assets,.webp,98480,,3f8ded9a30a04b2006ac5f7fcf35fb064abaec03b8fd8f7f9940556a3d84d6cb,review,MANTENER_Y_REVISAR,P3,Media,,No se confirmó obsolescencia en el análisis estático; conservar hasta validación dinámica.
public/images/blog/central-riesgos-honduras-consultar-impugnar.webp,public-assets,.webp,30742,,f8994afeaba909eda56a3f0d458542f24c82d7085317bb0405409d7b4c25cc95,review,DEDUPLICAR_CON_RUTA_CANONICA,P2,Alta,duplicado_exact:DUP-31,Contenido byte-idéntico a otro archivo; elegir una copia canónica.
public/images/blog/preguntas-frecuentes-antes-contratar-abogado-honduras.webp,public-assets,.webp,16718,,af38be164ffc523a205ef6457308e757c412ac91a034d5a3a5c2e4814ba03db9,review,MANTENER_Y_REVISAR,P3,Media,,No se confirmó obsolescencia en el análisis estático; conservar hasta validación dinámica.
public/images/blog/presentar-denuncia-conadeh-honduras.webp,public-assets,.webp,200624,,0626172afc97b40d200c262115f5cb53cde4888500716e576ddd033fa015961a,review,MANTENER_Y_REVISAR,P3,Media,,No se confirmó obsolescencia en el análisis estático; conservar hasta validación dinámica.
public/images/blog/divorcio-choluteca.webp,public-assets,.webp,66046,,11e501dd58402e19bb9831ea04e6221c914140e461a2cd7e81f0a5ceb143541a,review,DEDUPLICAR_CON_RUTA_CANONICA,P2,Alta,duplicado_exact:DUP-05,Contenido byte-idéntico a otro archivo; elegir una copia canónica.
public/images/blog/poder-legal-honduras-cuando-se-necesita.webp,public-assets,.webp,203768,,402e7519f2eaee923a09222a0d3dfefcf80b2f16b71f74c19fd0cba58700f885,review,DEDUPLICAR_CON_RUTA_CANONICA,P2,Alta,duplicado_exact:DUP-04,Contenido byte-idéntico a otro archivo; elegir una copia canónica.
public/images/blog/cuando-necesito-abogado-penalista-honduras.webp,public-assets,.webp,119044,,f87c06b608cdc129f231b0d294977ef047660510307957bf8d583bf46ddabc96,review,MANTENER_Y_REVISAR,P3,Media,,No se confirmó obsolescencia en el análisis estático; conservar hasta validación dinámica.
public/images/blog/cardmapr-nl-s8F8yglbpjo-unsplash.webp,public-assets,.webp,27648,,588b0fb8d8332e31bd2b2efbf7cb8f96ccf2b5f1ea9d3ae1fd0ea12f7163e5db,review,VALIDAR_CON_DB_Y_ELIMINAR_O_DEDUPLICAR,P2,Media,,Sin referencias estáticas; puede existir referencia almacenada en DB.
public/images/blog/contratos-confidencialidad-nda-secreto-comercial-honduras.webp,public-assets,.webp,38844,,694d71d5b5d238a7c27ed106e426f4bf6e44d1d00a1961b10dd867593b5994b7,review,MANTENER_Y_REVISAR,P3,Media,,No se confirmó obsolescencia en el análisis estático; conservar hasta validación dinámica.
public/images/blog/como-preparar-demanda-guia-no-abogados-honduras.webp,public-assets,.webp,61556,,305b2d34287bcc2f4262dd4e059850e4761ffe179c51017ebd7650822eded75d,review,MANTENER_Y_REVISAR,P3,Media,,No se confirmó obsolescencia en el análisis estático; conservar hasta validación dinámica.
public/images/blog/refugio-asilo-quien-puede-solicitarlo-honduras.webp,public-assets,.webp,179508,,902090d74f86cef6912185763425c4fd92caf432a0f6785e1f8b9cb4be454561,review,MANTENER_Y_REVISAR,P3,Media,,No se confirmó obsolescencia en el análisis estático; conservar hasta validación dinámica.
public/images/blog/guarda-custodia-menores-tipos-honduras.webp,public-assets,.webp,72472,,235c3df50249a7a4b7af8acf719e642fd1ad380a7f398b604c2c3c1b7c011615,review,MANTENER_Y_REVISAR,P3,Media,,No se confirmó obsolescencia en el análisis estático; conservar hasta validación dinámica.
public/images/blog/delitos-ambientales-como-denunciarlos-honduras.avif,public-assets,.avif,401922,,b57e7efe0b1acdd9cfef45f1316754757699940dbae2b0ad91e1e2ed5b85b925,review,VALIDAR_CON_DB_Y_ELIMINAR_O_DEDUPLICAR,P2,Media,,Sin referencias estáticas; puede existir referencia almacenada en DB.
public/images/blog/derechos-laborales-basicos-honduras.webp,public-assets,.webp,54322,,781d5e293f3d0c25905d75d3c33aa99edaa61055ca1790c24aab11c74d0fe837,review,MANTENER_Y_REVISAR,P3,Media,,No se confirmó obsolescencia en el análisis estático; conservar hasta validación dinámica.
public/images/blog/guia-aduanera-importaciones-honduras.webp,public-assets,.webp,83430,,b89907d26bbe6488f53a8311ff6a0ba17fdc05c8695bec62b3955a4fd4253a4d,review,DEDUPLICAR_CON_RUTA_CANONICA,P2,Alta,duplicado_exact:DUP-07,Contenido byte-idéntico a otro archivo; elegir una copia canónica.
public/images/blog/cobro-deudas-choluteca.webp,public-assets,.webp,45120,,d7c53449d434a45cc56407bbecdc2da3bf24e4d5e3deecb00949a9209ea29cff,review,DEDUPLICAR_CON_RUTA_CANONICA,P2,Alta,duplicado_exact:DUP-24,Contenido byte-idéntico a otro archivo; elegir una copia canónica.
public/images/blog/derechos-del-detenido-guia-constitucional-honduras.webp,public-assets,.webp,37506,,312ac22fce6976ea78449e41be78eb8ca15a3a7e80095b96fc37a3f7e5495e95,review,DEDUPLICAR_CON_RUTA_CANONICA,P2,Alta,duplicado_exact:DUP-28,Contenido byte-idéntico a otro archivo; elegir una copia canónica.
public/images/blog/despido-empleados-publicos-procedencia-defensa-honduras.webp,public-assets,.webp,55086,,df294eb05f69738de87ee19d9bdd8e727680f338217c7b2a8798e32781fadaa2,review,DEDUPLICAR_CON_RUTA_CANONICA,P2,Alta,duplicado_exact:DUP-21,Contenido byte-idéntico a otro archivo; elegir una copia canónica.
public/images/blog/impuestos-pequenas-empresas-guia-basica-honduras.webp,public-assets,.webp,148210,,7b9bee82f19714476a0c007be50b103f1b795ebeddb5db5aeb87c5f9fd8a1fd0,review,DEDUPLICAR_CON_RUTA_CANONICA,P2,Alta,duplicado_exact:DUP-08,Contenido byte-idéntico a otro archivo; elegir una copia canónica.
public/images/blog/problemas-familiares.webp,public-assets,.webp,56822,,074f0371ca6a0b7d6079ba68752d82b23c9bd3eee31b05f7f61c5b4e236f3a77,review,MANTENER_Y_REVISAR,P3,Media,,No se confirmó obsolescencia en el análisis estático; conservar hasta validación dinámica.
public/images/blog/ejecucion-hipotecaria-honduras-que-hacer.webp,public-assets,.webp,15500,,769e1453a6749c77ff5b8df53fb97558a7a4a98df6f9c71f33810c2d710235d7,review,DEDUPLICAR_CON_RUTA_CANONICA,P2,Alta,duplicado_exact:DUP-37,Contenido byte-idéntico a otro archivo; elegir una copia canónica.
public/images/blog/adopcion-requisitos-proceso-honduras.webp,public-assets,.webp,74888,,040af60c4c3a043db1e74f4fdef93d9636d17d454827b535e15152af02e7833d,review,MANTENER_Y_REVISAR,P3,Media,,No se confirmó obsolescencia en el análisis estático; conservar hasta validación dinámica.
public/images/blog/incumplimiento-contrato-comercial-honduras.webp,public-assets,.webp,66848,,217676fe50ef1fbeb66a4f68b01fd6126e9eeb9eef3a0f195c61d3440237e39a,review,MANTENER_Y_REVISAR,P3,Media,,No se confirmó obsolescencia en el análisis estático; conservar hasta validación dinámica.
public/images/blog/asuntos-familiares-honduras-viviendo-espana.webp,public-assets,.webp,27862,,e5b178709ef8e4da9ca0712fb52357f093678030ba90b54329b4524ebe199b7c,review,MANTENER_Y_REVISAR,P3,Media,,No se confirmó obsolescencia en el análisis estático; conservar hasta validación dinámica.
public/images/blog/registro-medicamentos-productos-farmaceuticos-honduras.webp,public-assets,.webp,40040,,6e2777f34aaa7e5db53f316ab3e686ace186259eb11e9d164339a49f3b2d7d30,review,VALIDAR_CON_DB_Y_ELIMINAR_O_DEDUPLICAR,P2,Media,,Sin referencias estáticas; puede existir referencia almacenada en DB.
public/images/blog/arraigo-social-laboral-hondurenos-espana.webp,public-assets,.webp,272508,,dfcdd74d28cf8138889d4b9352095df31c4b0de7c0dd63d9d786ba78d7016a5a,review,MANTENER_Y_REVISAR,P3,Media,,No se confirmó obsolescencia en el análisis estático; conservar hasta validación dinámica.
public/images/blog/elegir-bufete-multidisciplinario-ventajas-honduras.webp,public-assets,.webp,194266,,c80b8b9b0eda48d61d5ee441c7bff5a5d18a60f42eceb8d216d99b06bd6f0306,review,MANTENER_Y_REVISAR,P3,Media,,No se confirmó obsolescencia en el análisis estático; conservar hasta validación dinámica.
public/images/blog/poder-notarial-honduras-tipos-requisitos.webp,public-assets,.webp,203768,,402e7519f2eaee923a09222a0d3dfefcf80b2f16b71f74c19fd0cba58700f885,review,DEDUPLICAR_CON_RUTA_CANONICA,P2,Alta,duplicado_exact:DUP-04,Contenido byte-idéntico a otro archivo; elegir una copia canónica.
public/images/blog/divorcio-honduras-pasos-requisitos.webp,public-assets,.webp,42588,,435e5321b153da5e18520cb94fbe3a71f59995c54386c06c19fdcf9bf1c0855b,review,DEDUPLICAR_CON_RUTA_CANONICA,P2,Alta,duplicado_exact:DUP-25,Contenido byte-idéntico a otro archivo; elegir una copia canónica.
public/images/blog/divorcio-express-mutuo-acuerdo-honduras.webp,public-assets,.webp,78798,,8d4a4d752c6cc12e82e3a2e3c5793f997bd786ab38588b923d8fe9d54fb5f37a,review,MANTENER_Y_REVISAR,P3,Media,,No se confirmó obsolescencia en el análisis estático; conservar hasta validación dinámica.
public/images/blog/derecho-de-peticion-instituciones-honduras.webp,public-assets,.webp,71316,,f3815791001924157bba2a403c7b2b9ac6349322afeec01c53f3d3c434fb676b,review,MANTENER_Y_REVISAR,P3,Media,,No se confirmó obsolescencia en el análisis estático; conservar hasta validación dinámica.
public/images/blog/recurso-de-amparo-para-que-sirve-honduras.webp,public-assets,.webp,68852,,fc4f2d2faa8e36d225c25e84231f12e26e0d241e8c11f6ee82851fbb97c7d7df,review,DEDUPLICAR_CON_RUTA_CANONICA,P2,Alta,duplicado_exact:DUP-17,Contenido byte-idéntico a otro archivo; elegir una copia canónica.
public/images/blog/centro-conciliacion-arbitraje-ccic-guia-honduras.webp,public-assets,.webp,158796,,4788826f165b557c4c1c199ba86bb56e64eab79b9a23dc5b95b04ff6d36e9663,review,VALIDAR_CON_DB_Y_ELIMINAR_O_DEDUPLICAR,P2,Media,,Sin referencias estáticas; puede existir referencia almacenada en DB.
public/images/blog/impuesto-renta-guia-personas-fisicas-honduras.webp,public-assets,.webp,40994,,1ee3ec96ae98d124ca8d83df65c0717c963671293b64548e423bfb4642a95275,review,DEDUPLICAR_CON_RUTA_CANONICA,P2,Alta,duplicado_exact:DUP-27,Contenido byte-idéntico a otro archivo; elegir una copia canónica.
public/images/blog/arbitraje-cuando-conviene-como-funciona-honduras.webp,public-assets,.webp,21650,,f7a0349bd55c0eb5838be7b8fad3d9678f1df409b91a3875079171145e9183d9,review,DEDUPLICAR_CON_RUTA_CANONICA,P2,Alta,duplicado_exact:DUP-36,Contenido byte-idéntico a otro archivo; elegir una copia canónica.
public/images/blog/devolucion-impuestos-como-solicitarla-honduras.webp,public-assets,.webp,130396,,d45733cba78994252ae0f317a76b1934b4654f7a4f2dae2141527cf7b3c47b33,review,MANTENER_Y_REVISAR,P3,Media,,No se confirmó obsolescencia en el análisis estático; conservar hasta validación dinámica.
public/images/blog/evaluacion-impacto-ambiental-honduras.webp,public-assets,.webp,72378,,e1d9367a821cdcdeddc854b9b52d7ad7ca100fd2095a51bf1fbb216f18806bf0,review,DEDUPLICAR_CON_RUTA_CANONICA,P2,Alta,duplicado_exact:DUP-09,Contenido byte-idéntico a otro archivo; elegir una copia canónica.
public/images/blog/abogado-penalista-sur.webp,public-assets,.webp,112744,,b69ea1706cf24f81f9129d9505f35f495aeae89da880c78a5718d72c1c7b5e8d,review,VALIDAR_CON_DB_Y_ELIMINAR_O_DEDUPLICAR,P2,Media,duplicado_exact:DUP-02,Sin referencias estáticas; puede existir referencia almacenada en DB. Contenido byte-idéntico a otro archivo; elegir una copia canónica.
public/images/blog/abogado-aduanero-san-lorenzo.webp,public-assets,.webp,83430,,b89907d26bbe6488f53a8311ff6a0ba17fdc05c8695bec62b3955a4fd4253a4d,review,VALIDAR_CON_DB_Y_ELIMINAR_O_DEDUPLICAR,P2,Media,duplicado_exact:DUP-07,Sin referencias estáticas; puede existir referencia almacenada en DB. Contenido byte-idéntico a otro archivo; elegir una copia canónica.
public/images/blog/registrar-marca-paso-a-paso-honduras.webp,public-assets,.webp,26150,,3ce2fbe3ccc36e03efbcf8e516aebc81f6f860cb294f98c509e527be329a2db9,review,DEDUPLICAR_CON_RUTA_CANONICA,P2,Alta,duplicado_exact:DUP-33,Contenido byte-idéntico a otro archivo; elegir una copia canónica.
public/images/blog/evaluacion-impacto-ambiental-paso-a-paso-honduras.webp,public-assets,.webp,72378,,e1d9367a821cdcdeddc854b9b52d7ad7ca100fd2095a51bf1fbb216f18806bf0,review,DEDUPLICAR_CON_RUTA_CANONICA,P2,Alta,duplicado_exact:DUP-09,Contenido byte-idéntico a otro archivo; elegir una copia canónica.
public/images/blog/sar-notifica-fiscalizacion-que-hacer-honduras.webp,public-assets,.webp,27774,,37121bfcd515e0ff6213a0240554b1e6a5144660e808cb47dcc36f78e69a46c0,review,DEDUPLICAR_CON_RUTA_CANONICA,P2,Alta,duplicado_exact:DUP-32,Contenido byte-idéntico a otro archivo; elegir una copia canónica.
public/images/blog/herencias-honduras-fallece-familiar.webp,public-assets,.webp,71706,,a7cb6ce0476336e9a1b796969237a97d495ff999674532982b7b5467705eb106,review,MANTENER_Y_REVISAR,P3,Media,,No se confirmó obsolescencia en el análisis estático; conservar hasta validación dinámica.
public/images/blog/reagrupacion-familiar-hondurenos-espana.webp,public-assets,.webp,114538,,068453bba406f91b8ba79c6bd3db32fb668de0526deca881ee1599cdddbab328,review,MANTENER_Y_REVISAR,P3,Media,,No se confirmó obsolescencia en el análisis estático; conservar hasta validación dinámica.
public/images/blog/hondurenos-en-espana-guia-legal-completa.webp,public-assets,.webp,183628,,dbaab9a18149e61a0d957c6f8d92b0704da94f6fc29021e96ff402e5bbdf1d1b,review,MANTENER_Y_REVISAR,P3,Media,,No se confirmó obsolescencia en el análisis estático; conservar hasta validación dinámica.
public/images/blog/contratacion-publica-licitaciones-empresas-honduras.webp,public-assets,.webp,215554,,73328cec8503e546ff1df0c151714a2a22c0a4b65669d03155200f037e037bac,review,MANTENER_Y_REVISAR,P3,Media,,No se confirmó obsolescencia en el análisis estático; conservar hasta validación dinámica.
public/images/blog/herencias-transfronterizas-bienes-honduras-espana.webp,public-assets,.webp,22326,,a409232e070bd9a151140c9ea54f6e17bf0f8342d0a04a7c7fc55c1ea489ae5d,review,MANTENER_Y_REVISAR,P3,Media,,No se confirmó obsolescencia en el análisis estático; conservar hasta validación dinámica.
public/images/blog/contratos-mercantiles-proteger-negocio.webp,public-assets,.webp,43734,,31c0d59083c54422501ab0a271add7a7042b1a10d42257ff8e358c0b18cc7b58,review,VALIDAR_CON_DB_Y_ELIMINAR_O_DEDUPLICAR,P2,Media,,Sin referencias estáticas; puede existir referencia almacenada en DB.
public/images/blog/registrar-marca-honduras-paso-a-paso.webp,public-assets,.webp,26150,,3ce2fbe3ccc36e03efbcf8e516aebc81f6f860cb294f98c509e527be329a2db9,review,DEDUPLICAR_CON_RUTA_CANONICA,P2,Alta,duplicado_exact:DUP-33,Contenido byte-idéntico a otro archivo; elegir una copia canónica.
public/images/blog/nacionalidad-espanola-para-hondurenos-residencia-plazos.webp,public-assets,.webp,68824,,853d88c773b911f69026a2262b7ca770c97b3fe393654124ba451a02feb9dee3,review,MANTENER_Y_REVISAR,P3,Media,,No se confirmó obsolescencia en el análisis estático; conservar hasta validación dinámica.
public/images/blog/poder-desde-espana-para-tramites-honduras.webp,public-assets,.webp,112948,,51b53a063663e4052a1d20c6147dd32338cda4bbcbd678e402762eed70b38ad4,review,MANTENER_Y_REVISAR,P3,Media,,No se confirmó obsolescencia en el análisis estático; conservar hasta validación dinámica.
public/images/blog/pexels-ekaterina-bolovtsova-6077861.avif,public-assets,.avif,51520,,1c4645d5eb1a7f22eb05ae87a1e0984763b156fd827d44a41266cc2a0e1f1bd0,review,VALIDAR_CON_DB_Y_ELIMINAR_O_DEDUPLICAR,P2,Media,,Sin referencias estáticas; puede existir referencia almacenada en DB.
public/images/blog/codigo-aduanero-centroamericano-basico-honduras.webp,public-assets,.webp,83430,,b89907d26bbe6488f53a8311ff6a0ba17fdc05c8695bec62b3955a4fd4253a4d,review,DEDUPLICAR_CON_RUTA_CANONICA,P2,Alta,duplicado_exact:DUP-07,Contenido byte-idéntico a otro archivo; elegir una copia canónica.
public/images/blog/sobreseimiento-definitivo-provisional-diferencias-honduras.webp,public-assets,.webp,68880,,1c788705a2f97dca55b245eddf3dca49e6ea545691d08463cd8e95c6309a3b18,review,MANTENER_Y_REVISAR,P3,Media,,No se confirmó obsolescencia en el análisis estático; conservar hasta validación dinámica.
public/images/blog/pension-alimenticia-honduras-guia-completa.webp,public-assets,.webp,42796,,6ef20f7d975da25e6b42223b863cd42c689ee4db708b87c2248986a725376244,review,DEDUPLICAR_CON_RUTA_CANONICA,P2,Alta,duplicado_exact:DUP-13,Contenido byte-idéntico a otro archivo; elegir una copia canónica.
public/images/blog/reclamar-deuda-legalmente-honduras.webp,public-assets,.webp,45120,,d7c53449d434a45cc56407bbecdc2da3bf24e4d5e3deecb00949a9209ea29cff,review,DEDUPLICAR_CON_RUTA_CANONICA,P2,Alta,duplicado_exact:DUP-24,Contenido byte-idéntico a otro archivo; elegir una copia canónica.
public/images/blog/derechos-consumidor-financiero-honduras-cnbs.webp,public-assets,.webp,25766,,3f34cb944d9f94e392973328f50c48f809cb30e6db75b8f340ed62f77be1749d,review,DEDUPLICAR_CON_RUTA_CANONICA,P2,Alta,duplicado_exact:DUP-34,Contenido byte-idéntico a otro archivo; elegir una copia canónica.
public/images/blog/derechos-de-autor-proteccion-registro-honduras.webp,public-assets,.webp,94626,,7875ab54d5162b39131b0a1a00d7c5449fa07d697c81d95c99e210db751d97fa,review,MANTENER_Y_REVISAR,P3,Media,,No se confirmó obsolescencia en el análisis estático; conservar hasta validación dinámica.
public/images/blog/estafas-fraudes-tipos-penales-honduras.webp,public-assets,.webp,44246,,bbcd4b3a5bf13c2a5410ba48c37cac4913e355b43cf299e6612892fdb720d1cf,review,MANTENER_Y_REVISAR,P3,Media,,No se confirmó obsolescencia en el análisis estático; conservar hasta validación dinámica.
public/images/blog/abogados-en-amapala-valle.webp,public-assets,.webp,15878,,f5fbe477da7e5e1a9be05370dc9d4bc21cfaa241665ee878ab20eff4b3e7b81e,review,VALIDAR_CON_DB_Y_ELIMINAR_O_DEDUPLICAR,P2,Media,duplicado_exact:DUP-30,Sin referencias estáticas; puede existir referencia almacenada en DB. Contenido byte-idéntico a otro archivo; elegir una copia canónica.
public/images/blog/union-de-hecho-requisitos-derechos-honduras.webp,public-assets,.webp,171312,,e3d83ac30b8ff42a46b07f6258a779d87220540d5de2b90cd4b01aef0c5e8c1f,review,MANTENER_Y_REVISAR,P3,Media,,No se confirmó obsolescencia en el análisis estático; conservar hasta validación dinámica.
public/images/blog/diferencia-denuncia-querella-acusacion-honduras.webp,public-assets,.webp,59484,,acb094998b425686cd78bf46fdcfbb1c6a5359265e31055cad369c7bbf2b146a,review,MANTENER_Y_REVISAR,P3,Media,,No se confirmó obsolescencia en el análisis estático; conservar hasta validación dinámica.
public/images/blog/proteccion-datos-personales-derechos-arco-honduras.webp,public-assets,.webp,75434,,0011a322e60ae3e21f3576d4233737bfd89aa7c02ad9dc18587b72fc978bcbe1,review,MANTENER_Y_REVISAR,P3,Media,,No se confirmó obsolescencia en el análisis estático; conservar hasta validación dinámica.
public/images/blog/custodia-hijos-honduras-juez.webp,public-assets,.webp,34496,,a1f5aee455fc108c91f2b4ff1a4b69833e0881fad654c2b84a6637849f5d3009,review,MANTENER_Y_REVISAR,P3,Media,,No se confirmó obsolescencia en el análisis estático; conservar hasta validación dinámica.
public/images/blog/pexels-ekaterina-bolovtsova-6077861.webp,public-assets,.webp,63986,,3b50515e41e540d8b6c8f530a5dd3de238e12e036530abafba05fea69cdb0a4b,review,VALIDAR_CON_DB_Y_ELIMINAR_O_DEDUPLICAR,P2,Media,,Sin referencias estáticas; puede existir referencia almacenada en DB.
public/images/blog/isv-impuesto-venta-tasas-obligaciones-honduras.webp,public-assets,.webp,138798,,98bd698183c94fa99427d7b7591e2e65106aeb181041a5f9cec4655de70bb92b,review,MANTENER_Y_REVISAR,P3,Media,,No se confirmó obsolescencia en el análisis estático; conservar hasta validación dinámica.
public/images/blog/contratos-arrendamiento-derechos-obligaciones-honduras.webp,public-assets,.webp,84610,,828595185e367f523acb9ef312eef3b11fd6b7cdefaf031b97b54b12a3791321,review,MANTENER_Y_REVISAR,P3,Media,,No se confirmó obsolescencia en el análisis estático; conservar hasta validación dinámica.
public/images/blog/danos-perjuicios-indemnizacion-honduras.webp,public-assets,.webp,223614,,d4a3fdca4ed67762f6f649e05a6c845c1adc18279b169d9367f8f1a4a1726ca9,review,DEDUPLICAR_CON_RUTA_CANONICA,P2,Alta,duplicado_exact:DUP-03,Contenido byte-idéntico a otro archivo; elegir una copia canónica.
public/images/blog/testamentos-sucesiones-herencia-honduras.webp,public-assets,.webp,43284,,c656963965c03dc10f02730708ad4ce0b1cc1071b3701453cd2fc3c99403dd65,review,MANTENER_Y_REVISAR,P3,Media,,No se confirmó obsolescencia en el análisis estático; conservar hasta validación dinámica.
public/images/blog/abogado-civil-choluteca.webp,public-assets,.webp,40144,,9201b8638bb26ed2560527c1322fc5377be7e0df1a0b9bf93e0af43f64675433,review,VALIDAR_CON_DB_Y_ELIMINAR_O_DEDUPLICAR,P2,Media,duplicado_exact:DUP-15,Sin referencias estáticas; puede existir referencia almacenada en DB. Contenido byte-idéntico a otro archivo; elegir una copia canónica.
public/images/blog/abogados-en-san-marcos-de-colon-choluteca.webp,public-assets,.webp,105772,,97a20b44396cb6115bbc8e2d141050587c4225264cb1bf763b2eed3276e4c5e9,review,VALIDAR_CON_DB_Y_ELIMINAR_O_DEDUPLICAR,P2,Media,duplicado_exact:DUP-01,Sin referencias estáticas; puede existir referencia almacenada en DB. Contenido byte-idéntico a otro archivo; elegir una copia canónica.
public/images/blog/pension-alimenticia-choluteca.webp,public-assets,.webp,42796,,6ef20f7d975da25e6b42223b863cd42c689ee4db708b87c2248986a725376244,review,VALIDAR_CON_DB_Y_ELIMINAR_O_DEDUPLICAR,P2,Media,duplicado_exact:DUP-13,Sin referencias estáticas; puede existir referencia almacenada en DB. Contenido byte-idéntico a otro archivo; elegir una copia canónica.
public/images/blog/libertad-expresion-redes-sociales-honduras.webp,public-assets,.webp,77984,,7847b913e92b97ba44e26bbc8986e2e01a376cd45296cd6e24cae199e09cda52,review,MANTENER_Y_REVISAR,P3,Media,,No se confirmó obsolescencia en el análisis estático; conservar hasta validación dinámica.
public/images/blog/divorcio-honduras-guia-completa.webp,public-assets,.webp,66046,,11e501dd58402e19bb9831ea04e6221c914140e461a2cd7e81f0a5ceb143541a,review,DEDUPLICAR_CON_RUTA_CANONICA,P2,Alta,duplicado_exact:DUP-05,Contenido byte-idéntico a otro archivo; elegir una copia canónica.
public/images/blog/visas-inversion-inversionista-rentista-pensionado-honduras.webp,public-assets,.webp,194608,,138adc87496ecb19ba620a16076418c0f248390f7d4ce7cc8716cf0bd7955b93,review,MANTENER_Y_REVISAR,P3,Media,,No se confirmó obsolescencia en el análisis estático; conservar hasta validación dinámica.
public/images/blog/responsabilidad-medica-mala-praxis-honduras.webp,public-assets,.webp,55878,,200010e75c09b1e2b36be268729230ba26cb392e3f59d42e79f602fe41e1da4c,review,MANTENER_Y_REVISAR,P3,Media,,No se confirmó obsolescencia en el análisis estático; conservar hasta validación dinámica.
public/images/blog/jornada-laboral-horas-extra-descansos-honduras.webp,public-assets,.webp,28890,,3754b4c2d4bf95cb836f9e7b9305f492d0d617bfa7196c239d1b4de0c3150f60,review,MANTENER_Y_REVISAR,P3,Media,,No se confirmó obsolescencia en el análisis estático; conservar hasta validación dinámica.
public/images/blog/facturacion-electronica-obligaciones-requisitos-sar-honduras.webp,public-assets,.webp,76748,,f2f52ad9ede56dfc6566b39bed4ee6dd213d3a6612dbe5cf95b996a74c2745d9,review,DEDUPLICAR_CON_RUTA_CANONICA,P2,Alta,duplicado_exact:DUP-16,Contenido byte-idéntico a otro archivo; elegir una copia canónica.
public/images/blog/jorono-international-2693200.avif,public-assets,.avif,114162,,69216c0afd7b02086c8fa939cc37ad16124bbafb17534924f17878ba08953dba,review,VALIDAR_CON_DB_Y_ELIMINAR_O_DEDUPLICAR,P2,Media,,Sin referencias estáticas; puede existir referencia almacenada en DB.
public/images/blog/ejecucion-hipotecaria-que-hacer-honduras.webp,public-assets,.webp,15500,,769e1453a6749c77ff5b8df53fb97558a7a4a98df6f9c71f33810c2d710235d7,review,DEDUPLICAR_CON_RUTA_CANONICA,P2,Alta,duplicado_exact:DUP-37,Contenido byte-idéntico a otro archivo; elegir una copia canónica.
public/images/blog/carlos-muza-hpjSkU2UYSU-unsplash.webp,public-assets,.webp,48422,,48b0dc6b925a541ba36938823b122d633108bff7c2c5a71bc0a130604136ea30,review,VALIDAR_CON_DB_Y_ELIMINAR_O_DEDUPLICAR,P2,Media,,Sin referencias estáticas; puede existir referencia almacenada en DB.
public/images/blog/contratos-trabajo-tipos-clausulas-honduras.webp,public-assets,.webp,27774,,37121bfcd515e0ff6213a0240554b1e6a5144660e808cb47dcc36f78e69a46c0,review,DEDUPLICAR_CON_RUTA_CANONICA,P2,Alta,duplicado_exact:DUP-32,Contenido byte-idéntico a otro archivo; elegir una copia canónica.
public/images/blog/hondurenos-espana-documentos-legales-extranjero.webp,public-assets,.webp,296916,,de0b96bc54ec52b6cada87d34ea03a48f259cb13b9ad8e1f52b6cfc98de9a286,review,MANTENER_Y_REVISAR,P3,Media,,No se confirmó obsolescencia en el análisis estático; conservar hasta validación dinámica.
public/images/blog/fianza-medidas-cautelares-proceso-penal-honduras.webp,public-assets,.webp,158860,,2012b94fa568781294db574ccade42790480e716d111d7a7e607868867242967,review,MANTENER_Y_REVISAR,P3,Media,,No se confirmó obsolescencia en el análisis estático; conservar hasta validación dinámica.
public/images/blog/expropiacion-forzosa-derechos-propietario-honduras.webp,public-assets,.webp,97172,,aaee572ead31a71ab9ac7b6c36a4881717590589f5d6eca24dd9ed43f41b7afb,review,VALIDAR_CON_DB_Y_ELIMINAR_O_DEDUPLICAR,P2,Media,,Sin referencias estáticas; puede existir referencia almacenada en DB.
public/images/blog/competencia-desleal-como-denunciar-honduras.webp,public-assets,.webp,161676,,87195b7f963aa4730d6071e2b639da68ce84a5ec1320284698cee526528afc19,review,MANTENER_Y_REVISAR,P3,Media,,No se confirmó obsolescencia en el análisis estático; conservar hasta validación dinámica.
public/images/blog/reformas-legales-recientes-honduras.webp,public-assets,.webp,48516,,42d12df104a856fa5f2dbe9dbed5036eee37d2fd43341a4a983c8041d07b8525,review,VALIDAR_CON_DB_Y_ELIMINAR_O_DEDUPLICAR,P2,Media,duplicado_exact:DUP-23,Sin referencias estáticas; puede existir referencia almacenada en DB. Contenido byte-idéntico a otro archivo; elegir una copia canónica.
public/images/blog/despido-empleados-publicos-honduras.webp,public-assets,.webp,55086,,df294eb05f69738de87ee19d9bdd8e727680f338217c7b2a8798e32781fadaa2,review,DEDUPLICAR_CON_RUTA_CANONICA,P2,Alta,duplicado_exact:DUP-21,Contenido byte-idéntico a otro archivo; elegir una copia canónica.
public/images/blog/clausulas-abusivas-contratos-como-detectar-honduras.webp,public-assets,.webp,62380,,7de6cb5bd21ed669c73ecaf29135d1104e55aa28fd516a7c3067a061d98ffc23,review,MANTENER_Y_REVISAR,P3,Media,,No se confirmó obsolescencia en el análisis estático; conservar hasta validación dinámica.
public/images/blog/permiso-trabajo-extranjeros-honduras.webp,public-assets,.webp,40136,,4ccb3b35ef19f646b06ccbe8983cf70acd913582293f99f56dc136e0c671b947,review,MANTENER_Y_REVISAR,P3,Media,,No se confirmó obsolescencia en el análisis estático; conservar hasta validación dinámica.
public/images/blog/contratos-mercantiles-esenciales-empresas-honduras.webp,public-assets,.webp,49704,,aeffc08ff3fcf084507846116eef07e773d4edf04bbac1a1527fb42ffbf27504,review,MANTENER_Y_REVISAR,P3,Media,,No se confirmó obsolescencia en el análisis estático; conservar hasta validación dinámica.
public/images/blog/defensa-penal.webp,public-assets,.webp,60068,,f7464174909baa66454c63c91af2cacb0c0d5ce8eaebd2fbfccda66fe14e1d29,review,DEDUPLICAR_CON_RUTA_CANONICA,P2,Alta,duplicado_exact:DUP-19,Contenido byte-idéntico a otro archivo; elegir una copia canónica.
public/images/blog/pension-alimenticia-calcular-reclamar-honduras.webp,public-assets,.webp,61328,,62e61720dcc15f3e40845b04c2eba47458270ff3e91ce3ce16eeb0758fafb921,review,MANTENER_Y_REVISAR,P3,Media,,No se confirmó obsolescencia en el análisis estático; conservar hasta validación dinámica.
public/images/blog/derechos-trabajadora-embarazada-honduras.webp,public-assets,.webp,85564,,539a4ffb8d41103a55ef421f8b8875b2ee75d9302a4941ea469b7a499592a93d,review,MANTENER_Y_REVISAR,P3,Media,,No se confirmó obsolescencia en el análisis estático; conservar hasta validación dinámica.
public/images/blog/como-obtener-rtn-personas-empresas-honduras.webp,public-assets,.webp,52396,,033fb33f0c428d6acf78eb0be6a15f155f6a5d6171176e25330bda236047631e,review,MANTENER_Y_REVISAR,P3,Media,,No se confirmó obsolescencia en el análisis estático; conservar hasta validación dinámica.
public/images/blog/tramites-notariales-frecuentes-honduras.webp,public-assets,.webp,42588,,435e5321b153da5e18520cb94fbe3a71f59995c54386c06c19fdcf9bf1c0855b,review,DEDUPLICAR_CON_RUTA_CANONICA,P2,Alta,duplicado_exact:DUP-25,Contenido byte-idéntico a otro archivo; elegir una copia canónica.
public/images/blog/licencia-ambiental-categorias-plazos-honduras.webp,public-assets,.webp,284142,,b3d17c081c88ab3223ebf6fe5171a2ac84d92797fc6f279cdfaa5e5c3d064b6f,review,MANTENER_Y_REVISAR,P3,Media,,No se confirmó obsolescencia en el análisis estático; conservar hasta validación dinámica.
public/images/blog/constitucion-empresas-honduras-pasos-legales.webp,public-assets,.webp,99130,,016dd12e02d178c61aad57b3e6a6887ea01c0db4c2330a4dc7ee2a086cabd58d,review,VALIDAR_CON_DB_Y_ELIMINAR_O_DEDUPLICAR,P2,Media,,Sin referencias estáticas; puede existir referencia almacenada en DB.
public/images/blog/mediacion-vs-juicio-que-conviene-mas-honduras.webp,public-assets,.webp,114032,,db70f88c6437f6d987478875bd191907d358e0b08ec0044ab49ded60dd025471,review,MANTENER_Y_REVISAR,P3,Media,,No se confirmó obsolescencia en el análisis estático; conservar hasta validación dinámica.
public/images/blog/habilitacion-clinicas-hospitales-privados-honduras.webp,public-assets,.webp,34266,,93e2d3a8a869d8eca460f2e8cb172f8b1acffcfe27cf8293bf21d1319f6b4991,review,VALIDAR_CON_DB_Y_ELIMINAR_O_DEDUPLICAR,P2,Media,,Sin referencias estáticas; puede existir referencia almacenada en DB.
public/images/blog/importar-desde-china-guia-legal-aduanera-honduras.webp,public-assets,.webp,232386,,0e2a4105e1ad80fb085f96c0541de2d8f8e8e416fb85aa374f3212a2a3493154,review,MANTENER_Y_REVISAR,P3,Media,,No se confirmó obsolescencia en el análisis estático; conservar hasta validación dinámica.
public/images/blog/patentes-requisitos-proceso-solicitud-honduras.webp,public-assets,.webp,30214,,020b30d8114f396a61274c1d02adc9d8d0a62549b15266c98f2aed0565c65688,review,MANTENER_Y_REVISAR,P3,Media,,No se confirmó obsolescencia en el análisis estático; conservar hasta validación dinámica.
public/images/blog/servicios-empresariales.webp,public-assets,.webp,15878,,f5fbe477da7e5e1a9be05370dc9d4bc21cfaa241665ee878ab20eff4b3e7b81e,review,DEDUPLICAR_CON_RUTA_CANONICA,P2,Alta,duplicado_exact:DUP-30,Contenido byte-idéntico a otro archivo; elegir una copia canónica.
public/images/blog/compraventa-inmuebles-aspectos-legales-honduras.webp,public-assets,.webp,229650,,106b52e0de80f1ebc6ba56bed4ea61a291ce4eeac74a59d7c61c4ec8c9a277df,review,MANTENER_Y_REVISAR,P3,Media,,No se confirmó obsolescencia en el análisis estático; conservar hasta validación dinámica.
public/images/blog/contratos-civiles-honduras-errores-comunes.webp,public-assets,.webp,40144,,9201b8638bb26ed2560527c1322fc5377be7e0df1a0b9bf93e0af43f64675433,review,VALIDAR_CON_DB_Y_ELIMINAR_O_DEDUPLICAR,P2,Media,duplicado_exact:DUP-15,Sin referencias estáticas; puede existir referencia almacenada en DB. Contenido byte-idéntico a otro archivo; elegir una copia canónica.
public/images/blog/tarjetas-credito-intereses-cargos-defensa-honduras.webp,public-assets,.webp,16628,,4b01d1da84490a304eac6c80589104b08fc554c9c3759188729a8d8fc8992f26,review,MANTENER_Y_REVISAR,P3,Media,,No se confirmó obsolescencia en el análisis estático; conservar hasta validación dinámica.
public/images/blog/abogado-empresas-san-lorenzo.webp,public-assets,.webp,15878,,f5fbe477da7e5e1a9be05370dc9d4bc21cfaa241665ee878ab20eff4b3e7b81e,review,VALIDAR_CON_DB_Y_ELIMINAR_O_DEDUPLICAR,P2,Media,duplicado_exact:DUP-30,Sin referencias estáticas; puede existir referencia almacenada en DB. Contenido byte-idéntico a otro archivo; elegir una copia canónica.
public/images/blog/defensa-penal-honduras.webp,public-assets,.webp,60068,,f7464174909baa66454c63c91af2cacb0c0d5ce8eaebd2fbfccda66fe14e1d29,review,DEDUPLICAR_CON_RUTA_CANONICA,P2,Alta,duplicado_exact:DUP-19,Contenido byte-idéntico a otro archivo; elegir una copia canónica.
public/images/blog/delitos-ambientales-como-denunciarlos-honduras.webp,public-assets,.webp,472254,,c6cfe549fbcf920552ef7a836c80219bb5f7b8df9e44f1d5befd68d8595fb51f,review,MANTENER_Y_REVISAR,P3,Media,,No se confirmó obsolescencia en el análisis estático; conservar hasta validación dinámica.
public/images/blog/divorcio-tipos-requisitos-tiempos-honduras.webp,public-assets,.webp,66046,,11e501dd58402e19bb9831ea04e6221c914140e461a2cd7e81f0a5ceb143541a,review,DEDUPLICAR_CON_RUTA_CANONICA,P2,Alta,duplicado_exact:DUP-05,Contenido byte-idéntico a otro archivo; elegir una copia canónica.
public/images/blog/bufete-abogados.webp,public-assets,.webp,105772,,97a20b44396cb6115bbc8e2d141050587c4225264cb1bf763b2eed3276e4c5e9,review,DEDUPLICAR_CON_RUTA_CANONICA,P2,Alta,duplicado_exact:DUP-01,Contenido byte-idéntico a otro archivo; elegir una copia canónica.
public/images/blog/etapa-investigacion-proceso-penal-honduras.webp,public-assets,.webp,75824,,c87ae9a4b5e2a8965e6576bae6f992546fff577fe538058c48029c583463cb5f,review,MANTENER_Y_REVISAR,P3,Media,,No se confirmó obsolescencia en el análisis estático; conservar hasta validación dinámica.
public/images/blog/derecho-ambiental-honduras.webp,public-assets,.webp,72378,,e1d9367a821cdcdeddc854b9b52d7ad7ca100fd2095a51bf1fbb216f18806bf0,review,DEDUPLICAR_CON_RUTA_CANONICA,P2,Alta,duplicado_exact:DUP-09,Contenido byte-idéntico a otro archivo; elegir una copia canónica.
public/images/blog/costos-honorarios-abogados-como-funcionan-honduras.webp,public-assets,.webp,72016,,156ece9635486008fb297bacb78ef3e93d132623b12aebeead9bad5b6c7b3dd7,review,MANTENER_Y_REVISAR,P3,Media,,No se confirmó obsolescencia en el análisis estático; conservar hasta validación dinámica.
public/images/blog/abogados-en-marcovia-choluteca.webp,public-assets,.webp,105772,,97a20b44396cb6115bbc8e2d141050587c4225264cb1bf763b2eed3276e4c5e9,review,VALIDAR_CON_DB_Y_ELIMINAR_O_DEDUPLICAR,P2,Media,duplicado_exact:DUP-01,Sin referencias estáticas; puede existir referencia almacenada en DB. Contenido byte-idéntico a otro archivo; elegir una copia canónica.
public/images/blog/arbitraje-honduras-guia-completa.webp,public-assets,.webp,21650,,f7a0349bd55c0eb5838be7b8fad3d9678f1df409b91a3875079171145e9183d9,review,DEDUPLICAR_CON_RUTA_CANONICA,P2,Alta,duplicado_exact:DUP-36,Contenido byte-idéntico a otro archivo; elegir una copia canónica.
public/images/blog/derechos-consumidor-financiero-cnbs-honduras.webp,public-assets,.webp,25766,,3f34cb944d9f94e392973328f50c48f809cb30e6db75b8f340ed62f77be1749d,review,DEDUPLICAR_CON_RUTA_CANONICA,P2,Alta,duplicado_exact:DUP-34,Contenido byte-idéntico a otro archivo; elegir una copia canónica.
public/images/blog/abogado-penalista-choluteca.webp,public-assets,.webp,112744,,b69ea1706cf24f81f9129d9505f35f495aeae89da880c78a5718d72c1c7b5e8d,review,VALIDAR_CON_DB_Y_ELIMINAR_O_DEDUPLICAR,P2,Media,duplicado_exact:DUP-02,Sin referencias estáticas; puede existir referencia almacenada en DB. Contenido byte-idéntico a otro archivo; elegir una copia canónica.
public/images/blog/cuando-prescribe-delito-en-honduras.webp,public-assets,.webp,41716,,7071f9dee83d06bbd946e03f115ff7be835783bb5d5791f362ad6acf1fb6b9b4,review,DEDUPLICAR_CON_RUTA_CANONICA,P2,Alta,duplicado_exact:DUP-26,Contenido byte-idéntico a otro archivo; elegir una copia canónica.
public/images/blog/abogado-familia-choluteca.webp,public-assets,.webp,66046,,11e501dd58402e19bb9831ea04e6221c914140e461a2cd7e81f0a5ceb143541a,review,VALIDAR_CON_DB_Y_ELIMINAR_O_DEDUPLICAR,P2,Media,duplicado_exact:DUP-05,Sin referencias estáticas; puede existir referencia almacenada en DB. Contenido byte-idéntico a otro archivo; elegir una copia canónica.
public/images/blog/derechos-indigenas-consulta-previa-honduras.webp,public-assets,.webp,209040,,7d8bd704302c25c32d86dfb74f2a4d799aa5178c0c7f26322bf2358dbc5007f4,review,MANTENER_Y_REVISAR,P3,Media,,No se confirmó obsolescencia en el análisis estático; conservar hasta validación dinámica.
public/images/blog/empleador-no-paga-salario-honduras.webp,public-assets,.webp,129740,,104778327b77f0a41f163576f84f4a43721b7a9702187e4a3bdf9157602c9c00,review,MANTENER_Y_REVISAR,P3,Media,,No se confirmó obsolescencia en el análisis estático; conservar hasta validación dinámica.
public/images/blog/actualizacion-legislativa-mensual-honduras.webp,public-assets,.webp,48516,,42d12df104a856fa5f2dbe9dbed5036eee37d2fd43341a4a983c8041d07b8525,review,DEDUPLICAR_CON_RUTA_CANONICA,P2,Alta,duplicado_exact:DUP-23,Contenido byte-idéntico a otro archivo; elegir una copia canónica.
public/images/blog/acoso-laboral-mobbing-honduras.webp,public-assets,.webp,276578,,30822dee383f4fe43d5c55f7f14b0bfbe43bf1679e45609e475188226bf86848,review,MANTENER_Y_REVISAR,P3,Media,,No se confirmó obsolescencia en el análisis estático; conservar hasta validación dinámica.
public/images/blog/accidente-transito-choluteca.webp,public-assets,.webp,223614,,d4a3fdca4ed67762f6f649e05a6c845c1adc18279b169d9367f8f1a4a1726ca9,review,DEDUPLICAR_CON_RUTA_CANONICA,P2,Alta,duplicado_exact:DUP-03,Contenido byte-idéntico a otro archivo; elegir una copia canónica.
public/images/blog/proceso-consulta-legal-pineda-asociados-honduras.webp,public-assets,.webp,55900,,bbcee1f64e93e8349908f3043b90464dbb1ff8a6dc3a0c3e2d0866d10f7d7a33,review,DEDUPLICAR_CON_RUTA_CANONICA,P2,Alta,duplicado_exact:DUP-20,Contenido byte-idéntico a otro archivo; elegir una copia canónica.
public/images/blog/abogados-en-pespire-choluteca.webp,public-assets,.webp,105772,,97a20b44396cb6115bbc8e2d141050587c4225264cb1bf763b2eed3276e4c5e9,review,VALIDAR_CON_DB_Y_ELIMINAR_O_DEDUPLICAR,P2,Media,duplicado_exact:DUP-01,Sin referencias estáticas; puede existir referencia almacenada en DB. Contenido byte-idéntico a otro archivo; elegir una copia canónica.
public/images/blog/como-elegir-buen-abogado-guia-practica-honduras.webp,public-assets,.webp,63518,,9a97b9774fe4913393b9ddaf774d930e5500789b243d2115eef4db4655e2d998,review,DEDUPLICAR_CON_RUTA_CANONICA,P2,Alta,duplicado_exact:DUP-18,Contenido byte-idéntico a otro archivo; elegir una copia canónica.
public/images/blog/calcular-prestaciones-laborales-honduras.webp,public-assets,.webp,41270,,7975b918f7a3187e72dfe94fa615d29835a8f42ffb47477018a65b1b56874747,review,MANTENER_Y_REVISAR,P3,Media,,No se confirmó obsolescencia en el análisis estático; conservar hasta validación dinámica.
public/images/blog/defensa-penal-menores-edad-honduras.webp,public-assets,.webp,68370,,36d227ce6a7f6d1503a4a00cb9f9ede819f3b83394b1b895c83d99c869c54607,review,MANTENER_Y_REVISAR,P3,Media,,No se confirmó obsolescencia en el análisis estático; conservar hasta validación dinámica.
public/images/blog/despido-laboral.webp,public-assets,.webp,49052,,4e195d9b22786c99c1314d98a5a45d1f0053407cc0911fa2b39cf1a3e8d77315,review,DEDUPLICAR_CON_RUTA_CANONICA,P2,Alta,duplicado_exact:DUP-22,Contenido byte-idéntico a otro archivo; elegir una copia canónica.
public/images/blog/calcular-liquidacion-laboral-honduras.webp,public-assets,.webp,56322,,0c539878102c316fe9d1c229d4c4a968ff1738f4ac29e068c5e54c3858b5119f,review,MANTENER_Y_REVISAR,P3,Media,,No se confirmó obsolescencia en el análisis estático; conservar hasta validación dinámica.
public/images/blog/abogados-en-san-lorenzo.webp,public-assets,.webp,105772,,97a20b44396cb6115bbc8e2d141050587c4225264cb1bf763b2eed3276e4c5e9,review,VALIDAR_CON_DB_Y_ELIMINAR_O_DEDUPLICAR,P2,Media,duplicado_exact:DUP-01,Sin referencias estáticas; puede existir referencia almacenada en DB. Contenido byte-idéntico a otro archivo; elegir una copia canónica.
public/images/blog/como-elegir-abogado-honduras.webp,public-assets,.webp,63518,,9a97b9774fe4913393b9ddaf774d930e5500789b243d2115eef4db4655e2d998,review,DEDUPLICAR_CON_RUTA_CANONICA,P2,Alta,duplicado_exact:DUP-18,Contenido byte-idéntico a otro archivo; elegir una copia canónica.
public/images/blog/habeas-corpus-cuando-interponer-honduras.avif,public-assets,.avif,388450,,52199f8980ba8cba07d3fb29372eb137248faa213fa422a19610234e4ccb35fd,review,VALIDAR_CON_DB_Y_ELIMINAR_O_DEDUPLICAR,P2,Media,,Sin referencias estáticas; puede existir referencia almacenada en DB.
public/images/blog/abogados-en-choluteca.webp,public-assets,.webp,105772,,97a20b44396cb6115bbc8e2d141050587c4225264cb1bf763b2eed3276e4c5e9,review,VALIDAR_CON_DB_Y_ELIMINAR_O_DEDUPLICAR,P2,Media,duplicado_exact:DUP-01,Sin referencias estáticas; puede existir referencia almacenada en DB. Contenido byte-idéntico a otro archivo; elegir una copia canónica.
public/images/blog/usucapion-prescripcion-adquisitiva-honduras.webp,public-assets,.webp,29426,,35bbff5b54163d97d2125903c401ed9144d54a130d67c6853b39b80033a9007b,review,MANTENER_Y_REVISAR,P3,Media,,No se confirmó obsolescencia en el análisis estático; conservar hasta validación dinámica.
public/images/blog/creditos-reestructuracion-deudas-bancarias-honduras.webp,public-assets,.webp,137534,,3913d5b9fc6d177373a61870b0cc630230dfeb276a03fa4412f3889714b05417,review,MANTENER_Y_REVISAR,P3,Media,,No se confirmó obsolescencia en el análisis estático; conservar hasta validación dinámica.
public/images/blog/violencia-domestica-ruta-legal-honduras.webp,public-assets,.webp,35182,,bebbe078d30ca9cdce4a09afd2395c7776d3cd828d96642f79d66da0290abc25,review,MANTENER_Y_REVISAR,P3,Media,,No se confirmó obsolescencia en el análisis estático; conservar hasta validación dinámica.
public/images/blog/central-riesgos-consultar-impugnar-honduras.webp,public-assets,.webp,30742,,f8994afeaba909eda56a3f0d458542f24c82d7085317bb0405409d7b4c25cc95,review,VALIDAR_CON_DB_Y_ELIMINAR_O_DEDUPLICAR,P2,Media,duplicado_exact:DUP-31,Sin referencias estáticas; puede existir referencia almacenada en DB. Contenido byte-idéntico a otro archivo; elegir una copia canónica.
public/images/blog/impuesto-renta-personas-fisicas-honduras.webp,public-assets,.webp,40994,,1ee3ec96ae98d124ca8d83df65c0717c963671293b64548e423bfb4642a95275,review,DEDUPLICAR_CON_RUTA_CANONICA,P2,Alta,duplicado_exact:DUP-27,Contenido byte-idéntico a otro archivo; elegir una copia canónica.
public/images/blog/delitos-mas-comunes-honduras.webp,public-assets,.webp,120648,,f4949ed85bb356bbb86296acc6978b736ed2f51c0b68a11e6f52cc915a891f7a,review,MANTENER_Y_REVISAR,P3,Media,,No se confirmó obsolescencia en el análisis estático; conservar hasta validación dinámica.
public/images/blog/juicio-oral-etapas-que-esperar-honduras.webp,public-assets,.webp,133322,,a45f8478574fbad58e3b3816eccec48cbe68874374d904ea4e57dbfa734c8321,review,MANTENER_Y_REVISAR,P3,Media,,No se confirmó obsolescencia en el análisis estático; conservar hasta validación dinámica.
public/images/blog/pineda-asociados-bufete-multidisciplinario-honduras.webp,public-assets,.webp,35980,,b7ed6ea950a71ad45a2f4aea469412b9e27aa2760ff1b70c1a241d82aeef5286,review,MANTENER_Y_REVISAR,P3,Media,,No se confirmó obsolescencia en el análisis estático; conservar hasta validación dinámica.
public/images/blog/recursos-sentencia-penal-apelacion-casacion-honduras.webp,public-assets,.webp,323412,,87b01402a3f45cc315d2446b22bda262b11a6a4826944fef161472203a74da9a,review,MANTENER_Y_REVISAR,P3,Media,,No se confirmó obsolescencia en el análisis estático; conservar hasta validación dinámica.
public/images/blog/fotografo-samuel-cruz-xyEIdq6wQvw-unsplash.webp,public-assets,.webp,44560,,b919e501877e3185b503ff9621e758b0d4042ec5dca786c48b523e9f8ff50aad,review,VALIDAR_CON_DB_Y_ELIMINAR_O_DEDUPLICAR,P2,Media,,Sin referencias estáticas; puede existir referencia almacenada en DB.
public/images/blog/constituir-empresa-guia-paso-a-paso-honduras.webp,public-assets,.webp,88352,,2b0304437061dccc9a0b0ba57549f3ed1a348b764684ccb98e16cadd3ffb90fe,review,MANTENER_Y_REVISAR,P3,Media,,No se confirmó obsolescencia en el análisis estático; conservar hasta validación dinámica.
public/images/blog/derechos-detenido-honduras-guia-constitucional.webp,public-assets,.webp,37506,,312ac22fce6976ea78449e41be78eb8ca15a3a7e80095b96fc37a3f7e5495e95,review,DEDUPLICAR_CON_RUTA_CANONICA,P2,Alta,duplicado_exact:DUP-28,Contenido byte-idéntico a otro archivo; elegir una copia canónica.
public/images/blog/contratos-franquicia-aspectos-legales-honduras.webp,public-assets,.webp,148210,,7b9bee82f19714476a0c007be50b103f1b795ebeddb5db5aeb87c5f9fd8a1fd0,review,DEDUPLICAR_CON_RUTA_CANONICA,P2,Alta,duplicado_exact:DUP-08,Contenido byte-idéntico a otro archivo; elegir una copia canónica.
public/images/blog/defensa-sar-choluteca.webp,public-assets,.webp,76748,,f2f52ad9ede56dfc6566b39bed4ee6dd213d3a6612dbe5cf95b996a74c2745d9,review,DEDUPLICAR_CON_RUTA_CANONICA,P2,Alta,duplicado_exact:DUP-16,Contenido byte-idéntico a otro archivo; elegir una copia canónica.
public/images/blog/lavado-activos-obligaciones-cumplimiento-empresas-honduras.webp,public-assets,.webp,36360,,42c3276fd24e211a10bd3efd76f9db71fc1322e97c24c56a32ca728e4fb26dd9,review,MANTENER_Y_REVISAR,P3,Media,,No se confirmó obsolescencia en el análisis estático; conservar hasta validación dinámica.
public/images/blog/despido-laboral-honduras-guia-completa.webp,public-assets,.webp,62792,,41ad75001077e06bf5c3aba2e1a99dd3e2a0bcd96e52282e0ae2faad34be9164,review,DEDUPLICAR_CON_RUTA_CANONICA,P2,Alta,duplicado_exact:DUP-11,Contenido byte-idéntico a otro archivo; elegir una copia canónica.
public/images/blog/banco-demanda-deuda-defensa-opciones-honduras.webp,public-assets,.webp,42434,,20d3e064b1500a416d5d3ec853249418ec4823112a926f11f21229c7130fec20,review,MANTENER_Y_REVISAR,P3,Media,,No se confirmó obsolescencia en el análisis estático; conservar hasta validación dinámica.
public/images/blog/tributar-espana-bienes-honduras-guia-fiscal.webp,public-assets,.webp,34666,,fca1df048cd2753599b74eebfb586f824590d1fbd07ba7614e3ae8cc4de7db71,review,MANTENER_Y_REVISAR,P3,Media,,No se confirmó obsolescencia en el análisis estático; conservar hasta validación dinámica.
public/images/blog/errores-contratos-civiles-honduras.webp,public-assets,.webp,40144,,9201b8638bb26ed2560527c1322fc5377be7e0df1a0b9bf93e0af43f64675433,review,DEDUPLICAR_CON_RUTA_CANONICA,P2,Alta,duplicado_exact:DUP-15,Contenido byte-idéntico a otro archivo; elegir una copia canónica.
public/images/blog/abogado-laboral-choluteca.webp,public-assets,.webp,62792,,41ad75001077e06bf5c3aba2e1a99dd3e2a0bcd96e52282e0ae2faad34be9164,review,VALIDAR_CON_DB_Y_ELIMINAR_O_DEDUPLICAR,P2,Media,duplicado_exact:DUP-11,Sin referencias estáticas; puede existir referencia almacenada en DB. Contenido byte-idéntico a otro archivo; elegir una copia canónica.
public/images/blog/recurso-de-amparo-honduras-guia-completa.webp,public-assets,.webp,68852,,fc4f2d2faa8e36d225c25e84231f12e26e0d241e8c11f6ee82851fbb97c7d7df,review,DEDUPLICAR_CON_RUTA_CANONICA,P2,Alta,duplicado_exact:DUP-17,Contenido byte-idéntico a otro archivo; elegir una copia canónica.
public/images/blog/riesgos-profesionales-accidentes-laborales-honduras.webp,public-assets,.webp,65888,,f1f8d934baabba1b8e601b39df3016f24a4ab3c4352714d512430a0c6d22283a,review,MANTENER_Y_REVISAR,P3,Media,,No se confirmó obsolescencia en el análisis estático; conservar hasta validación dinámica.
public/images/blog/importar-mercancias-guia-legal-aduanera-honduras.webp,public-assets,.webp,133332,,644501bacfa9aab121512064a3872d2ef826c5a764dfc7d1110996a8a16ede1e,review,DEDUPLICAR_CON_RUTA_CANONICA,P2,Alta,duplicado_exact:DUP-10,Contenido byte-idéntico a otro archivo; elegir una copia canónica.
public/images/blog/pension-alimenticia-honduras-como-solicitarla.webp,public-assets,.webp,42796,,6ef20f7d975da25e6b42223b863cd42c689ee4db708b87c2248986a725376244,review,DEDUPLICAR_CON_RUTA_CANONICA,P2,Alta,duplicado_exact:DUP-13,Contenido byte-idéntico a otro archivo; elegir una copia canónica.
public/images/blog/tipos-sociedad-mercantil-honduras.webp,public-assets,.webp,86944,,46364bcd89fafc34c6478547e5e76efa686d700bdc922434098fa4d187196966,review,DEDUPLICAR_CON_RUTA_CANONICA,P2,Alta,duplicado_exact:DUP-12,Contenido byte-idéntico a otro archivo; elegir una copia canónica.
public/images/blog/proteccion-marcas-competencia-desleal-honduras.webp,public-assets,.webp,38680,,3a7ded82fe8a355621cd8808ead4c81ab94526ccb404c47c8045c8789b0c0e42,review,MANTENER_Y_REVISAR,P3,Media,,No se confirmó obsolescencia en el análisis estático; conservar hasta validación dinámica.
public/images/blog/sanciones-administrativas-como-defenderse-honduras.webp,public-assets,.webp,90398,,dd3b38a5ad4b6c1d864f5ec6107423e8b6c51ff9cedf0115bb0247bb16b8d2f8,review,MANTENER_Y_REVISAR,P3,Media,,No se confirmó obsolescencia en el análisis estático; conservar hasta validación dinámica.
public/images/blog/violencia-intrafamiliar-denuncia-proteccion-honduras.webp,public-assets,.webp,55000,,afcf2111fd71cbaa30e3cbbd12a336c33eb79f5ad85190f8ad0b4df500a560b2,review,MANTENER_Y_REVISAR,P3,Media,,No se confirmó obsolescencia en el análisis estático; conservar hasta validación dinámica.
public/images/blog/contratos-empleadas-domesticas-obligaciones-honduras.webp,public-assets,.webp,50514,,5b01d1a08a4b6365f50ae0146867c87f23d9a38129b9d2f42979907c63161263,review,MANTENER_Y_REVISAR,P3,Media,,No se confirmó obsolescencia en el análisis estático; conservar hasta validación dinámica.
public/images/blog/zonas-libres-zoli-beneficios-fiscales-honduras.webp,public-assets,.webp,281938,,7275c6c9cdad49f2b2bfdd5b6ef640f3caeff07fe7593fc162e0ae906ff56373,review,VALIDAR_CON_DB_Y_ELIMINAR_O_DEDUPLICAR,P2,Media,,Sin referencias estáticas; puede existir referencia almacenada en DB.
public/images/blog/jorono-international-2693200.webp,public-assets,.webp,120434,,19d19515dee6b7d928de8bef4e1a4593163dd148a24fbfd7ad39b3005727860b,review,VALIDAR_CON_DB_Y_ELIMINAR_O_DEDUPLICAR,P2,Media,,Sin referencias estáticas; puede existir referencia almacenada en DB.
public/images/blog/demanda-laboral-choluteca.webp,public-assets,.webp,49052,,4e195d9b22786c99c1314d98a5a45d1f0053407cc0911fa2b39cf1a3e8d77315,review,DEDUPLICAR_CON_RUTA_CANONICA,P2,Alta,duplicado_exact:DUP-22,Contenido byte-idéntico a otro archivo; elegir una copia canónica.
public/images/blog/residencia-temporal-requisitos-plazos-honduras.webp,public-assets,.webp,31948,,1a154b9765931884f181a41b3e5e103367ec1ed0bafc7a306dd234014b12ebc6,review,MANTENER_Y_REVISAR,P3,Media,,No se confirmó obsolescencia en el análisis estático; conservar hasta validación dinámica.
public/images/escudos/san-marcos-de-colon.svg,public-assets,.svg,870,,43d7bd32fd9cd32edf68726acb80b9564c1ece0220c97ac6971bc374c0f9dee8,review,MANTENER_Y_REVISAR,P3,Media,,No se confirmó obsolescencia en el análisis estático; conservar hasta validación dinámica.
public/images/escudos/pespire.svg,public-assets,.svg,867,,eaa9e9220b504d63616b71c0e29047244875be5446d945fa29fd04da46dac989,review,MANTENER_Y_REVISAR,P3,Media,,No se confirmó obsolescencia en el análisis estático; conservar hasta validación dinámica.
public/images/escudos/namasigue.svg,public-assets,.svg,869,,8a0ebcd1f429f9a937e572550db15a7224f96983d6d4435ab18d004f302f1c09,review,MANTENER_Y_REVISAR,P3,Media,,No se confirmó obsolescencia en el análisis estático; conservar hasta validación dinámica.
public/images/escudos/choluteca.svg,public-assets,.svg,869,,7c482f1c633937eccee21d8200e61c2d986105f7a81018cf9091754b778be355,review,MANTENER_Y_REVISAR,P3,Media,,No se confirmó obsolescencia en el análisis estático; conservar hasta validación dinámica.
public/images/escudos/orocuina.svg,public-assets,.svg,868,,8218e8968f085b7a6c0617c11c17232b56926f61424a7c761199d13d58fade18,review,MANTENER_Y_REVISAR,P3,Media,,No se confirmó obsolescencia en el análisis estático; conservar hasta validación dinámica.
public/images/escudos/nacaome.svg,public-assets,.svg,867,,a20227a9c4ad229d628b5541e6b705ba28a5480a861c2036a980427f6ba8f9de,review,MANTENER_Y_REVISAR,P3,Media,,No se confirmó obsolescencia en el análisis estático; conservar hasta validación dinámica.
public/images/escudos/marcovia.svg,public-assets,.svg,868,,7ec78672395f00f83a23c0088eec78ccb705d93c4770ac4a389e9aed8c52e6b6,review,MANTENER_Y_REVISAR,P3,Media,,No se confirmó obsolescencia en el análisis estático; conservar hasta validación dinámica.
public/images/escudos/goascoran.svg,public-assets,.svg,869,,ded6ce32cda1fcdd6f4b24f647ffa41fe92ecdbca6258aa6da288beadecff116,review,MANTENER_Y_REVISAR,P3,Media,,No se confirmó obsolescencia en el análisis estático; conservar hasta validación dinámica.
public/images/escudos/el-triunfo.svg,public-assets,.svg,870,,8dc69ead15afd7031f39a314af3e3f1fd500ee8fc90b4f16c265fc54a774757d,review,MANTENER_Y_REVISAR,P3,Media,,No se confirmó obsolescencia en el análisis estático; conservar hasta validación dinámica.
public/images/escudos/san-lorenzo.svg,public-assets,.svg,871,,0d0b4be0530d737fc1b4c4d203235c987281442c73eb0daefb029446ac28df50,review,MANTENER_Y_REVISAR,P3,Media,,No se confirmó obsolescencia en el análisis estático; conservar hasta validación dinámica.
public/images/despacho/diosa-justicia.webp,public-assets,.webp,90476,,a6f89816b868bca0f8cf25e2118dd9b328a02d27a0a8cf0f5ae3d1f38c50f2fa,review,DEDUPLICAR_CON_RUTA_CANONICA,P2,Alta,duplicado_exact:DUP-06,Contenido byte-idéntico a otro archivo; elegir una copia canónica.
public/images/servicios/servicios-bg.webp,public-assets,.webp,35240,,e68d80b8f5989499675930b88fe4aa876b4771b73044afb853d47776d5b1bcf3,review,DEDUPLICAR_CON_RUTA_CANONICA,P2,Alta,duplicado_exact:DUP-29,Contenido byte-idéntico a otro archivo; elegir una copia canónica.
public/images/equipo/emil-barahona.webp,public-assets,.webp,25836,,2d82d7ea6664392c7b56e1dbe2fa0b49374bc286af6df650cb23d396070baed2,review,MANTENER_Y_REVISAR,P3,Media,,No se confirmó obsolescencia en el análisis estático; conservar hasta validación dinámica.
public/images/equipo/danilo-pineda-maradiaga.webp,public-assets,.webp,61618,,caa0fe949e9dfde94ed2ecf2d7a3862e15c227e7b6922635375aa8a29024fc56,review,MANTENER_Y_REVISAR,P3,Media,,No se confirmó obsolescencia en el análisis estático; conservar hasta validación dinámica.
public/images/equipo/danilo-pineda-maradiaga-penal.webp,public-assets,.webp,52418,,ad50193af83c1fa5af6e8952d5581504ea48c490fcbd88a865d6669a5d3ffd06,review,MANTENER_Y_REVISAR,P3,Media,,No se confirmó obsolescencia en el análisis estático; conservar hasta validación dinámica.
public/images/equipo/thania-marlene-paz.webp,public-assets,.webp,41150,,5b51cd85db514dfd5a8154f5e396482f21b7265d9633e01e816a2130d24e5d7e,review,MANTENER_Y_REVISAR,P3,Media,,No se confirmó obsolescencia en el análisis estático; conservar hasta validación dinámica.
public/images/equipo/danilo-pineda-maradiaga-alt.webp,public-assets,.webp,131798,,1f6ba0ee1835c728fc3edd3fa49f0740c9a7abe5206d68de25b90389ad0aaed9,review,MANTENER_Y_REVISAR,P3,Media,,No se confirmó obsolescencia en el análisis estático; conservar hasta validación dinámica.
public/images/penal/penitenciario.webp,public-assets,.webp,102882,,9fb29bbc1051651fa3aaf6c872d95391ad59539b284e878fc5f7afb4b88d9c80,review,MANTENER_Y_REVISAR,P3,Media,,No se confirmó obsolescencia en el análisis estático; conservar hasta validación dinámica.
public/images/penal/recursos-impugnaciones.webp,public-assets,.webp,90476,,a6f89816b868bca0f8cf25e2118dd9b328a02d27a0a8cf0f5ae3d1f38c50f2fa,review,DEDUPLICAR_CON_RUTA_CANONICA,P2,Alta,duplicado_exact:DUP-06,Contenido byte-idéntico a otro archivo; elegir una copia canónica.
public/images/penal/litigio-complejo.webp,public-assets,.webp,38446,,f16496c5a3ea27953f3be9ff72ff9bb0d52492db36ba296a731f3a1cef904cea,review,MANTENER_Y_REVISAR,P3,Media,,No se confirmó obsolescencia en el análisis estático; conservar hasta validación dinámica.
public/images/penal/consultoria-preventiva.webp,public-assets,.webp,50038,,39fcd39d0deacdaa4e03c152a24ae4c2ce3a131428d87fb177c376568de447df,review,MANTENER_Y_REVISAR,P3,Media,,No se confirmó obsolescencia en el análisis estático; conservar hasta validación dinámica.
public/images/penal/resolucion-alternativa.webp,public-assets,.webp,262190,,312a2b9918be03d1de34799f225df79075b3ac9bfc33cfc9b6618330e5b563a3,review,MANTENER_Y_REVISAR,P3,Media,,No se confirmó obsolescencia en el análisis estático; conservar hasta validación dinámica.
public/images/penal/representacion-integral.webp,public-assets,.webp,90476,,a6f89816b868bca0f8cf25e2118dd9b328a02d27a0a8cf0f5ae3d1f38c50f2fa,review,DEDUPLICAR_CON_RUTA_CANONICA,P2,Alta,duplicado_exact:DUP-06,Contenido byte-idéntico a otro archivo; elegir una copia canónica.
public/images/penal/penal-juvenil.webp,public-assets,.webp,136712,,15a43ae27d91068096c421e488e01fd22778e56db7870dd7fe596f4501c30745,review,MANTENER_Y_REVISAR,P3,Media,,No se confirmó obsolescencia en el análisis estático; conservar hasta validación dinámica.
public/images/corporate/hero_home.webp,public-assets,.webp,130386,,c7f52fc1753ad2cfcddcf5d4067b5bf9b4f55224e5f472c1676c985149e1e715,review,MANTENER_Y_REVISAR,P3,Media,,No se confirmó obsolescencia en el análisis estático; conservar hasta validación dinámica.
public/images/corporate/hero_despacho.webp,public-assets,.webp,152444,,a4956b01f03c889b17ba6caff8b612f422935e2204a66009f63ad425407bf0bb,review,MANTENER_Y_REVISAR,P3,Media,,No se confirmó obsolescencia en el análisis estático; conservar hasta validación dinámica.
public/images/corporate/services_penal.webp,public-assets,.webp,56100,,e041c7c46b75700b9cdb5c8608f1d28c6584d1d2b2f4be407879bc8c3bd0d54e,review,MANTENER_Y_REVISAR,P3,Media,,No se confirmó obsolescencia en el análisis estático; conservar hasta validación dinámica.
public/images/corporate/courthouse.webp,public-assets,.webp,382666,,a2b7c38cbcfef9bb4054035adde56d4f8cfa97c1b4c6f084a1938a6d503c5a19,review,MANTENER_Y_REVISAR,P3,Media,,No se confirmó obsolescencia en el análisis estático; conservar hasta validación dinámica.
public/images/corporate/services_general.webp,public-assets,.webp,62368,,c585affd20b72c2909c068423baca68816387c72aeb3c066b70de1bdd80bd94d,review,MANTENER_Y_REVISAR,P3,Media,,No se confirmó obsolescencia en el análisis estático; conservar hasta validación dinámica.
public/images/corporate/courthouse.avif,public-assets,.avif,301805,,844ce1c753cc54e16b42913b61035f2da5b12e6a9542f0e7175c380cae7cfd73,review,VALIDAR_CON_DB_Y_ELIMINAR_O_DEDUPLICAR,P2,Media,,Sin referencias estáticas; puede existir referencia almacenada en DB.
public/images/corporate/corporate_meeting.webp,public-assets,.webp,57542,,2a01cd222aa36b95ddeecbb7bde6741b07c59a5655a2b0914874f7156cc56f70,review,MANTENER_Y_REVISAR,P3,Media,,No se confirmó obsolescencia en el análisis estático; conservar hasta validación dinámica.
public/images/hondurenos-en-espana/jorono-international-2693200.webp,public-assets,.webp,110926,,eaa998374777f393e553547de9e30371dee8a3f01e42078bf26552b2ce1dac54,review,MANTENER_Y_REVISAR,P3,Media,,No se confirmó obsolescencia en el análisis estático; conservar hasta validación dinámica.
public/images/derecho-penal/pexels-ekaterina-bolovtsova-6077861.webp,public-assets,.webp,58414,,b6405b45a6c938290f6a169c9286942a73500de9a9a0ee82e3fafb46f669959b,review,MANTENER_Y_REVISAR,P3,Media,,No se confirmó obsolescencia en el análisis estático; conservar hasta validación dinámica.
docs/security/runbook-backup-restore.md,docs,.md,6344,166,f85a51915ce886692b70c2512dc19498be2dee6419601f6292c5e2aad31e0d3f,review,MANTENER_Y_REVISAR,P3,Media,,Revisión ordinaria.
docs/security/security-stabilization-pr.md,docs,.md,9237,233,cbcfda4ac870b1f469373a59ce66b56109b41ca544fb35f76c3832292f94442d,review,MANTENER_Y_REVISAR,P3,Media,,Revisión ordinaria.
docs/security/runbook-rotacion-credenciales-fase1.md,docs,.md,1776,27,7937dd1e3965531f3160bd80574d08c54296f52989e004d8b2887dbcec2263c4,review,MANTENER_Y_REVISAR,P3,Media,,Revisión ordinaria.
docs/security/phase-0-pr-checklist.md,docs,.md,4490,107,e416e75990505396c29dd616bdcc9b4a2b8bc4d08455040134c8240a1e7eab07,review,MANTENER_Y_REVISAR,P3,Media,,Revisión ordinaria.
docs/security/staging-security-validation.md,docs,.md,3743,105,7e2f6f1715ba4d756f833f0d573123938b7bcf18b473b6699663d3021a5fbbf5,review,MANTENER_Y_REVISAR,P3,Media,,Revisión ordinaria.
docs/ops/staging-deployment.md,docs,.md,1260,50,105592ae9ed3828b99da4cae4b5fd7f76f2c22c164db896b37b1db72d86517a1,review,MANTENER_Y_REVISAR,P3,Media,,Revisión ordinaria.
docs/ops/staging-backup-restore.md,docs,.md,1294,47,7e1add12e5303b4bc3b50fb0906306d0694773bffda1e946d426f85c347ee0ea,review,MANTENER_Y_REVISAR,P3,Media,,Revisión ordinaria.
docs/ops/build-and-deploy.md,docs,.md,2724,94,3f85ef08dde56405d0a480f26c0ff0b5240cc69b1021659abf60c3cb9d95d947,review,MANTENER_Y_REVISAR,P3,Media,,Revisión ordinaria.
docs/ops/fase-4a-staging-validation.md,docs,.md,8255,130,504b2d5278e7fe0158185ef89928c9f6d24acce71c505fdfa04710a46e61bfbe,review,MANTENER_Y_REVISAR,P3,Media,,Revisión ordinaria.
docs/ops/environment-variables.md,docs,.md,12577,97,e10f388222b94c06bb9a788914aa4a6e491234d6f14c0a6564c5f6f395879d55,review,MANTENER_Y_REVISAR,P3,Media,,Revisión ordinaria.
docs/ops/production-go-no-go.md,docs,.md,1702,48,c14cdefd76b98e55a589129a643a23320c5ee6a815499b5effdbc14e334f7f29,review,MANTENER_Y_REVISAR,P3,Media,,Revisión ordinaria.
docs/ops/fase-1-staging-validation.md,docs,.md,2764,79,c214923441b34ea44bd5dc6421acbbd56636687da1f344c0e8b23e2afda0581a,review,MANTENER_Y_REVISAR,P3,Media,,Revisión ordinaria.
docs/ops/staging-environment.md,docs,.md,2076,65,3d1b362a3fa1262e6cfb190b048e3074eb30478590221316dd51d0f45b72ada2,review,MANTENER_Y_REVISAR,P3,Media,,Revisión ordinaria.
docs/ops/staging-rollback.md,docs,.md,1379,57,029cbe3cde12b05f83d8ca4ef70748aaaf002fc04e19560cb1631f4afe3f4c51,review,MANTENER_Y_REVISAR,P3,Media,,Revisión ordinaria.
docs/ops/macos-apple-silicon-development.md,docs,.md,4595,164,4308d2b9416017d223883e5fc3e03a5aeb51469e2d940e533fa017cc97ce112d,review,MANTENER_Y_REVISAR,P3,Media,,Revisión ordinaria.
docs/ops/production-readiness-checklist.md,docs,.md,1755,80,049370dcb2cf4a5ce29e891186156820a08e9a9b7fc329807b6d9c16f1ac3ebe,review,MANTENER_Y_REVISAR,P3,Media,,Revisión ordinaria.
docs/ops/staging-observability.md,docs,.md,1121,47,f2e8e74153363752d40bb763e97004a2ce38e589d3b6058346864197a73e4c9c,review,MANTENER_Y_REVISAR,P3,Media,,Revisión ordinaria.
docs/ops/staging-neon-final-status.md,docs,.md,706,32,a1d76f7003d7f37a6d596f0292e66d91c25d3d3ea90073d700d4ac28720393b4,review,MANTENER_Y_REVISAR,P3,Media,,Revisión ordinaria.
docs/ops/staging-security-validation.md,docs,.md,1460,51,33ae53cf5af227c5a93b39aaef5de34698b436d9afb3d4bc5ce236de465ec861,review,MANTENER_Y_REVISAR,P3,Media,,Revisión ordinaria.
docs/ops/fase-2-staging-validation.md,docs,.md,10618,259,15dfdb1e05eeb93a822b1c20d26148c76361f0e8752da0b4bab4cbda0b86dc9f,review,MANTENER_Y_REVISAR,P3,Media,,Revisión ordinaria.
docs/ops/fase-3-staging-validation.md,docs,.md,3181,71,2f342f8afbe041b081821c96d94fe6e5cebf0f6f834c574eb60077cd4e2b396d,review,MANTENER_Y_REVISAR,P3,Media,,Revisión ordinaria.
docs/ops/fase-4b1-staging-validation.md,docs,.md,2264,44,28dc61e64a8a27a35ca2f100cf08bebc284c69ddedd7173a81ee5cb050caca6e,review,MANTENER_Y_REVISAR,P3,Media,,Revisión ordinaria.
docs/analytics/funnel-report.md,docs,.md,1037,23,7bcd3a629ab3701e12188ce12b7a9ec548b98489126eb0482ab252b6c5450e1e,review,MANTENER_Y_REVISAR,P3,Media,,Revisión ordinaria.
docs/analytics/fase-2-optimizacion-ctr-intencion.md,docs,.md,4220,93,de5fa3cbdf5e69b63527881367a0208460cda20c4bd4d05d36176ba0a4907824,review,MANTENER_Y_REVISAR,P3,Media,,Revisión ordinaria.
docs/analytics/fase-1-medicion-atribucion-rastreo.md,docs,.md,18514,358,be65a206637b6e556d685b95b3bc802f21a0ba940daeab76dd07ffc7e9c33844,review,MANTENER_Y_REVISAR,P3,Media,,Revisión ordinaria.
docs/analytics/fase-1b-cierre-productivo.md,docs,.md,10868,242,bf07e2bc18611c0b5eb5629ee4b1416e851027ef0201cea5b91591bf33d695d1,review,MANTENER_Y_REVISAR,P3,Media,,Revisión ordinaria.
docs/analytics/fase-3-enlazado-conversion.md,docs,.md,7632,178,8ad89c7c0cf4b01e34f235be4b5fb8234fdc5af07f5c61d7d3d2d1fb227fffde,review,MANTENER_Y_REVISAR,P3,Media,,Revisión ordinaria.
docs/analytics/configuracion-y-validacion.md,docs,.md,2922,33,e039a5b5b2ca31095e94be873fb3379e7e29cb62a6bf2ec4b8db6c5ef6398678,review,MANTENER_Y_REVISAR,P3,Media,,Revisión ordinaria.
docs/analytics/auditoria-analytics-seo.md,docs,.md,8122,108,5e435a50089b000954435e4e2ece561484fee555189f191adf638638bf94d867,review,MANTENER_Y_REVISAR,P3,Media,,Revisión ordinaria.
docs/analytics/fase-3b-validacion-enlazado-conversion.md,docs,.md,5584,114,2a635aae08ff4a84f023ba8290388da45318f9c128b89773828ee011264bc48a,review,MANTENER_Y_REVISAR,P3,Media,,Revisión ordinaria.
docs/analytics/informe-datos-descargados.md,docs,.md,1323,18,f3d990497654f01f720659ec733b3772dcee6fbc81b9b1c5696dd524b3b705d2,review,MANTENER_Y_REVISAR,P3,Media,,Revisión ordinaria.
docs/implementation/mvp-fase-4-ia-documental-deepseek.md,docs,.md,10961,121,ec2e7b09fa3118afb76591a2cb4a8139bcaf19f65bcef912aa59c9551d0a924f,review,MANTENER_Y_REVISAR,P3,Media,,Revisión ordinaria.
docs/implementation/staging-validacion-e2e-mvp-sgie.md,docs,.md,20160,389,3115f1eef374f75527eb0094eec5c2918510721ddbd3f5db172171e7437bc164,review,MANTENER_Y_REVISAR,P3,Media,,Revisión ordinaria.
docs/implementation/mvp-fase-1-magic-links-upload-seguro.md,docs,.md,26351,421,f70da839cd1be6e32d5803e7ceeec78ed4d1980fef9419c9c319bf4e425107d1,review,MANTENER_Y_REVISAR,P3,Media,,Revisión ordinaria.
docs/implementation/staging-entorno-seguro-sgie.md,docs,.md,8559,231,62972f3fed9ab7afe6b992f7a5cb086d7bd9ae49a8f475814a7aa2c09f2d5064,review,MANTENER_Y_REVISAR,P3,Media,,Revisión ordinaria.
docs/implementation/mvp-fase-3-extraccion-ocr-revision-asistente.md,docs,.md,9451,115,c0890feae96b6469f77d262757b7eb8e6359781840b5846a6cdf6b027d39d0a2,review,MANTENER_Y_REVISAR,P3,Media,,Revisión ordinaria.
docs/implementation/mvp-fase-5-listo-para-revision-dashboard.md,docs,.md,14214,167,d08e79d454a05d54039430cbd0648a516096c567454d2ceace30395a223b709d,review,MANTENER_Y_REVISAR,P3,Media,,Revisión ordinaria.
docs/implementation/mvp-fase-2-seguimiento-documental.md,docs,.md,8631,107,5ba31889509a49111bc1915ad9bac979589b94332124c5445a8f8b5dc3aad5d6,review,MANTENER_Y_REVISAR,P3,Media,,Revisión ordinaria.
docs/changelog/archive-2026-H1.md,docs,.md,66424,878,cf32ae4954a9404f182554cf688e46cb9e2ecedc4b736a9dccbb6e69803b3179,review,MANTENER_Y_REVISAR,P3,Media,,Revisión ordinaria.
docs/adr/ADR-004-outbox-pattern.md,docs,.md,4575,99,a9017bba9cc681a41014877fafaf725594f2e5943ed42862e2a9e725670c4cb2,review,MANTENER_Y_REVISAR,P3,Media,,Revisión ordinaria.
docs/adr/ADR-013-bulk-document-approval.md,docs,.md,5170,77,c50e889299bf4463bd72beaa1c0dc69619bec3c56fecf8255bbf3615f91c1e04,review,MANTENER_Y_REVISAR,P3,Media,,Revisión ordinaria.
docs/adr/ADR-009-alert-sla-strategy.md,docs,.md,785,19,cc390596781971ad37933794a2759e627c2273ab6f66ba0576cacae0a3ae674d,review,MANTENER_Y_REVISAR,P3,Media,,Revisión ordinaria.
docs/adr/ADR-012-ai-governance-and-prompt-injection.md,docs,.md,6872,85,58ff91523449ebd9899280e2e1ab63df1a429c028c4a7b3504645586347e623b,review,MANTENER_Y_REVISAR,P3,Media,,Revisión ordinaria.
docs/adr/ADR-008-inbound-email-strategy.md,docs,.md,867,19,17991d1919c9374304250c381a5ef4d0e1de17829b24f3a900f5fe8418a9b7fb,review,MANTENER_Y_REVISAR,P3,Media,,Revisión ordinaria.
docs/adr/ADR-007-client-portal-strategy.md,docs,.md,851,17,47f83f4182acb67e5a622415d65747c4a9830e9dbe4d174a5e75a230f193e2ad,review,MANTENER_Y_REVISAR,P3,Media,,Revisión ordinaria.
docs/adr/ADR-005-ocr-strategy.md,docs,.md,4784,94,a0c19a0ea8aadb46962ec5dec818ac85a534162d981c4a307876e745dbd9acf8,review,MANTENER_Y_REVISAR,P3,Media,,Revisión ordinaria.
docs/adr/ADR-010-feature-flags-and-kill-switches.md,docs,.md,6976,86,fbee49fce0e5ad1655c9dc89d22a892ed9bc30d3aebc3168a72bc43cd0f1374b,review,MANTENER_Y_REVISAR,P3,Media,,Revisión ordinaria.
docs/adr/ADR-003-job-queue-strategy.md,docs,.md,4175,88,8092223ca6a2d8ded50850869f9abda3a8f5f8d74dfd076f72de635b3c71be5a,review,MANTENER_Y_REVISAR,P3,Media,,Revisión ordinaria.
docs/adr/ADR-011-document-automation-orchestrator.md,docs,.md,5117,91,387d757d138052f27aeec1f816cd4848d8e2f2aa79c02c60142a072e39657c87,review,MANTENER_Y_REVISAR,P3,Media,,Revisión ordinaria.
docs/adr/ADR-006-ai-router.md,docs,.md,5908,116,2065fdc013ada04b99afd691d258acad898dbd63a8432f0e5ac1a8d4e30c87f8,review,MANTENER_Y_REVISAR,P3,Media,,Revisión ordinaria.
docs/Articulos/Ley de Derecho de Autor y Derechos Conexos D  4-99 E.pdf,docs,.pdf,223285,,91c87d4d463b47e31d4637efc57e0dc6ea717af97d284991e71417fe6f7c231d,review,MOVER_A_SOURCES_LEGAL_O_ALMACEN_EXTERNO,P2,Alta,,Fuente legal binaria mezclada con documentación operativa.
docs/Articulos/codigo del comercio honduras.pdf,docs,.pdf,1438733,,cd8b55fb4f3387e8e20aacb38950c2f13a8bfdbb5c2af9be6ea0c8877c680d8b,review,MOVER_A_SOURCES_LEGAL_O_ALMACEN_EXTERNO,P2,Alta,,Fuente legal binaria mezclada con documentación operativa.
docs/Articulos/DEPARTAMENTO_DE_INSPECTORIA._ART._614_CODIGO_DEL_TRABAJO.pdf,docs,.pdf,1354710,,c92b5439a03ab4907124247c67835a49a8089832f3e04ab886dadac1aaf41798,review,MOVER_A_SOURCES_LEGAL_O_ALMACEN_EXTERNO,P2,Alta,,Fuente legal binaria mezclada con documentación operativa.
docs/Articulos/Constitucion de Honduras.pdf,docs,.pdf,1367581,,c3ad58f2465fd66736058583b4581fb60e1f438d097f4d5bbaa35ffa472b077d,review,MOVER_A_SOURCES_LEGAL_O_ALMACEN_EXTERNO,P2,Alta,,Fuente legal binaria mezclada con documentación operativa.
docs/Articulos/Codigo_Procesal_Penal_2016.pdf,docs,.pdf,1317448,,a3def626566398442daf8c591747f675a7ab7a78245a3d585b0a2343baf6312a,review,MOVER_A_SOURCES_LEGAL_O_ALMACEN_EXTERNO,P2,Alta,,Fuente legal binaria mezclada con documentación operativa.
docs/Articulos/codigo_civil_honduras.pdf,docs,.pdf,876491,,9bf2d8862a4c549ea3cfb021869452987a667e29483d4e13aa8778e57469bdea,review,MOVER_A_SOURCES_LEGAL_O_ALMACEN_EXTERNO,P2,Alta,,Fuente legal binaria mezclada con documentación operativa.
docs/Articulos/codigo_de_familia.pdf,docs,.pdf,801876,,7cc23dfff66030ef5d04953624ccd3cbe007f8dc811d53f80be4e9c476bb5abd,review,MOVER_A_SOURCES_LEGAL_O_ALMACEN_EXTERNO,P2,Alta,,Fuente legal binaria mezclada con documentación operativa.
docs/Articulos/LEY DE PROCEDIMIENTO ADMINISTRATIVO.pdf,docs,.pdf,377636,,5d9b93277140496a457efa2e729e29c2ce294f003b581df328591686de0087cf,review,MOVER_A_SOURCES_LEGAL_O_ALMACEN_EXTERNO,P2,Alta,,Fuente legal binaria mezclada con documentación operativa.
docs/Articulos/codigo_de_trabajo.pdf,docs,.pdf,2470916,,de3ad15d544e217614b98725c2575dc2bbe9f10e95643ffb8f6ffe993558f31f,review,MOVER_A_SOURCES_LEGAL_O_ALMACEN_EXTERNO,P2,Alta,,Fuente legal binaria mezclada con documentación operativa.
docs/Articulos/Honduras - Ley de Conciliaci#U00f3n y Arbitraje.pdf,docs,.pdf,88131,,a796aa9aea570d1336bb3bc60b0c5965ec57b68e1446589f709efcd9aafca251,review,MOVER_A_SOURCES_LEGAL_O_ALMACEN_EXTERNO,P2,Alta,,Fuente legal binaria mezclada con documentación operativa.
docs/Articulos/Ley_de_Migraciones_y_extranjeria_Honduras[1].pdf,docs,.pdf,177865,,5d28f6d44d92d9f09acd27c7b61380e43a3344b7bc2d0715d292fc69dc85152b,review,MOVER_A_SOURCES_LEGAL_O_ALMACEN_EXTERNO,P2,Alta,,Fuente legal binaria mezclada con documentación operativa.
docs/Articulos/honduras ambiental_104-93.pdf,docs,.pdf,1802648,,0a96d1ccbf51468807abc3969fadf672be7a398c29baf69d13a5a8f95e933e33,review,MOVER_A_SOURCES_LEGAL_O_ALMACEN_EXTERNO,P2,Alta,,Fuente legal binaria mezclada con documentación operativa.
docs/Articulos/C#U00f3digo de Salud Reglamentos 10636.pdf,docs,.pdf,308742,,0d4138c12be9aca5bc4ef9f7edd160bac20340f6a47701a69d04b3060f15bf6c,review,MOVER_A_SOURCES_LEGAL_O_ALMACEN_EXTERNO,P2,Alta,,Fuente legal binaria mezclada con documentación operativa.
docs/Articulos/Codigo Penal Decreto 130-2017 fusionado actualizado a julio 2024.pdf,docs,.pdf,15332214,,904ecf8bad2c160f8f46a9c68cae48f38818f82ad3d54d48fb2275e1b39d41bb,review,MOVER_A_SOURCES_LEGAL_O_ALMACEN_EXTERNO,P2,Alta,,Fuente legal binaria mezclada con documentación operativa.
docs/Articulos/Codigo Penal (Decreto 130-2017).pdf,docs,.pdf,2349915,,bc5e3d1cd3ef1e2bab6cf487787a75dcbaf41ec8893127be3faf71a9de292b21,review,MOVER_A_SOURCES_LEGAL_O_ALMACEN_EXTERNO,P2,Alta,,Fuente legal binaria mezclada con documentación operativa.
docs/Articulos/LEY DE PROPIEDAD INDUSTRIAL (actualizada-07).pdf,docs,.pdf,502168,,ec6301ea8123bf591675f9dad400bd606ec8549878a8bd9f1c24f57f65ef9031,review,MOVER_A_SOURCES_LEGAL_O_ALMACEN_EXTERNO,P2,Alta,,Fuente legal binaria mezclada con documentación operativa.
docs/Articulos/Ley del Sistema Financiero (Reformado por el CPC)2010.pdf,docs,.pdf,499601,,2b2610169f54fe43f9ee6c6f7991dc707be31a3e4b6c4034967aa3e116e6b0e4,review,MOVER_A_SOURCES_LEGAL_O_ALMACEN_EXTERNO,P2,Alta,,Fuente legal binaria mezclada con documentación operativa.
docs/imagenes/Danilo.Pineda.Maradiaga.jpeg,docs,.jpeg,128275,,4aefd1ed17d28ca98128d674d7da5dd496a784bf545ae2a4fabf06e826af45b4,review,MANTENER_Y_REVISAR,P3,Media,,Revisión ordinaria.
docs/imagenes/Emil Barahona.jpeg,docs,.jpeg,78187,,44ed12974ce6f60cadd84f3717c5b810b175817065d14c9af9ba2dbb1fe719c0,review,MANTENER_Y_REVISAR,P3,Media,,Revisión ordinaria.
docs/imagenes/DaniloPineda2.jpeg,docs,.jpeg,164250,,a54a1ea8afdb489f896030165a0f7dbacd88c9ff23365646ed514d9188f79f28,review,MANTENER_Y_REVISAR,P3,Media,,Revisión ordinaria.
docs/imagenes/DaniloPineda1.jpeg,docs,.jpeg,148360,,0a9a4c248ef5f761c527a49a014220f1133ef691402f5f850f57d611466eb52e,review,MANTENER_Y_REVISAR,P3,Media,,Revisión ordinaria.
docs/imagenes/Thania Marlene Paz.jpeg,docs,.jpeg,130922,,d80fcccad1be147d8562df4b1ac384bfadbc25a8d6892e539da260a7d146a10c,review,MANTENER_Y_REVISAR,P3,Media,,Revisión ordinaria.
docs/seo/bing-webmaster-oauth.md,docs,.md,4392,137,03443ebcde9c77f7147f1a0507e3c11304f7c543a02e55e9856d1b263660855e,review,MANTENER_Y_REVISAR,P3,Media,,Revisión ordinaria.
docs/seo/mcp.example.json,docs,.json,2522,65,c3233db115a675c0e416ccc9a532c8124cc73a128130b2e10d3dc1c2ad968a1e,review,MANTENER_Y_REVISAR,P3,Media,,Revisión ordinaria.
docs/seo/mcp-seo-connectors.md,docs,.md,3312,91,83b9db37b32d6104f1cc49843c9e2d14866d6b246b0a2d66b72e99d0275fb868,review,MANTENER_Y_REVISAR,P3,Media,,Revisión ordinaria.
docs/seo/estrategia-derecho-penal.md,docs,.md,7302,166,679864d7bf682016aab1f110c298d56c8dc0fb6daf4fab8fb23719e1003ba5d7,review,MANTENER_Y_REVISAR,P3,Media,,Revisión ordinaria.
docs/seo/auth-cli.md,docs,.md,3320,83,d6ada3ba4e1816c4da09d8d280a3dd6fb2bcac7e26c114933ab57f9d495cf032,review,MANTENER_Y_REVISAR,P3,Media,,Revisión ordinaria.
docs/seo/live-data-access.md,docs,.md,7788,205,b0fa01a24796e7635911cafa301dc7b886668b423a23536600e7ab9825fc14e1,review,MANTENER_Y_REVISAR,P3,Media,,Revisión ordinaria.
docs/seo/cierre-final-observacion.md,docs,.md,7752,151,2bfbcbe0a958021004b67a42c9ebbfb907ad2dbca78b3847a3a2dd3b94c225bc,review,MANTENER_Y_REVISAR,P3,Media,,Revisión ordinaria.
docs/strategy/especializacion-sgie-honduras-abogados.md,docs,.md,31083,570,550bf8a06e3465211a05f5967ea07c0a0f9c3aec1b9599f5bf60f4463ea342b9,review,MANTENER_Y_REVISAR,P3,Media,,Revisión ordinaria.
docs/strategy/plan-maestro-mejora-sgie-admin-integracion.md,docs,.md,82903,1344,3f84f98181e11f450b645e79f6904c9d82322c8a33c53eed1b58c0d2ce30db21,review,MANTENER_Y_REVISAR,P3,Media,,Revisión ordinaria.
docs/handoffs/fase-2-a-fase-3.md,docs,.md,6554,107,b93321a91ce25cf90c78b819a303cb10bdee980b49a23057c51a04ce6bad6d72,review,MANTENER_Y_REVISAR,P3,Media,,Revisión ordinaria.
docs/handoffs/fase-1-a-fase-2.md,docs,.md,4745,86,b6b1cb8d91d3e73ab7443c195bb9e47ba8d177d4b78feb23a54eaa3f41e84dd6,review,MANTENER_Y_REVISAR,P3,Media,,Revisión ordinaria.
docs/handoffs/SGIE_NEW_CHAT_CONTEXT.md,docs,.md,6538,131,d303cff4cdae380a7b5d2108b11e45d5d78773e95e1d94555838b9ad8de3fba9,review,MANTENER_Y_REVISAR,P3,Media,,Revisión ordinaria.
docs/handoffs/fase-1-deletion-manifest.md,docs,.md,4076,54,dda484c3e3dd6b1afacace3ff5ff53a5cfb00a3eb9437a0062c2108f285868b8,review,MANTENER_Y_REVISAR,P3,Media,,Revisión ordinaria.
docs/handoffs/fase-3-a-fase-4.md,docs,.md,2775,60,134e3777a24c9118ef71d5ac43ca9f6d690a4baa656442797e0e932f985b1845,review,MANTENER_Y_REVISAR,P3,Media,,Revisión ordinaria.
docs/handoffs/fase-4b1-bulk-approval.md,docs,.md,2404,41,bf6ad9f8f265dd4317af7e2810d30cb9f7d82980134f6e42db9eea57284efec6,review,MANTENER_Y_REVISAR,P3,Media,,Revisión ordinaria.
docs/handoffs/fase-4a-hardening-and-validation.md,docs,.md,12378,213,fb8114d2ef2ab8b0a2e5348661abc01529875bcca95e55e9f0773cf9817de0ab,review,MANTENER_Y_REVISAR,P3,Media,,Revisión ordinaria.
docs/audits/fase3b-lote1-correcciones-aplicadas.md,docs,.md,8363,148,e002c232c3d8a278dd3f7111fa5fdb529ea3ada082f4936adff0d0e87e2848dd,review,MANTENER_Y_REVISAR,P3,Media,,Revisión ordinaria.
docs/audits/plan-accion-seo-post-auditoria-2026-07-08.md,docs,.md,24743,490,9f67e0a3373d24493711537b51df4c3fd3906edafbc7491b41f8478bf2ee1b42,review,MANTENER_Y_REVISAR,P3,Media,,Revisión ordinaria.
docs/audits/fase5a-lote3-priorizacion.md,docs,.md,5327,90,c54d378d2c90817e341aefc6e069b70cc45549cebf965152dad1d71e569ee164,review,MANTENER_Y_REVISAR,P3,Media,,Revisión ordinaria.
docs/audits/fase4a-lote2-fuentes.md,docs,.md,4201,72,517c58a8eef75e345b57ed6e84dc2d32b9ffb68afc4461cc152c76b6c678cd3f,review,MANTENER_Y_REVISAR,P3,Media,,Revisión ordinaria.
docs/audits/blog-rollback-validacion.md,docs,.md,2930,62,23967b00e85e4f5ef2b4aa4f6d44b989870c1677b5f9ee123a0c337f6dc570e1,review,CORREGIR_ENLACES_O_ARCHIVAR,P1,Alta,,1 enlace(s) local(es) roto(s).
docs/audits/fase2-briefs.md,docs,.md,8446,74,558650f79fa3ea311b1f202c94f3f56d153b780ba452048641281b10d2b5bdf0,review,MANTENER_Y_REVISAR,P3,Media,,Revisión ordinaria.
docs/audits/fase5b-cierre-integridad-lote3.md,docs,.md,16387,313,fee0eed9cf36fcda01b38096394880489940e143a585e6cbecbdf73dc9b82413,review,MANTENER_Y_REVISAR,P3,Media,,Revisión ordinaria.
docs/audits/fase3-runtime-evidence.json,docs,.json,1280,32,6119b23a051cc4927783f47abffb63c03d851283fd2052f2c6992a1471342199,review,MANTENER_Y_REVISAR,P3,Media,,Revisión ordinaria.
docs/audits/fase5a-lote3-seleccion.json,docs,.json,13567,484,26cc01c5eef33c0662f28dd192fe89abc845805b17ec257d3d8816499ea4721a,review,MANTENER_Y_REVISAR,P3,Media,,Revisión ordinaria.
docs/audits/seo-fase1-summary.md,docs,.md,6398,77,2a4f35f0561ab4281654f4750bd96638b927d73e96e4a0c615996e639346ec8f,review,MANTENER_Y_REVISAR,P3,Media,,Revisión ordinaria.
docs/audits/fase3d-estados-recalculados.json,docs,.json,8837,298,662bffa98c52eae4f61949e2f1cd4c43da5dac956783e32650618014d69a377c,review,MANTENER_Y_REVISAR,P3,Media,,Revisión ordinaria.
docs/audits/fase6-matriz-articulos-verificada.json,docs,.json,83994,2133,bdf415e67c9fb77ba99970f118b45f53f9eec08acdc4e61c8f93ddd5c9143f6a,review,MANTENER_Y_REVISAR,P3,Media,,Revisión ordinaria.
docs/audits/fase3b-lote1-rollback.md,docs,.md,4918,137,d15373489198e56955262035000611bc799adfd5d4a9b8b4b7151339346dad43,review,MANTENER_Y_REVISAR,P3,Media,,Revisión ordinaria.
docs/audits/fase3e-validacion-15-articulos.json,docs,.json,9248,279,67130aa360f4bf7bfc0b3593adf562ed81425baf5c56062c6780c877fa765631,review,MANTENER_Y_REVISAR,P3,Media,,Revisión ordinaria.
docs/audits/fase7c-matriz-hallazgos-juridicos.json,docs,.json,7085,139,7286e019ebe5100818e76003ff5c29650ec7c578e4a118cec25d6b5c0ededec4,review,MANTENER_Y_REVISAR,P3,Media,,Revisión ordinaria.
docs/audits/auditoria-blog-juridica-seo-geo-verificacion.md,docs,.md,5964,75,81330e508f1be3b8c7db87cfd6d663fe41bcb492e0540bd4efadefbaf61136c9,review,CORREGIR_ENLACES_O_ARCHIVAR,P1,Alta,,1 enlace(s) local(es) roto(s).
docs/audits/fase6-inventario-global-restante.md,docs,.md,11221,183,656a2dc668ccbed47484df7e776d21acc072183b8d1a53b16f3560e0feb95d85,review,MANTENER_Y_REVISAR,P3,Media,,Revisión ordinaria.
docs/audits/fase3-lote1-google-search.json,docs,.json,30410,442,ae2ba25aef66c3b1b75a50014392d5aba3ca19ed1a8b8022e2dadb2462e0734e,review,MANTENER_Y_REVISAR,P3,Media,,Revisión ordinaria.
docs/audits/fase6d-inventario-autoritativo.json,docs,.json,107098,3161,025f08e3c6642ead81f06130e25a2f01e87cf5651662b5a21278e730c1f39ec9,review,MANTENER_Y_REVISAR,P3,Media,,Revisión ordinaria.
docs/audits/fase3b-lote1-seo-geo.md,docs,.md,8423,190,85e835d758122120bb36ceaa33aee2ecdac608a9bc4dd8adf2004ecde4966bf6,review,MANTENER_Y_REVISAR,P3,Media,,Revisión ordinaria.
docs/audits/transformacion-web-publica.md,docs,.md,21498,440,6534d3606f1e435a3118c43a330701345120330488cf2ce735950c2160001032,review,MANTENER_Y_REVISAR,P3,Media,,Revisión ordinaria.
docs/audits/fase4a-lote2-matriz.json,docs,.json,4475,115,56bb88c8ad10b8d55f2a382ffa4a367e28f541635038641c1982b9883ebd8253,review,MANTENER_Y_REVISAR,P3,Media,,Revisión ordinaria.
docs/audits/re-auditoria-final.md,docs,.md,5064,39,426f7b946ae56421d4c19a2869ed81673f4c0ef2038495960a075f32a62c0170,review,MANTENER_Y_REVISAR,P3,Media,,Revisión ordinaria.
docs/audits/fase6-lote4-estados-iniciales.json,docs,.json,1849,77,d76507642bf5390dfc2680348d44c83db5d7f600ca0bd4c5ce7da5b44a860b70,review,MANTENER_Y_REVISAR,P3,Media,,Revisión ordinaria.
docs/audits/fase5c-cierre-inmutable-lote3.md,docs,.md,1135,27,33e9def6d16f94e6644fc6bbdf4abc1b85e0574783011cc7a5415554a6bc11d7,review,MANTENER_Y_REVISAR,P3,Media,,Revisión ordinaria.
docs/audits/revision-final-seo-gsc-ga4-canonical-2026-07-08.md,docs,.md,13384,279,5c449710500ee1c155d0f0bdb6f0df15add6acd968cccd1787e3cd72ecdd23cf,review,MANTENER_Y_REVISAR,P3,Media,,Revisión ordinaria.
docs/audits/fase5a-lote3-estados-finales.json,docs,.json,7601,229,09edbb7982446fcbeccd40cad4becfce811e10f96c86285d6d93f66687cf1f0a,review,MANTENER_Y_REVISAR,P3,Media,,Revisión ordinaria.
docs/audits/fase4c-cierre-trazabilidad-lote2.md,docs,.md,14273,274,7d4677ae327790a95fe786937e8c1de4c88d76686160d886bddfe0fe683c4cfa,review,MANTENER_Y_REVISAR,P3,Media,,Revisión ordinaria.
docs/audits/fase4b-rollback.md,docs,.md,7011,159,ffd9bf265434e0324280033d9e67b53b062ed35a72066a75a9146b57e09c9de2,review,MANTENER_Y_REVISAR,P3,Media,,Revisión ordinaria.
docs/audits/fase3-lote1-deepseek.json,docs,.json,119470,2368,ab890d4097a731ebe729be6e93cd515be1b1e393efbc30ca29dda07b4712c580,review,MANTENER_Y_REVISAR,P3,Media,,Revisión ordinaria.
docs/audits/blog-revision-humana-pendiente.md,docs,.md,22476,143,e6f8482eecf9b14bd8039a6a752e57a7861ad104f34254d5735dec46eb2584a7,review,DEDUPLICAR_CON_RUTA_CANONICA,P2,Alta,duplicado_exact:DUP-35,Contenido byte-idéntico a otro archivo; elegir una copia canónica.
docs/audits/fase3-lote1-invalidado-gpt4o.json,docs,.json,47355,734,b44f509a573b8892dc7fbd56488b1d1aabc09fe6100e2b35739d577d8e734a49,review,MANTENER_Y_REVISAR,P3,Media,,Revisión ordinaria.
docs/audits/fase5a-lote3-aplicacion-estados-db.json,docs,.json,2809,102,c0668b1569dec8fd88ee07952a923430671c9afb2bb18c8776846cef2777bb90,review,MANTENER_Y_REVISAR,P3,Media,,Revisión ordinaria.
docs/audits/fase7-matriz-134-articulos.json,docs,.json,44109,1077,b9d5194f7113c07c29c946d622695c1ff5fe82eeacdb30aff097bf04ab3d4f1c,review,MANTENER_Y_REVISAR,P3,Media,,Revisión ordinaria.
docs/audits/fase3d-matriz-lote1.json,docs,.json,10733,375,289cc425c9fadd496ea78b4d4a57c92b388ca009fc06c62ef08ab24c216c92d6,review,MANTENER_Y_REVISAR,P3,Media,,Revisión ordinaria.
docs/audits/fase5a-lote3-seo-geo.md,docs,.md,4060,95,458960ba0ce56ef1cf9466e92e6a34ee19d33ecab59883df39e2e1cb3863e218,review,MANTENER_Y_REVISAR,P3,Media,,Revisión ordinaria.
docs/audits/fase4a-lote2-seleccion.json,docs,.json,252303,8548,91e21eb3b495ee1028b0c42cab3cb3110b45ac09850b16df795b95175ef210a7,review,MANTENER_Y_REVISAR,P3,Media,,Revisión ordinaria.
docs/audits/clasificacion-bing-site-explorer-url-por-url-2026-07-08.md,docs,.md,18569,293,baac5178c3875c038016c19be0483ded2cfe94a1c59f2259356364240cb83e88,review,MANTENER_Y_REVISAR,P3,Media,,Revisión ordinaria.
docs/audits/fase3d-correcciones-bodies.json,docs,.json,1859,74,21b5d65ce96e5c50b8f94e50d16f0a9589dd05dfab0751bb43e685f44d0466f7,review,MANTENER_Y_REVISAR,P3,Media,,Revisión ordinaria.
docs/audits/fase6-plan-lotes-verificado.md,docs,.md,5221,132,be0d0b5b869c07e5b9433b9f8a91155640b881f14b1072ef62f8b71b4b45002a,review,MANTENER_Y_REVISAR,P3,Media,,Revisión ordinaria.
docs/audits/fase4a-lote2-priorizacion.md,docs,.md,3951,80,23bc6a245baca37684e34d02521f3d3cb9b95a45c3a939381d15bd93cc7261be,review,MANTENER_Y_REVISAR,P3,Media,,Revisión ordinaria.
docs/audits/fase3-lote1-fuentes-ampliadas.md,docs,.md,7348,165,d8654006e5f442cd5c851fd64cab4ff731b125fb7de3f106c78ab5453018105e,review,MANTENER_Y_REVISAR,P3,Media,,Revisión ordinaria.
docs/audits/fase4a-lote2-seo-geo.md,docs,.md,4377,60,f9408af516cb17716355988f7b516384da604a31a6a4dfcbecb228c1380ac903,review,MANTENER_Y_REVISAR,P3,Media,,Revisión ordinaria.
docs/audits/fase3c-articulos-desbloqueados.md,docs,.md,7686,126,848896a21e8cecff3efd3191353f85aff82b23db7ea1fa075bc5d3ccccffaea2,review,MANTENER_Y_REVISAR,P3,Media,,Revisión ordinaria.
docs/audits/fase7-plan-lotes.json,docs,.json,8030,207,ec05cf9973fb00107eafc2d7cb5ba8572393c13ef40722133dd9b60aa1e98e90,review,MANTENER_Y_REVISAR,P3,Media,,Revisión ordinaria.
docs/audits/fase4a-lote2-validacion-final.md,docs,.md,9853,279,f81e76598ae2835dbf6ca4635a83001c9a2b48404c35cc3362c053606b06fb79,review,MANTENER_Y_REVISAR,P3,Media,,Revisión ordinaria.
docs/audits/fase3d-consistencia.json,docs,.json,5799,195,03bc2984d7f305530f2d176e3f2ce7b873154be8e216fee8ad0cc7269c356581,review,MANTENER_Y_REVISAR,P3,Media,,Revisión ordinaria.
docs/audits/fase6-inventario-final-verificado.json,docs,.json,5659,181,52c6b05dc6bec97723877f0b108f87cd01ea721ca650e479f923add1127029cb,review,MANTENER_Y_REVISAR,P3,Media,,Revisión ordinaria.
docs/audits/fase3b-lote1-fuentes-oficiales.md,docs,.md,7692,155,91f5ee65c80a24e9a6b43d5aefbc4ddde96e85743ed2174477bf35585ce5f1be,review,MANTENER_Y_REVISAR,P3,Media,,Revisión ordinaria.
docs/audits/fase3-lote1-claims-centrales-pendientes.json,docs,.json,25252,438,d40210e26a78365f952bec06e9455d14e14be4a1a08d07fd05b43939f7de8d38,review,MANTENER_Y_REVISAR,P3,Media,,Revisión ordinaria.
docs/audits/auditoria-blog-juridica-seo-geo-final.md,docs,.md,4869,60,aac9698ebd1621c0de125e660599897929cfda0e67b20072285b09335f728e1f,review,MANTENER_Y_REVISAR,P3,Media,,Revisión ordinaria.
docs/audits/fase3e-service-worker-final.md,docs,.md,4452,112,4bbbb6d3e0f1706a4726099980fe8a4add9d1996275dde4f16e2cc08a2e36493,review,MANTENER_Y_REVISAR,P3,Media,,Revisión ordinaria.
docs/audits/fase7c-revalidacion-global.json,docs,.json,11566,327,689550436a8b77a1773a3d0f8eef19bb40e73af61018b946ccf7dc1b0f519d32,review,MANTENER_Y_REVISAR,P3,Media,,Revisión ordinaria.
docs/audits/blog-warnings-lint.md,docs,.md,2445,41,f7988ffd55da3a6d3e2fcbef7a994c1c01726680eba9572944aa8eb0da415fd3,review,MANTENER_Y_REVISAR,P3,Media,,Revisión ordinaria.
docs/audits/fase5a-lote3-matriz.json,docs,.json,4901,130,8e183badf8be595c07a70396cb0a008222b5df36182a12dd8141b15cc138df44,review,MANTENER_Y_REVISAR,P3,Media,,Revisión ordinaria.
docs/audits/seo-live-summary.md,docs,.md,690,28,98aad6eabdaec74d2afe1417651450f70dce68e8218793a562c9290fadc33783,review,MANTENER_Y_REVISAR,P3,Media,,Revisión ordinaria.
docs/audits/fase4a-lote2-estados-finales.json,docs,.json,6758,210,84274e1d6c0e50360bcb3fc035303aacd929383743f68b300b9329f2f3dcc11b,review,MANTENER_Y_REVISAR,P3,Media,,Revisión ordinaria.
docs/audits/analisis-bing-warnings-excluded-2026-07-08.md,docs,.md,16216,298,07626a646f6e3ee7adf89e77a59c27e7efcf0689dd556fe03e9c726e75e07f71,review,MANTENER_Y_REVISAR,P3,Media,,Revisión ordinaria.
docs/audits/auditoria-descriptiva-intranet-sgie-admin.md,docs,.md,27578,359,b600f08dcecad39e2544f7290e59b61a16776e739fce07502a3a36b8a56401ce,review,MANTENER_Y_REVISAR,P3,Media,,Revisión ordinaria.
docs/audits/auditoria-bing-webmaster-2026-07-08.md,docs,.md,27409,421,de7b87268a6b912394b61a41ea236b6012729e48f630f24baa6b8de1974d77bf,review,MANTENER_Y_REVISAR,P3,Media,,Revisión ordinaria.
docs/audits/fase6d-lotes-12-14.json,docs,.json,2463,65,beac8ea480523b6bb5f23328530cfc9147941d3ea6786b0878d7fe6dbfcc6bfb,review,MANTENER_Y_REVISAR,P3,Media,,Revisión ordinaria.
docs/audits/fase3-lote1-invalidacion.md,docs,.md,1770,49,2ffd198788670bb7f859fa6f5e89e6e6f80e583ba149c2f7df2a110fbe58aee1,review,MANTENER_Y_REVISAR,P3,Media,,Revisión ordinaria.
docs/audits/fase5a-lote3-fuentes.md,docs,.md,6581,81,f3f0f4797bbd45c10acbfae5fb2a82e623537f4e60689cd16bde45ab99a2eacb,review,MANTENER_Y_REVISAR,P3,Media,,Revisión ordinaria.
docs/audits/fase7-elegibles.json,docs,.json,64450,1352,800be9c40a0249b42be868dfe56eb37388eaa044d1275e138ec2897478eb3e08,review,MANTENER_Y_REVISAR,P3,Media,,Revisión ordinaria.
docs/audits/fase3b-lote1-estados-finales.json,docs,.json,5505,182,48d28a141244d6da40e263c3c3d23dba4fa6deea53324f75c24985661b4022ec,review,MANTENER_Y_REVISAR,P3,Media,,Revisión ordinaria.
docs/audits/fase5a-lote3-validacion-visual.json,docs,.json,10849,324,6d07daef6ed1c8cf635976407ec5db3444aebf38b78dd777459b3b5ad42f5a40,review,MANTENER_Y_REVISAR,P3,Media,,Revisión ordinaria.
docs/audits/fase6-plan-ejecucion-lotes.json,docs,.json,6792,172,f5db642a0699b80628fa893dff51ca6e7e6585b52442a92ea289e50f7210adde,review,MANTENER_Y_REVISAR,P3,Media,,Revisión ordinaria.
docs/audits/fase7b-inventario-definitivo.json,docs,.json,85851,2466,9733c688699c879b956a5371c69425112a20a86594a2ead3b056345483135c82,review,MANTENER_Y_REVISAR,P3,Media,,Revisión ordinaria.
docs/audits/fase3d-validacion-final.md,docs,.md,4705,111,2c96433e09edbe6a2c94db39cf898d60f400ed4e183f29bc4fa4f6308500a2d3,review,MANTENER_Y_REVISAR,P3,Media,,Revisión ordinaria.
docs/audits/fase4a-lote2-validacion-local.md,docs,.md,4786,96,9b8805bd36601de9f0e7c81258b1e6b84a616e3ac9054a7a46619e8cbf8e33cc,review,MANTENER_Y_REVISAR,P3,Media,,Revisión ordinaria.
docs/audits/fase4a-lote2-correcciones-propuestas.md,docs,.md,4281,57,a09f53dc31ddac8e3ea612c319356b20c0f684481490d0eda050f0108ee1b342,review,MANTENER_Y_REVISAR,P3,Media,,Revisión ordinaria.
docs/audits/fase3d-integridad-claims.md,docs,.md,7122,133,b9f31b8295aba1092e7525554a71565c04e6b41720cdda8c6d926a1665bd4fa9,review,MANTENER_Y_REVISAR,P3,Media,,Revisión ordinaria.
docs/audits/indexacion-monitorizacion.md,docs,.md,6955,123,9a9c54f191d407697abefbcf27267084cbe96bfc8646de7e8dadd643b5ef3937,review,MANTENER_Y_REVISAR,P3,Media,,Revisión ordinaria.
docs/audits/blog-pendientes-revision-humana.md,docs,.md,22476,143,e6f8482eecf9b14bd8039a6a752e57a7861ad104f34254d5735dec46eb2584a7,review,DEDUPLICAR_CON_RUTA_CANONICA,P2,Alta,duplicado_exact:DUP-35,Contenido byte-idéntico a otro archivo; elegir una copia canónica.
docs/audits/fase4b-validacion-produccion.json,docs,.json,14249,346,7d56e3016f90b0a837a67b5a3b01b20b70fa324198a982fc594d393ecf72cb92,review,MANTENER_Y_REVISAR,P3,Media,,Revisión ordinaria.
docs/audits/fase4b-integridad-correcciones.json,docs,.json,7657,133,9d4f3277c2fca507589cd5d67e1fcfc52859d0b8d6dcb9a042b659f5f75af457,review,MANTENER_Y_REVISAR,P3,Media,,Revisión ordinaria.
docs/audits/blog-redirects-verificados.json,docs,.json,2770,73,693a4af80f5fa29a31c5f6a88d39ab2fdd10ae04708c64abb026db60149f8094,review,MANTENER_Y_REVISAR,P3,Media,,Revisión ordinaria.
docs/audits/fase6-lote4-seleccion.json,docs,.json,2612,96,8d85de334a5b975ce2a14dacd33989bb79c416fc860e4658d234a60715b2e673,review,MANTENER_Y_REVISAR,P3,Media,,Revisión ordinaria.
docs/audits/fase5a-lote3-rollback.md,docs,.md,3815,105,759e156677b9d961128d47ed026c3f2e86d73f6dfb009da1653f5752be9b3080,review,MANTENER_Y_REVISAR,P3,Media,,Revisión ordinaria.
docs/audits/fase7-cierre-global.json,docs,.json,2146,67,6fd447043e9f2202b877acf9ad72139d331f7999bc1e7b2f05dc6b4a9afa1271,review,MANTENER_Y_REVISAR,P3,Media,,Revisión ordinaria.
docs/audits/blog-claims-numericos.json,docs,.json,3073,58,63987b3b0c282e94670700885c60a68814c0183ef48ec48dd41d23743008da23,review,MANTENER_Y_REVISAR,P3,Media,,Revisión ordinaria.
docs/audits/fase3-seguridad-secretos.md,docs,.md,1387,48,9bd7feb8fc4a65625c79383499f5dbf1d96cfb1571eae6fdcd6263d509d29324,review,MANTENER_Y_REVISAR,P3,Media,,Revisión ordinaria.
docs/audits/fase7b-cierre-productivo.md,docs,.md,4450,113,8b18d1ed479aa069d051589bfa8c0621b15dd5646f989b23d11749d2532beed0,review,MANTENER_Y_REVISAR,P3,Media,,Revisión ordinaria.
docs/audits/fase7c-validacion-produccion-134.json,docs,.json,250278,5127,b9331f4b568345374a57285cf48337b9ea084da825fc658c455fc77f16cbd8bb,review,MANTENER_Y_REVISAR,P3,Media,,Revisión ordinaria.
docs/audits/fase6-plan-lotes-corregido.json,docs,.json,1499,44,cbd5cc61ad7a108b1e6a49e5ad0e1188dddfc34c6b28a5d1b0444320378f9bf0,review,MANTENER_Y_REVISAR,P3,Media,,Revisión ordinaria.
docs/audits/fase3d-cna-trazabilidad.md,docs,.md,7452,138,6909623f8e2ff1dff28b97fe3f56147ab5ca38951ce107fae53064d530a4c4d7,review,MANTENER_Y_REVISAR,P3,Media,,Revisión ordinaria.
docs/audits/fase7b-hallazgos-juridicos-criticos.json,docs,.json,6058,125,3c30b8bdce66e387c3e476251ef7399cea723ad4cba05925aacc731a568a0a15,review,MANTENER_Y_REVISAR,P3,Media,,Revisión ordinaria.
docs/audits/fase4a-lote2-inventario-claims.json,docs,.json,6221,221,c1ba70375db33bc695d08d02416939700d5c5abe1ed192a222199fd32c5a94b1,review,MANTENER_Y_REVISAR,P3,Media,,Revisión ordinaria.
docs/audits/fase3c-codigo-ninez.md,docs,.md,15982,214,b0cf9816506a0d257b6ed626ac67d1ade3b178b59d6382a65a13725da25abad3,review,MANTENER_Y_REVISAR,P3,Media,,Revisión ordinaria.
docs/audits/fase6-inventario-pendiente-verificado.json,docs,.json,6112,141,46f85b22651452a8de6dc967775abeba132bcc9730c67729d5a4d6ab54891c51,review,MANTENER_Y_REVISAR,P3,Media,,Revisión ordinaria.
docs/audits/fase6-cierre-global-verificado.md,docs,.md,4491,180,2e854b2fd352adb29c36d59119b9675e41e150a533b7eceba0822ff5ecae60c0,review,MANTENER_Y_REVISAR,P3,Media,,Revisión ordinaria.
docs/audits/fase7-inventario-final.json,docs,.json,245842,6080,d0cf8263ca1c42c870dc193bcbfd6dc157078470573a8c35215b61b2706e9237,review,MANTENER_Y_REVISAR,P3,Media,,Revisión ordinaria.
docs/audits/fase3b-lote1-claims-finales.json,docs,.json,55310,626,4a1880e4039c8ce643f059032b2215b31fee68daa0d7205e574d1e583a247d35,review,MANTENER_Y_REVISAR,P3,Media,,Revisión ordinaria.
docs/audits/fase6-plan-global-lotes.json,docs,.json,125331,2977,b1bee3376b55a7c17594e38a36c476400bb2b7ca6f84b84c87eaf3c9f0ff12ad,review,MANTENER_Y_REVISAR,P3,Media,,Revisión ordinaria.
docs/audits/fase3-lote1-correcciones-verificadas.md,docs,.md,4849,104,b948adac9bb030bbcdc0cff0fd36656de740a698f0adfcea3119315908d131b6,review,MANTENER_Y_REVISAR,P3,Media,,Revisión ordinaria.
docs/audits/cierre-ejecucion-seo-2026-07-08.md,docs,.md,13330,254,cbb1996e04e0cf0af4ab01f653749fb57667d8439431f25aef73670212cc5791,review,MANTENER_Y_REVISAR,P3,Media,,Revisión ordinaria.
docs/audits/blog-canibalizacion.json,docs,.json,2,1,4f53cda18c2baa0c0354bb5f9a3ecbe5ed12ab4d8e11ba873c2f11161202b945,review,MANTENER_Y_REVISAR,P3,Media,,Revisión ordinaria.
docs/audits/fase3c-seo-geo.md,docs,.md,6245,112,c024cc3500f8f3e7439b768345615ddd34aa937c840e74aacd3121dca07f6943,review,MANTENER_Y_REVISAR,P3,Media,,Revisión ordinaria.
docs/audits/blog-fuentes-oficiales.md,docs,.md,18364,202,c7604b904531ed79fda892ebbc5514ce96247152b7b5ddb6cff4ea2e2a382d9a,review,MANTENER_Y_REVISAR,P3,Media,,Revisión ordinaria.
docs/audits/fase4b-aplicacion-estados-db.json,docs,.json,2784,90,ce110058a7f421afe85982ddb47207119bd56ad9c1c26f293c4f5f27f8af4519,review,MANTENER_Y_REVISAR,P3,Media,,Revisión ordinaria.
docs/audits/fase4a-lote2-claims-finales.json,docs,.json,77429,1550,a081d76792f41ef211d65085817c13d3cb2cb34ded9546cbb5a1d4517ac321c4,review,MANTENER_Y_REVISAR,P3,Media,,Revisión ordinaria.
docs/audits/fase3c-validacion.md,docs,.md,6024,161,83e40f8da75f4a404c57be47390f13949bb17cda60e3a537b180c408ee7c8ebd,review,MANTENER_Y_REVISAR,P3,Media,,Revisión ordinaria.
docs/audits/fase6-inventario-corregido.json,docs,.json,1285,34,37478c17af6c43fbf91643d5efc366a31ef943821b570420ef22d8f2ea39d898,review,MANTENER_Y_REVISAR,P3,Media,,Revisión ordinaria.
docs/audits/fase4b-estados-definitivos.json,docs,.json,7556,226,819c45c26a603b8ea97eb3e7f98e7cc3b794e428db24056e4c2f3a73abc1646b,review,MANTENER_Y_REVISAR,P3,Media,,Revisión ordinaria.
docs/audits/fase3-lote1-build.md,docs,.md,5476,143,0b72ba58c51654664f3cbe72b6478ca37edc72ffd9af258d22aac83e352b90db,review,MANTENER_Y_REVISAR,P3,Media,,Revisión ordinaria.
docs/audits/fase6-pre-rollback-neon-resumen.json,docs,.json,31456,885,8a70b511a064e54d110bf8a200b4f51c3ab6f0fba16c46ab3c103502b92fdc32,review,MANTENER_Y_REVISAR,P3,Media,,Revisión ordinaria.
docs/audits/fase4a-lote2-enlazado-interno.md,docs,.md,1570,30,116d3154ceace67f8a411f0004bb9b2b90ac4a618c20d7e284d768ad4c4c1e78,review,MANTENER_Y_REVISAR,P3,Media,,Revisión ordinaria.
docs/audits/fase7-inventario-global.md,docs,.md,22330,218,d171b006dd7fc88d52c25eb808ab0c22c7084b6b82c0ad09716412586cbfcb9f,review,MANTENER_Y_REVISAR,P3,Media,,Revisión ordinaria.
docs/audits/fase6-lote4-priorizacion.md,docs,.md,2297,80,6264038117d2a869be2745a105a0148b1f0fc95e77ed621f91ac40d7c8c434e3,review,MANTENER_Y_REVISAR,P3,Media,,Revisión ordinaria.
docs/audits/seo-live-action-plan.md,docs,.md,8000,174,12761931e854b1e7a830c649c58fabae38484bded956b9126021244aba499a68,review,MANTENER_Y_REVISAR,P3,Media,,Revisión ordinaria.
docs/audits/fase3-lote1-rollback-actualizado.md,docs,.md,4956,151,58d98c98741e509775dfd8844c36c2c06ae842ae96161a7c580085dc4ee231ff,review,MANTENER_Y_REVISAR,P3,Media,,Revisión ordinaria.
docs/audits/fase5a-lote3-correcciones-propuestas.md,docs,.md,4967,100,77dabfa20b4f069f327d2c86b00a1d849965bf1ab813f400bda0607b664b534a,review,MANTENER_Y_REVISAR,P3,Media,,Revisión ordinaria.
docs/audits/fase3e-revalidacion-produccion.md,docs,.md,5169,141,5c938af77f56e8fca77ae0599ccdb67ea0bb9a0aab3a9dd430aff5361f91c046,review,MANTENER_Y_REVISAR,P3,Media,,Revisión ordinaria.
docs/audits/fase5a-lote3-enlazado-interno.md,docs,.md,3589,52,f603efe6998e8eee8fbaed582ec2f72c9ea557133cd53fe062c43aa0359a3115,review,MANTENER_Y_REVISAR,P3,Media,,Revisión ordinaria.
docs/audits/fase3d-rollback.md,docs,.md,3997,105,e33411b426941789f5edb133f363d73ba1307251831607c66d749c9a140f043b,review,MANTENER_Y_REVISAR,P3,Media,,Revisión ordinaria.
docs/audits/fase3d-service-worker.md,docs,.md,5396,142,8e0724f865c997146e0cb240f37fcf5ee81d3a99c22f1fd19bbbbc29f80832b4,review,MANTENER_Y_REVISAR,P3,Media,,Revisión ordinaria.
docs/audits/fase3d-claims-reconstruidos.json,docs,.json,19395,309,7a0105f4ffbd0e3bd3104a1ec14eeb42e69474c25953e9f8d502d2e4c0a89c1d,review,MANTENER_Y_REVISAR,P3,Media,,Revisión ordinaria.
docs/audits/fase5a-lote3-claims-finales.json,docs,.json,88941,1802,a31f190a1a386d1a4d7ddc3704666063db65bd00f9e0863efa84623f26a5642f,review,MANTENER_Y_REVISAR,P3,Media,,Revisión ordinaria.
docs/audits/fase6-rollback-selectivo-evidencia.json,docs,.json,24946,600,627a483c530a4bed3fcd815de1a22e663d08ab9e10a28165cedb37417ad5a94d,review,MANTENER_Y_REVISAR,P3,Media,,Revisión ordinaria.
docs/audits/fase3b-lote1-validacion.md,docs,.md,7339,169,b567bf5c7d991a6a3f708f1e56b7a7812a464ccfaaea6fdb7dccca377b65792a,review,MANTENER_Y_REVISAR,P3,Media,,Revisión ordinaria.
docs/audits/fase3d-articulo-71-trazabilidad.md,docs,.md,7203,136,2a5ea2da8037ef1c2c4bf4518804e078141b8b73d0ee02643c09bfe55e3ec107,review,MANTENER_Y_REVISAR,P3,Media,,Revisión ordinaria.
docs/audits/blog-articulos-modificados.md,docs,.md,5013,90,53cb34c1ad5b86310071433e0358d17ff3c625536a9d74291ebdf5a15aa5ae15,review,MANTENER_Y_REVISAR,P3,Media,,Revisión ordinaria.
docs/audits/fase3c-articulo-71.md,docs,.md,11674,161,e2a4f69dd40cbc46e45f2cd640252a159f5a1b79e97766caf9754aaf66ac5255,review,MANTENER_Y_REVISAR,P3,Media,,Revisión ordinaria.
docs/audits/fase3-lote1-cierre-correctivo.md,docs,.md,8042,162,c1dae36d0525a8dfcb75ca967339add03cbbd10be2836586f84254e847c06185,review,MANTENER_Y_REVISAR,P3,Media,,Revisión ordinaria.
docs/audits/fase3-lote1-claims-con-importancia.json,docs,.json,46435,695,2f8bc4500e17c4eb9dab4fb46c45f82a2a4ccf3343897d3b17abde46a8a2d59b,review,MANTENER_Y_REVISAR,P3,Media,,Revisión ordinaria.
docs/audits/fase5a-lote3-revalidacion.json,docs,.json,10097,413,26f962a8d229a6e65e392d2548db51bfc6c8d8b55393dcdf85fb7a4d03613622,review,MANTENER_Y_REVISAR,P3,Media,,Revisión ordinaria.
docs/audits/fase5a-lote3-validacion-visual.md,docs,.md,2667,60,8d7cc9739d2b5919bfbd8ceb23e41596966ffeffc774ee610efa523617fc22b4,review,MANTENER_Y_REVISAR,P3,Media,,Revisión ordinaria.
docs/audits/fase3-lote1-estados.json,docs,.json,7249,242,0b2833cbd8bbe01a709871ad36434d169bf24dcb7e1fc5aef15fb2b3030ffaae,review,MANTENER_Y_REVISAR,P3,Media,,Revisión ordinaria.
docs/audits/fase3e-rollback.md,docs,.md,3741,96,37d22f9b19e16ec05bec78ded2b33aedac8f4da680a882c78ecbe568645a26a0,review,MANTENER_Y_REVISAR,P3,Media,,Revisión ordinaria.
docs/audits/fase6-plan-global-lotes.md,docs,.md,12321,156,c4252cb8e11bb1a96c55e11875b9d2eb9fa9afb630ccb24477ea5b0bf4edb2d9,review,MANTENER_Y_REVISAR,P3,Media,,Revisión ordinaria.
docs/audits/fase4b-incidencia-commit-3769416d.md,docs,.md,4909,117,52abddf4997dffdfdda161e96b3ea47ecf6a284644c2a53c7771bacc58e1005e,review,MANTENER_Y_REVISAR,P3,Media,,Revisión ordinaria.
docs/audits/fase4b-validacion-visual.md,docs,.md,10105,155,77a5787dd0ef948011953fdc25a412ac73e5dedf40e24d602b06b054266fe5f7,review,MANTENER_Y_REVISAR,P3,Media,,Revisión ordinaria.
docs/audits/fase3c-estados-finales.json,docs,.json,6854,242,dbbf1601c87057b6eaa22e16568efc37c2a44f5f01ecb26f6324f3811ca67f1f,review,MANTENER_Y_REVISAR,P3,Media,,Revisión ordinaria.
docs/audits/blog-inventario.json,docs,.json,183012,4749,38cb41aa12a170a3326ed0f888452058013cf97cdca796e6ca5d290a82f1e19b,review,MANTENER_Y_REVISAR,P3,Media,,Revisión ordinaria.
docs/audits/revision-gsc-ga4-mejoras-2026-07-08.md,docs,.md,19920,366,dd9c5856d18c28c3c86105864fd93eca9f207e50a1b8d5e14b7e818adab7d5d2,review,MANTENER_Y_REVISAR,P3,Media,,Revisión ordinaria.
docs/audits/fase5a-lote3-validacion-produccion.json,docs,.json,11872,278,0b7047257eaa0682c1f6f596ab2d9753bf18a772c8b2a5c6ad1dbad25b2fe34d,review,MANTENER_Y_REVISAR,P3,Media,,Revisión ordinaria.
docs/audits/fase3c-rollback.md,docs,.md,4007,146,21de0a2cb3ee4c2bd26ea676005ab4b8da057e6da1bbf14e9b4f78a6c93486cb,review,MANTENER_Y_REVISAR,P3,Media,,Revisión ordinaria.
docs/audits/fase6-ejecucion-invalida-incidente.md,docs,.md,2718,38,135e55cf3fcf2eb372533ca705d91e13944adf94a4810db7eedd3d67dfd347bc,review,MANTENER_Y_REVISAR,P3,Media,,Revisión ordinaria.
docs/audits/fase5a-lote3-inventario-claims.json,docs,.json,24136,830,3f42f1914daabe2fd83cd94033dafbae6ed03c5914691e2c8f60a927d57888aa,review,MANTENER_Y_REVISAR,P3,Media,,Revisión ordinaria.
docs/audits/fase3c-procedencia-fuentes.md,docs,.md,10465,167,9d4ddde54b2fe08d7bc6fd9cd9f9c2e704ca512c81954fdcdc2eeb7e659180cd,review,MANTENER_Y_REVISAR,P3,Media,,Revisión ordinaria.
docs/audits/fase3e-correcciones-canon.json,docs,.json,4322,61,0b3621d6b1899ebbe61abf6d20fe68c1b3e84bbecc07a319dab13bb76e74fd14,review,MANTENER_Y_REVISAR,P3,Media,,Revisión ordinaria.
docs/audits/fase3-lote1-migracion.md,docs,.md,4590,105,8d7f8a0ace1ed40759f681354703db6bdf83ec7bed2ad8faf26f2aac1f193739,review,MANTENER_Y_REVISAR,P3,Media,,Revisión ordinaria.
docs/audits/fase4a-lote2-estados-iniciales.json,docs,.json,8860,253,657b3f9a3086a47cbb9e2bd2f2024350c3dc7ac633480789b74b55bc147c2c61,review,MANTENER_Y_REVISAR,P3,Media,,Revisión ordinaria.
docs/audits/fase7-cierre-global.md,docs,.md,4212,136,e3604e60d978247671f7cd908c701a3ca2992905c7ba6ae7eebd786d9181a711,review,MANTENER_Y_REVISAR,P3,Media,,Revisión ordinaria.
docs/audits/lighthouse-treemap-performance-2026-07-08.md,docs,.md,18602,345,47667c2a1373e2f93b81831352c147e2bf22486aaf5769007d7cc8a961ea48a3,review,MANTENER_Y_REVISAR,P3,Media,,Revisión ordinaria.
docs/audits/fase7b-correcciones-aplicadas.json,docs,.json,2541,66,3561afdad9384c99f5b578e9a680de20c9e772b505c855ca06ea4b6a2956e117,review,MANTENER_Y_REVISAR,P3,Media,,Revisión ordinaria.
docs/audits/fase4a-lote2-aplicacion-correcciones.json,docs,.json,2786,56,a4a76fdf362b0d56d4051546e553f188fbec9ae298ef9f4ac07b69caffc7c63e,review,MANTENER_Y_REVISAR,P3,Media,,Revisión ordinaria.
docs/audits/fase3e-validacion-visual.md,docs,.md,4051,101,6fbab30ed3f1ec9d4cb1ad86755e6760fecf40008a61f95b9dd4f6808bf8fd84,review,MANTENER_Y_REVISAR,P3,Media,,Revisión ordinaria.
docs/audits/fase5a-lote3-aplicacion-correcciones.json,docs,.json,713,19,bc3455e571ce74a94bf447efa43e60ef91e63f017fb762ce531241ae5e8f9ef7,review,MANTENER_Y_REVISAR,P3,Media,,Revisión ordinaria.
docs/audits/fix-bing-oauth-2026-07-08.md,docs,.md,14722,275,be78ebb20d28325cd505db081b08afd67b622e7b7e2383d4079399c5243fd99f,review,MANTENER_Y_REVISAR,P3,Media,,Revisión ordinaria.
docs/audits/fase3e-validacion-final.md,docs,.md,5418,134,05a630e3ad2efa4532759bdf3043ce0c9adc9fc67748be0d8ff50953db1c1102,review,MANTENER_Y_REVISAR,P3,Media,,Revisión ordinaria.
docs/audits/fase5a-lote3-aplicacion-enlazado.json,docs,.json,5087,120,9d9c510c96aca7ce91185e2e8ff2dc3b4425a53d0e472243cf29035beb12e38d,review,MANTENER_Y_REVISAR,P3,Media,,Revisión ordinaria.
docs/audits/image-optimization-report.md,docs,.md,2148,44,8c28ad939363ff5c8eeb7d432f95066a458e35ed3f4b4c22afff8ccb9064b72d,review,MANTENER_Y_REVISAR,P3,Media,,Revisión ordinaria.
docs/audits/fase6-inventario-ejecucion.json,docs,.json,16791,359,a82644ade44b56720e3ef61d10f551e38fad0984d10a8edcfbb7b6307e7f2eeb,review,MANTENER_Y_REVISAR,P3,Media,,Revisión ordinaria.
docs/audits/fase7-disclaimers.json,docs,.json,220,7,bd84846711efdda79679b469f109150415e2547f79d61a8e64973253a662aa26,review,MANTENER_Y_REVISAR,P3,Media,,Revisión ordinaria.
docs/audits/auditoria-gsc-bing-ga4-2026-07-26.md,docs,.md,15474,298,dba009634ec17d9633ed34d41c16ee4c1be7ede1699ba79f99f1fec88fd3f76f,review,MANTENER_Y_REVISAR,P3,Media,,Revisión ordinaria.
docs/audits/fase6-inventario-global-restante.json,docs,.json,111315,2452,ec74ae6340257992dd4c6629be7a0cd23b6e144f7b264e049c454b9f8904c236,review,MANTENER_Y_REVISAR,P3,Media,,Revisión ordinaria.
docs/audits/fase7-inventario-global.json,docs,.json,245794,6079,a04aa53443e0eec4ea83b98d5ad71d906431f2aff8945d6274568fe00f07af3f,review,MANTENER_Y_REVISAR,P3,Media,,Revisión ordinaria.
docs/audits/fase3c-claims-finales.json,docs,.json,23795,454,e466f1bbd1dcf10b88bef635032dac9c01f5e313a55d31ea3cb3a45c1c87d3c4,review,MANTENER_Y_REVISAR,P3,Media,,Revisión ordinaria.
docs/audits/fase5b-lote3-deployment-final.json,docs,.json,1992,46,33e390d7af94c643fb86213342921395e8421c04f400504062985965d1dfad8d,review,MANTENER_Y_REVISAR,P3,Media,,Revisión ordinaria.
docs/audits/fase3-lote1-claims.json,docs,.json,111032,2281,7522d9e90e726f449a506b8d56fb3088a53be342b6cd26fde2f9626476885572,review,MANTENER_Y_REVISAR,P3,Media,,Revisión ordinaria.
docs/audits/fase6-procedencia-estados-previos.json,docs,.json,19033,640,ca836c52eaababafdc04d36f63eff3c24d5a2441627efe54967202edbe2f2d6d,review,MANTENER_Y_REVISAR,P3,Media,,Revisión ordinaria.
docs/audits/fase5a-lote3-estados-iniciales.json,docs,.json,13245,324,aabb940763bfbb88f878896b17316afa868b3c85cdc8e6cf407cd20438dca11b,review,MANTENER_Y_REVISAR,P3,Media,,Revisión ordinaria.
docs/audits/bing-live-report.md,docs,.md,3268,68,a9d756c5eefbae69bc0131b3430db1140c9251906edd2dac5d94fe1bba970c01,review,MANTENER_Y_REVISAR,P3,Media,,Revisión ordinaria.
docs/architecture/estudio-tecnico-viabilidad-sgie-autonomo.md,docs,.md,31394,560,5dbb54b844ed06576acf656c7614c4af51cc4a60b2a0ef657f03ed2700a6e8ae,review,MANTENER_Y_REVISAR,P3,Media,,Revisión ordinaria.
docs/architecture/auditoria-consolidada-viabilidad-sgie.md,docs,.md,21907,332,5980bd0420965847815d7128fe4509c34d2b65b5e1fae9e75f9e2cf1ec3f5682,review,MANTENER_Y_REVISAR,P3,Media,,Revisión ordinaria.
docs/architecture/fase-4a-automatizacion-documental-core.md,docs,.md,5692,81,dc06b55a35ddfd63a282efd6cfe272e74b01056e280b94ad7621eb6265c7d4c5,review,MANTENER_Y_REVISAR,P3,Media,,Revisión ordinaria.
docs/architecture/staging-production-topology.md,docs,.md,3634,60,7e3325a00e3eb2f2d925b062a29059be96207b489e152f04d3443d703188c4a3,review,MANTENER_Y_REVISAR,P3,Media,,Revisión ordinaria.
docs/architecture/fase-1-nucleo-admin-identidad-calendario.md,docs,.md,10660,236,8ea8df88aa3a2e20541e1b5c994e6f439f3255b886640a647a8e731e3f06e037,review,MANTENER_Y_REVISAR,P3,Media,,Revisión ordinaria.
docs/architecture/fase-3-experiencia-operativa-cliente.md,docs,.md,3084,53,c37a502ceb65e8f7ad9bff1a25c0916d8e1a4c6beedb42558ec93cb9373a32d8,review,MANTENER_Y_REVISAR,P3,Media,,Revisión ordinaria.
docs/architecture/fase-2-nucleo-durable-documentos-comunicaciones.md,docs,.md,20168,292,95c14e77afdf8d64afacbd09deae2be3f6660eda46e5394a4ff1f5cc37aa8494,review,MANTENER_Y_REVISAR,P3,Media,,Revisión ordinaria.
docs/architecture/fase-4b1-bulk-approval.md,docs,.md,4253,73,ae62215cb0a6e0eb727b89a5b4b909c1d4b99763f36ad746f959d2be01ebe0a4,review,MANTENER_Y_REVISAR,P3,Media,,Revisión ordinaria.
docs/auditoria/PLAN-ACCION.md,docs,.md,5453,66,873eb00694fda6fd97af7e0055d876c240be0f9775b658d2e67b2ab55ed584a3,review,MANTENER_Y_REVISAR,P3,Media,,Revisión ordinaria.
docs/auditoria/INFORME-AUDITORIA-gemini3.5.md,docs,.md,8064,135,b84a962cdc71386613493307c704bec674bc1886a8dad457f45768038b39a42e,review,MANTENER_Y_REVISAR,P3,Media,,Revisión ordinaria.
docs/auditoria/INFORME-AUDITORIA.md,docs,.md,9307,132,3bde4f0f3445b864f53eea414916416202fdfeb7c47738db016d4f6f19f88fcb,review,MANTENER_Y_REVISAR,P3,Media,,Revisión ordinaria.
docs/auditoria/MATRIZ-TRAZABILIDAD-gemini3.5.md,docs,.md,4078,27,e860ab1c0c791e76a30d6f626684e8679ea47ad792d304b710e7bece3e62fbaa,review,CORREGIR_ENLACES_O_ARCHIVAR,P1,Alta,,10 enlace(s) local(es) roto(s).
docs/auditoria/RESULTADOS-PRUEBAS-gemini3.5.md,docs,.md,4706,64,8bea2b00cf69fe25e43e91cecb090346fa3306a303f7f4a83a8f3995cf132188,review,MANTENER_Y_REVISAR,P3,Media,,Revisión ordinaria.
docs/auditoria/PLAN-ACCION-gemini3.5.md,docs,.md,4829,68,877419fdfcb2c453b8df9c00bb1f6b19e8d3b4233b5b029ca2d9eccc497202b0,review,MANTENER_Y_REVISAR,P3,Media,,Revisión ordinaria.
docs/auditoria/HALLAZGOS-gemini3.5.md,docs,.md,16295,202,c3d0c174b246c3b81a227d2a825a29349187a0003d9edfaf65c726167dbabe14,review,CORREGIR_ENLACES_O_ARCHIVAR,P1,Alta,,9 enlace(s) local(es) roto(s).
docs/auditoria/REDISENO-SGIE-ADMIN-gemini3.5.md,docs,.md,7924,120,baa9e3f4b9d6480287956b19f93864b42b201d7a58310a3a1f8bd2095699749d,review,MANTENER_Y_REVISAR,P3,Media,,Revisión ordinaria.
docs/auditoria/REDISENO-SGIE-ADMIN.md,docs,.md,11796,207,24f99c565bc19fca495117f7f2f39f91ebbecd4890bd088e502bbe336c652a3a,review,MANTENER_Y_REVISAR,P3,Media,,Revisión ordinaria.
docs/auditoria/HALLAZGOS.md,docs,.md,20304,326,149e23b489adaf45debb13fc1932a81395eb87686eb106d2c38210590dbf4a3f,review,MANTENER_Y_REVISAR,P3,Media,,Revisión ordinaria.
docs/auditoria/RESULTADOS-PRUEBAS.md,docs,.md,12860,243,a0e082b31a4c07e1716dc136d8a5301b983bbc0f9d3621e3cd2d70d4562a2a8c,review,MANTENER_Y_REVISAR,P3,Media,,Revisión ordinaria.
docs/auditoria/MATRIZ-TRAZABILIDAD.md,docs,.md,5855,49,579b2cd0b620844cff28e0df9801662ba55da22e5b94cba77c49fa6b6318c168,review,MANTENER_Y_REVISAR,P3,Media,,Revisión ordinaria.
docs/roadmap/SGIE_IMPLEMENTATION_CHECKLIST.md,docs,.md,14871,183,b4588fd4f38c22dea8884336f3a3c842b7a88801b0997e69b9d1557d149656bd,review,MANTENER_Y_REVISAR,P3,Media,,Revisión ordinaria.
docs/audits/fase3c-paquetes-revision-humana/violencia-domestica-ruta-legal-honduras.md,docs,.md,1943,44,e5e308f4388166da9a080f7836a2bd714f9d1bf13e5a2907ab9a936b38cc378a,review,MANTENER_Y_REVISAR,P3,Media,,Revisión ordinaria.
docs/audits/fase3c-paquetes-revision-humana/index.md,docs,.md,3038,62,3e1891104186e56fee60b1f61e55a8736f61629a5f246eea745fb0bc64684764,review,MANTENER_Y_REVISAR,P3,Media,,Revisión ordinaria.
docs/audits/fase3c-paquetes-revision-humana/defensa-penal-menores-edad-honduras.md,docs,.md,4099,65,5040980f8dd210ba48d0e77660a73fbbdc1b0c11c604f9403be84d668f73e051,review,MANTENER_Y_REVISAR,P3,Media,,Revisión ordinaria.
docs/audits/fase3c-paquetes-revision-humana/allanamiento-ilegal-violacion-domicilio-honduras.md,docs,.md,2165,44,842c93c1ef21f304b4c6228eb4f36ed708f0a97cfc836608433f7ad0b55e0011,review,MANTENER_Y_REVISAR,P3,Media,,Revisión ordinaria.
docs/audits/fase3c-paquetes-revision-humana/cuando-prescribe-delito-en-honduras.md,docs,.md,3101,60,07fc6ae6b2ab6f8d7e69df78a4daa250e77ad100753f40bb69c43e9fc0de437e,review,MANTENER_Y_REVISAR,P3,Media,,Revisión ordinaria.
docs/audits/fase3c-paquetes-revision-humana/derechos-detenido-honduras-guia-constitucional.md,docs,.md,2960,52,d3d4ee43ae7c7bb7b29aaa1e25a8705eaac3d8bc43efbebfaa686d1c95fb1114,review,MANTENER_Y_REVISAR,P3,Media,,Revisión ordinaria.
docs/audits/fase3c-paquetes-revision-humana/antejuicio-en-honduras.md,docs,.md,3706,75,305f9f062ddd6b547ac860c810985731f9a4d04c826e0184b42ff024d0ff2044,review,MANTENER_Y_REVISAR,P3,Media,,Revisión ordinaria.
docs/audits/fase3c-paquetes-revision-humana/abogado-penalista-choluteca.md,docs,.md,2104,47,1759c0ff1098ac4bc07d6e653fb9bcb8c5d3dd66231a12d741c5a4c3b9a8dda5,review,MANTENER_Y_REVISAR,P3,Media,,Revisión ordinaria.
docs/audits/fase4a-lote2-revision-humana/custodia-hijos-honduras-juez.md,docs,.md,3782,76,94b941911be3897b95ec26cfcb6d4aadb19e623b4d57f50f5b0209b72fbf83a1,review,MANTENER_Y_REVISAR,P3,Media,,Revisión ordinaria.
docs/audits/fase4a-lote2-revision-humana/pension-alimenticia-choluteca.md,docs,.md,1939,49,434aba20abe66001aa6565db0f6e5bae590da78d2c71077e381fbfb094580991,review,MANTENER_Y_REVISAR,P3,Media,,Revisión ordinaria.
docs/audits/fase4a-lote2-revision-humana/despido-laboral-honduras-guia-completa.md,docs,.md,6452,160,5f97f7fdef1fc94ff2f91b776b552d5fd0d6cb3b2047a91afaca8cf631d13a4d,review,MANTENER_Y_REVISAR,P3,Media,,Revisión ordinaria.
docs/audits/fase4a-lote2-revision-humana/pension-alimenticia-porcentaje-honduras-2026.md,docs,.md,10033,234,72982fe72ccaef08f0f4b48bb97087d711080820f64447b7bfbd2a7c428bdadf,review,MANTENER_Y_REVISAR,P3,Media,,Revisión ordinaria.
docs/audits/fase4a-lote2-revision-humana/juicio-oral-etapas-que-esperar-honduras.md,docs,.md,19684,456,af8a639c35277e2320e1ab0c10350e1ac3dc41a73f458e61fa02ed8ea1bad13e,review,MANTENER_Y_REVISAR,P3,Media,,Revisión ordinaria.
docs/audits/fase4a-lote2-revision-humana/derechos-trabajadora-embarazada-honduras.md,docs,.md,5228,123,1076ca48c73bfd1cda9084cda206f63e014db349f3fe684d18140b11cee63a2e,review,MANTENER_Y_REVISAR,P3,Media,,Revisión ordinaria.
docs/audits/fase4a-lote2-revision-humana/habeas-corpus-cuando-interponer-honduras.md,docs,.md,5026,123,d896c175cd0440ed49fc42f2d5aa3e0fe58346a213079d2dea40eb65756f4c86,review,MANTENER_Y_REVISAR,P3,Media,,Revisión ordinaria.
docs/audits/fase4a-lote2-revision-humana/index.md,docs,.md,1781,24,cf128563ab6063da47030875fd02257855c3503a8c7ffcc7f92ca0cafc9f295f,review,MANTENER_Y_REVISAR,P3,Media,,Revisión ordinaria.
docs/audits/fase4a-lote2-revision-humana/que-hacer-si-me-detienen-en-honduras.md,docs,.md,5252,123,6ee5a749afa270b9e37079d06e422b91fa83a64094c3cf036df61967afb74711,review,MANTENER_Y_REVISAR,P3,Media,,Revisión ordinaria.
docs/audits/fase5a-lote3-revision-humana/union-de-hecho-requisitos-derechos-honduras.md,docs,.md,2825,72,3a64558dc56c42694b6583ee8c93fdfd86c599e3f18ea749409e5a3cf41b6523,review,MANTENER_Y_REVISAR,P3,Media,,Revisión ordinaria.
docs/audits/fase5a-lote3-revision-humana/proteccion-datos-personales-derechos-arco-honduras.md,docs,.md,5418,132,de46b3cbc13cbcb5ec7c17cf712c0b48ba07f2f7bfe7e04d6e7cbacbc0ec19d5,review,MANTENER_Y_REVISAR,P3,Media,,Revisión ordinaria.
docs/audits/fase5a-lote3-revision-humana/banco-demanda-deuda-defensa-opciones-honduras.md,docs,.md,3984,102,6cd053674e072a648640eb507037a05c0b5ed2f1865a38e2c8fcdb25bc55fd07,review,MANTENER_Y_REVISAR,P3,Media,,Revisión ordinaria.
docs/audits/fase5a-lote3-revision-humana/contratos-trabajo-tipos-clausulas-honduras.md,docs,.md,2814,72,da5307757b8b655fa94d46526ecaac9e71ce07a0e2c36fb232f74033ac1ab19e,review,MANTENER_Y_REVISAR,P3,Media,,Revisión ordinaria.
docs/audits/fase5a-lote3-revision-humana/como-preparar-demanda-guia-no-abogados-honduras.md,docs,.md,7113,162,aa7f91f5107732bdebe4453f0add888bd181e60ca34bee350007986cd6235aac,review,MANTENER_Y_REVISAR,P3,Media,,Revisión ordinaria.
docs/audits/fase5a-lote3-revision-humana/derechos-indigenas-consulta-previa-honduras.md,docs,.md,5772,134,37e128bdd370adf8ac1e3669257096e2a9966b01f438fba496ced4d8a58a538a,review,MANTENER_Y_REVISAR,P3,Media,,Revisión ordinaria.
docs/audits/fase5a-lote3-revision-humana/index.md,docs,.md,2492,27,120487dcd2daf783ff61e43f008cda6c022067e2f56f8eb29b2751e151d2ac81,review,MANTENER_Y_REVISAR,P3,Media,,Revisión ordinaria.
docs/audits/fase5a-lote3-revision-humana/codigo-aduanero-centroamericano.md,docs,.md,2777,72,5f3d204a9bc7a47a04b3001f0486acfbc912aba9cdefd5470305a39a7731ebad,review,MANTENER_Y_REVISAR,P3,Media,,Revisión ordinaria.
docs/audits/fase5a-lote3-revision-humana/adopcion-requisitos-proceso-honduras.md,docs,.md,6411,162,aeed56cb36e288d56b8245ec2d507ca1ae0817bb05582e6bba6578df25ad1e20,review,MANTENER_Y_REVISAR,P3,Media,,Revisión ordinaria.
docs/audits/fase5a-lote3-revision-humana/importar-mercancias-guia-aduanera.md,docs,.md,8736,222,51468fbd26551af28ed3e9b4f205042836ce148789b0f5a3c7abe5f2043deaed,review,MANTENER_Y_REVISAR,P3,Media,,Revisión ordinaria.
docs/audits/fase5a-lote3-revision-humana/importar-china-guia-aduanera.md,docs,.md,9949,252,59180db9ba543bfcab60ac91ff37556de378e970d9412eeee462ae50660d684c,review,MANTENER_Y_REVISAR,P3,Media,,Revisión ordinaria.
docs/audits/fase5a-lote3-revision-humana/reclamar-deuda-legalmente-honduras.md,docs,.md,6414,162,8bab6b6e4efbc029afe2a33c9cb40cdc13fa24a25751a1e636b5cfd0527d435f,review,MANTENER_Y_REVISAR,P3,Media,,Revisión ordinaria.
docs/audits/fase5a-lote3-revision-humana/patentes-requisitos-proceso-solicitud-honduras.md,docs,.md,5292,132,e28bb7bda5705683085ff12db83b6f6fa359239d27b6b43743abeda42ab30566,review,MANTENER_Y_REVISAR,P3,Media,,Revisión ordinaria.
docs/audits/fase7/lote-B-bodies.json,docs,.json,103401,137,8ec20410ad753a7e947b215991f38d35d2ba14c6dc326267ac0b9209d7dd4768,review,MANTENER_Y_REVISAR,P3,Media,,Revisión ordinaria.
docs/audits/fase6/lote-8/consolidacion-resumen.json,docs,.json,2082,85,7c14fe58782f017ade70aeb18a75eec3371319a40614f18f4f5445090734189d,review,MANTENER_Y_REVISAR,P3,Media,,Revisión ordinaria.
docs/audits/fase6/lote-11/consolidacion-resumen.json,docs,.json,1772,75,245edcac8ede35b487c4161e45aac21c78cfdd83272989cbbb8905ae23783a1f,review,MANTENER_Y_REVISAR,P3,Media,,Revisión ordinaria.
docs/audits/fase6/lote-12/consolidacion-resumen.json,docs,.json,2014,85,9e6a4c7197264794ef150589f98bbc3950c627cdfd8dba14f3191a6daf9e5958,review,MANTENER_Y_REVISAR,P3,Media,,Revisión ordinaria.
docs/audits/fase6/lote-10/consolidacion-resumen.json,docs,.json,2042,85,8cffe1791e7f04c181fc944fc56b368265b67c843fdd26f1f79d677d685bc0b4,review,MANTENER_Y_REVISAR,P3,Media,,Revisión ordinaria.
docs/audits/fase6/lote-5/consolidacion-resumen.json,docs,.json,6452,130,910c14970e27c7d616a5c247f3ffa6d76811bc724be709f9f013406bdd6fbded,review,MANTENER_Y_REVISAR,P3,Media,,Revisión ordinaria.
docs/audits/fase6/lote-6/consolidacion-resumen.json,docs,.json,1995,85,ff8aabec2c4578cadd09727cd7c440a20c626aec17849e947d1bdc03b1aa0e76,review,MANTENER_Y_REVISAR,P3,Media,,Revisión ordinaria.
docs/audits/fase6/lote-14/consolidacion-resumen.json,docs,.json,1783,75,6f598bc9aac1df5ecec6fe322f0d55c95719809a13a60b97eddd33cd9f793948,review,MANTENER_Y_REVISAR,P3,Media,,Revisión ordinaria.
docs/audits/fase6/lote-7/consolidacion-resumen.json,docs,.json,2064,85,81bad2893f4e28fc8a63ea54bf82afdaf91b6f3ee94457d406e467dc16b45c28,review,MANTENER_Y_REVISAR,P3,Media,,Revisión ordinaria.
docs/audits/fase6/lote-4/consolidacion-resumen.json,docs,.json,3043,100,37e00e8bf7dcbe57d2f7f3c61824516c5f025d81be0d946f38bb5eae1caa637a,review,MANTENER_Y_REVISAR,P3,Media,,Revisión ordinaria.
docs/audits/fase6/lote-4/rollback.md,docs,.md,2163,56,22c12a4d3b10dc3384c04ce8640b125ad6623fdc0ceafddf7648230ea97c5ea4,review,MANTENER_Y_REVISAR,P3,Media,,Revisión ordinaria.
docs/audits/fase6/lote-9/consolidacion-resumen.json,docs,.json,2017,85,43da0372bca3fd2904cee81dd19ea1952aefb3967ef42ac0aa2aded67168aed3,review,MANTENER_Y_REVISAR,P3,Media,,Revisión ordinaria.
docs/audits/fase6/lote-13/consolidacion-resumen.json,docs,.json,1968,85,417b793326b3d168484ff40022761af2c241756fada1a6d0f2150b3e6625a1a9,review,MANTENER_Y_REVISAR,P3,Media,,Revisión ordinaria.
docs/audits/fase6/lote-13/estafas-fraudes-tipos-penales-honduras/entrada.json,docs,.json,6581,23,ebef4314217991e2ae9e11fc783e980139b5864f7ea85ed2132a4e5cb93662bf,review,MANTENER_Y_REVISAR,P3,Media,,Revisión ordinaria.
docs/audits/fase6/lote-13/estafas-fraudes-tipos-penales-honduras/decision-final.json,docs,.json,915,31,5337cea9c81d8a5d844b84f965f663fd1512d1b33f867e1ebdd95a53a30a535d,review,MANTENER_Y_REVISAR,P3,Media,,Revisión ordinaria.
docs/audits/fase6/lote-13/estafas-fraudes-tipos-penales-honduras/pasada-b.json,docs,.json,2008,65,5736efbdfc1aa52cc8d09630f1b40bc8bd7fa6e6dc6530da13672a7163b04112,review,MANTENER_Y_REVISAR,P3,Media,,Revisión ordinaria.
docs/audits/fase6/lote-13/estafas-fraudes-tipos-penales-honduras/pasada-a.json,docs,.json,5221,84,f8f8bb5684deca4b7eceecce362ca912208c06ed341ecc5ae57860e7804611d4,review,MANTENER_Y_REVISAR,P3,Media,,Revisión ordinaria.
docs/audits/fase6/lote-13/delitos-mas-comunes-honduras/entrada.json,docs,.json,6627,22,f46a374d4d6995cf3cfa4f709e21182fc8338aae34d9604b2854eda7fd8f64f2,review,MANTENER_Y_REVISAR,P3,Media,,Revisión ordinaria.
docs/audits/fase6/lote-13/delitos-mas-comunes-honduras/decision-final.json,docs,.json,947,31,d27e86b35c93836abd0d1e76eac65e75636268d28e865f3075f6dc92d3fa619a,review,MANTENER_Y_REVISAR,P3,Media,,Revisión ordinaria.
docs/audits/fase6/lote-13/delitos-mas-comunes-honduras/pasada-b.json,docs,.json,804,18,3b1f3da80d41e708a8b53100e799a1ef0aa2c237fc8fe4f1de8377f667bd8398,review,MANTENER_Y_REVISAR,P3,Media,,Revisión ordinaria.
docs/audits/fase6/lote-13/delitos-mas-comunes-honduras/pasada-a.json,docs,.json,4184,87,86179e9d0159d5062260db8428c6ab2ced196624ed9061a9b31ce334a4f9ded7,review,MANTENER_Y_REVISAR,P3,Media,,Revisión ordinaria.
docs/audits/fase6/lote-13/importar-china-guia-aduanera/entrada.json,docs,.json,8414,22,c4354848844dbec287ac76faa75963c62ac09eef4175e1aea6f842b9d170359d,review,MANTENER_Y_REVISAR,P3,Media,,Revisión ordinaria.
docs/audits/fase6/lote-13/importar-china-guia-aduanera/decision-final.json,docs,.json,905,31,4d13d9bc793b29f3cc36fcb9997166c64699cf2030357795807341122f2381df,review,MANTENER_Y_REVISAR,P3,Media,,Revisión ordinaria.
docs/audits/fase6/lote-13/importar-china-guia-aduanera/pasada-b.json,docs,.json,2407,81,ec9c7b78210eaa332d6a6e73b28497731ca7da06c1e619da109d88d98a6f0b13,review,MANTENER_Y_REVISAR,P3,Media,,Revisión ordinaria.
docs/audits/fase6/lote-13/importar-china-guia-aduanera/pasada-a.json,docs,.json,3256,57,c504fa2227e73017f3a5df52d986a1d28107bb0ab2c0c59736a29c6545082dd8,review,MANTENER_Y_REVISAR,P3,Media,,Revisión ordinaria.
docs/audits/fase6/lote-13/cuando-prescribe-delito-en-honduras/entrada.json,docs,.json,7775,22,8ada8589135c62330843db89a802050b15df8604bc34da4e383833909ac82418,review,MANTENER_Y_REVISAR,P3,Media,,Revisión ordinaria.
docs/audits/fase6/lote-13/cuando-prescribe-delito-en-honduras/decision-final.json,docs,.json,954,31,5fcf3787c87df8602bf3b811043cd9ff8fdf01460e82d152d35fe7b9cbb489f2,review,MANTENER_Y_REVISAR,P3,Media,,Revisión ordinaria.
docs/audits/fase6/lote-13/cuando-prescribe-delito-en-honduras/pasada-b.json,docs,.json,1760,32,f15f7b64d53a51f368e61f6f57714fea195ef25a1631b130c2e5217da18a4f8e,review,MANTENER_Y_REVISAR,P3,Media,,Revisión ordinaria.
docs/audits/fase6/lote-13/cuando-prescribe-delito-en-honduras/pasada-a.json,docs,.json,5265,86,b0e0ce74c8120f4e4ee76bf6f844c253588f213f82c1941beb35afcfe322f90d,review,MANTENER_Y_REVISAR,P3,Media,,Revisión ordinaria.
docs/audits/fase6/lote-13/custodia-hijos-honduras-juez/entrada.json,docs,.json,8483,22,0d15e8621016ec4fc57b8335f6ab808fe9e698483f5520607eed2cffe4a95d97,review,MANTENER_Y_REVISAR,P3,Media,,Revisión ordinaria.
docs/audits/fase6/lote-13/custodia-hijos-honduras-juez/decision-final.json,docs,.json,947,31,4680835651856792c7f1039f51a4e9a91d89a8fa592abda861a648e60507e0ff,review,MANTENER_Y_REVISAR,P3,Media,,Revisión ordinaria.
docs/audits/fase6/lote-13/custodia-hijos-honduras-juez/pasada-b.json,docs,.json,1664,32,99e09e77871eaa2f9d5ee2f7de4b643bcd9662ecd4c5555c84715de0e5c3267d,review,MANTENER_Y_REVISAR,P3,Media,,Revisión ordinaria.
docs/audits/fase6/lote-13/custodia-hijos-honduras-juez/pasada-a.json,docs,.json,3432,63,1cdf8c5e51c70e2bd735d2ab16ccaf2037ca00ad9b7edccf42ecd275cde4744f,review,MANTENER_Y_REVISAR,P3,Media,,Revisión ordinaria.
docs/audits/fase6/lote-13/proteccion-datos-personales-derechos-arco-honduras/entrada.json,docs,.json,7026,23,7d64ec97f5b0163e2e4190da5db054cdb4bcbeb4fb7cccee0985c600ee8bdb42,review,MANTENER_Y_REVISAR,P3,Media,,Revisión ordinaria.
docs/audits/fase6/lote-13/proteccion-datos-personales-derechos-arco-honduras/decision-final.json,docs,.json,927,31,6b3398b48d46f7952d3216c551f3884f02ddb43e3477fc630003a916fecc849a,review,MANTENER_Y_REVISAR,P3,Media,,Revisión ordinaria.
docs/audits/fase6/lote-13/proteccion-datos-personales-derechos-arco-honduras/pasada-b.json,docs,.json,2212,69,b96181217d5fb5a0ccb302664060e9e9fabe20957b6b251af142a1ad864f4b35,review,MANTENER_Y_REVISAR,P3,Media,,Revisión ordinaria.
docs/audits/fase6/lote-13/proteccion-datos-personales-derechos-arco-honduras/pasada-a.json,docs,.json,2891,50,ca51f9375277ae2aa23f6869f46371cc9ea63c24feccb3965ef80c8a518bfb53,review,MANTENER_Y_REVISAR,P3,Media,,Revisión ordinaria.
docs/audits/fase6/lote-13/antejuicio-en-honduras/entrada.json,docs,.json,6366,22,8df0a46e11c14fdc8103c58b61f365847b890cd08be8d01eaad4ab3636185fab,review,MANTENER_Y_REVISAR,P3,Media,,Revisión ordinaria.
docs/audits/fase6/lote-13/antejuicio-en-honduras/decision-final.json,docs,.json,941,31,b79449158cc023b168435383dad165c36c3b8fecfda333624d9d72aea94dacaf,review,MANTENER_Y_REVISAR,P3,Media,,Revisión ordinaria.
docs/audits/fase6/lote-13/antejuicio-en-honduras/pasada-b.json,docs,.json,2332,37,275221b6d58fc1ec89521b13460fb914e0385ff23aa5abe41b9e6f834ff4bd15,review,MANTENER_Y_REVISAR,P3,Media,,Revisión ordinaria.
docs/audits/fase6/lote-13/antejuicio-en-honduras/pasada-a.json,docs,.json,3963,62,09e933b7f48d7182779b28798e691b932c9c80b9eeab647714c5295bd0dfb505,review,MANTENER_Y_REVISAR,P3,Media,,Revisión ordinaria.
docs/audits/fase6/lote-13/violencia-domestica-ruta-legal-honduras/entrada.json,docs,.json,9595,23,44cf6027f14368a619ed7c00ca6e606f08f4e4fbc5dd38962553f9f3101a18fd,review,MANTENER_Y_REVISAR,P3,Media,,Revisión ordinaria.
docs/audits/fase6/lote-13/violencia-domestica-ruta-legal-honduras/decision-final.json,docs,.json,958,31,df7a3653d72b9c171d8ba8a10e390bb860a79cd12955ff69218a5bfefb359d70,review,MANTENER_Y_REVISAR,P3,Media,,Revisión ordinaria.
docs/audits/fase6/lote-13/violencia-domestica-ruta-legal-honduras/pasada-b.json,docs,.json,1192,26,5c3dbd9a194c8fe6c6fae362de79f173a5059054c95df5201322ac3baee8b049,review,MANTENER_Y_REVISAR,P3,Media,,Revisión ordinaria.
docs/audits/fase6/lote-13/violencia-domestica-ruta-legal-honduras/pasada-a.json,docs,.json,3959,64,d8752fc836884ebd4daf6045f44f2d533a01354d7db950b2732e4740b664554d,review,MANTENER_Y_REVISAR,P3,Media,,Revisión ordinaria.
docs/audits/fase6/lote-13/audiencia-inicial-proceso-penal-honduras/entrada.json,docs,.json,7838,22,a2711832e52bad058248fb436849cd8f3cd80a142ec5a42a5493fa95579a260f,review,MANTENER_Y_REVISAR,P3,Media,,Revisión ordinaria.
docs/audits/fase6/lote-13/audiencia-inicial-proceso-penal-honduras/decision-final.json,docs,.json,959,31,eceaf1e8a6bd83156da41b526fb88efb2ff198d2a43488a7cbafb47ee6eb8dbd,review,MANTENER_Y_REVISAR,P3,Media,,Revisión ordinaria.
docs/audits/fase6/lote-13/audiencia-inicial-proceso-penal-honduras/pasada-b.json,docs,.json,781,18,3b7feca8fde91b41dc003319d9010dfd040134c48245e53f880b4797ae487149,review,MANTENER_Y_REVISAR,P3,Media,,Revisión ordinaria.
docs/audits/fase6/lote-13/audiencia-inicial-proceso-penal-honduras/pasada-a.json,docs,.json,3203,63,3edffb2570a34dc6235e42dd68139ac049f2d99ec6aedefe84bdec63f0bacac1,review,MANTENER_Y_REVISAR,P3,Media,,Revisión ordinaria.
docs/audits/fase6/lote-13/recursos-sentencia-penal-apelacion-casacion-honduras/entrada.json,docs,.json,5693,22,74ec5f90021fc84841c060717853a1a129e864a224c8b8eeedb0cadbfe8c3f2f,review,MANTENER_Y_REVISAR,P3,Media,,Revisión ordinaria.
docs/audits/fase6/lote-13/recursos-sentencia-penal-apelacion-casacion-honduras/decision-final.json,docs,.json,971,31,9a0078429befc283c97da84eb78865c35a31ce186d09f10f288df99c176f44d4,review,MANTENER_Y_REVISAR,P3,Media,,Revisión ordinaria.
docs/audits/fase6/lote-13/recursos-sentencia-penal-apelacion-casacion-honduras/pasada-b.json,docs,.json,733,18,44dbde7fbb646d398bfd9810067066883eca28c863f4d4084a7223dba5aff960,review,MANTENER_Y_REVISAR,P3,Media,,Revisión ordinaria.
docs/audits/fase6/lote-13/recursos-sentencia-penal-apelacion-casacion-honduras/pasada-a.json,docs,.json,3791,74,c5842be7fda17c6a7cc84c941df997b8533db5aaca6e9f37e0b7dc14b54a2c86,review,MANTENER_Y_REVISAR,P3,Media,,Revisión ordinaria.
docs/audits/fase6/lote-13/union-de-hecho-requisitos-derechos-honduras/entrada.json,docs,.json,7772,23,5b215e674fe1c1fe698f26177dfedbd2cee04988afd08a905ac0f2c72a9352b4,review,MANTENER_Y_REVISAR,P3,Media,,Revisión ordinaria.
docs/audits/fase6/lote-13/union-de-hecho-requisitos-derechos-honduras/decision-final.json,docs,.json,962,31,98faba9cac7c7779320d0b051acd03b6e389f8c6eeaabe8d211a40e20ac1e6c1,review,MANTENER_Y_REVISAR,P3,Media,,Revisión ordinaria.
docs/audits/fase6/lote-13/union-de-hecho-requisitos-derechos-honduras/pasada-b.json,docs,.json,1926,32,f84d4183f0327a613caebd7a30576e679119f47c30e07c360845a94ec6dbdb8d,review,MANTENER_Y_REVISAR,P3,Media,,Revisión ordinaria.
docs/audits/fase6/lote-13/union-de-hecho-requisitos-derechos-honduras/pasada-a.json,docs,.json,3686,64,9b29b14d79624d28571974e90efde5505a79f320b6a0739ae14b1febad85246d,review,MANTENER_Y_REVISAR,P3,Media,,Revisión ordinaria.
docs/audits/fase6/lote-13/defensa-penal-honduras/entrada.json,docs,.json,6280,23,b0e8f650e823e8d4c434a21cdaacd1dc6df0eab552e48f19f863eaa99e9c8a3e,review,MANTENER_Y_REVISAR,P3,Media,,Revisión ordinaria.
docs/audits/fase6/lote-13/defensa-penal-honduras/decision-final.json,docs,.json,899,31,aeb52d7686ef419377bd319f9dea48b3963d3075ca9bb7eed5f7f99a004969c8,review,MANTENER_Y_REVISAR,P3,Media,,Revisión ordinaria.
docs/audits/fase6/lote-13/defensa-penal-honduras/pasada-b.json,docs,.json,2308,77,42ff60310f1d7a5cdf239167d385755d3e87765a5693040af5c880e432951429,review,MANTENER_Y_REVISAR,P3,Media,,Revisión ordinaria.
docs/audits/fase6/lote-13/defensa-penal-honduras/pasada-a.json,docs,.json,14080,279,100b6b662ea8c710caca14f307d23426c1bd6b9efdc8212678ffa20b363e42fc,review,MANTENER_Y_REVISAR,P3,Media,,Revisión ordinaria.
docs/audits/fase6/lote-13/divorcio-honduras-guia-completa/entrada.json,docs,.json,7294,24,5e18bd09a581e8dd0da1e1c555a785351440c9d92de25c2798451e1a8c7f95c7,review,MANTENER_Y_REVISAR,P3,Media,,Revisión ordinaria.
docs/audits/fase6/lote-13/divorcio-honduras-guia-completa/decision-final.json,docs,.json,908,31,591e814e982e7ea31343c2e100d34214c8c8944527d3e2d58bf839450659b5db,review,MANTENER_Y_REVISAR,P3,Media,,Revisión ordinaria.
docs/audits/fase6/lote-13/divorcio-honduras-guia-completa/pasada-b.json,docs,.json,2468,83,f63a6df7ee07fa20bb75581219e56099b6bd36a3ca5afe061f37d7596b8e0749,review,MANTENER_Y_REVISAR,P3,Media,,Revisión ordinaria.
docs/audits/fase6/lote-13/divorcio-honduras-guia-completa/pasada-a.json,docs,.json,7701,160,cc52139af9d31308f59110f5fdecb00db3582eed161a3d5d201fd4f15a724399,review,MANTENER_Y_REVISAR,P3,Media,,Revisión ordinaria.
docs/audits/fase6/lote-13/patentes-requisitos-proceso-solicitud-honduras/entrada.json,docs,.json,8667,22,9f56244b92256127cff2ecf310c85d1b2c150599871a4d5df5cd36748d744066,review,MANTENER_Y_REVISAR,P3,Media,,Revisión ordinaria.
docs/audits/fase6/lote-13/patentes-requisitos-proceso-solicitud-honduras/decision-final.json,docs,.json,923,31,6724fbad815c620088fce55b52413ba7da25ba98bc081504dd266560e57ea09d,review,MANTENER_Y_REVISAR,P3,Media,,Revisión ordinaria.
docs/audits/fase6/lote-13/patentes-requisitos-proceso-solicitud-honduras/pasada-b.json,docs,.json,1915,60,b7dd63dbef8843a084502783432be29fc3ebe5b3840baabde5817b7a7499268c,review,MANTENER_Y_REVISAR,P3,Media,,Revisión ordinaria.
docs/audits/fase6/lote-13/patentes-requisitos-proceso-solicitud-honduras/pasada-a.json,docs,.json,968,22,c04bcb8b590694201458b035a2e5ab11fbcc712c00d19c5b08582e71a62b5083,review,MANTENER_Y_REVISAR,P3,Media,,Revisión ordinaria.
docs/audits/fase6/lote-13/danos-perjuicios-indemnizacion-honduras/entrada.json,docs,.json,8762,23,b42677f6e9775101441a441ae69c8beea3ab5ac9e25132079cb1b933174f5e28,review,MANTENER_Y_REVISAR,P3,Media,,Revisión ordinaria.
docs/audits/fase6/lote-13/danos-perjuicios-indemnizacion-honduras/decision-final.json,docs,.json,916,31,664872b16e90552c73c95b9119a38bae9f18e11f2c0880f74cd986a940256eea,review,MANTENER_Y_REVISAR,P3,Media,,Revisión ordinaria.
docs/audits/fase6/lote-13/danos-perjuicios-indemnizacion-honduras/pasada-b.json,docs,.json,2123,68,322a700d0e39b3af2d3009d9316a9b6ddabe7ea0571c51c0dae02140ace108ee,review,MANTENER_Y_REVISAR,P3,Media,,Revisión ordinaria.
docs/audits/fase6/lote-13/danos-perjuicios-indemnizacion-honduras/pasada-a.json,docs,.json,20748,465,4d6a1bffc2616c419db92badb305d3ef1df313b3e63217237e3dc5f03afe2a63,review,MANTENER_Y_REVISAR,P3,Media,,Revisión ordinaria.
docs/audits/fase6/lote-9/lavado-activos-obligaciones/entrada.json,docs,.json,7940,24,5bfac029338d57aec745a42ac2ef5c9861e48e7d88336c1e31bcf6e52d37528b,review,MANTENER_Y_REVISAR,P3,Media,,Revisión ordinaria.
docs/audits/fase6/lote-9/lavado-activos-obligaciones/decision-final.json,docs,.json,1268,42,e3cde6dbadec21ffd522565c0f3bf516d3543bbc497c07176353db8ad87f5181,review,MANTENER_Y_REVISAR,P3,Media,,Revisión ordinaria.
docs/audits/fase6/lote-9/lavado-activos-obligaciones/pasada-b.json,docs,.json,4513,41,daa35c562407a7a30761c728a04915c88870196d0ce58315f7f9664fbcd04ba5,review,MANTENER_Y_REVISAR,P3,Media,,Revisión ordinaria.
docs/audits/fase6/lote-9/lavado-activos-obligaciones/pasada-a.json,docs,.json,7374,109,bcfbeec609c66e0b6ceaebeb2b37d47d49af5150a58582cd8019ca288525554b,review,MANTENER_Y_REVISAR,P3,Media,,Revisión ordinaria.
docs/audits/fase6/lote-9/defensa-sar-choluteca/entrada.json,docs,.json,10652,23,51e79ac1da095b0eaef4a484ab00c54afd60f47d0740cb6b2d6b65c575697b57,review,MANTENER_Y_REVISAR,P3,Media,,Revisión ordinaria.
docs/audits/fase6/lote-9/defensa-sar-choluteca/decision-final.json,docs,.json,415,14,89c3442919a885f12a77e61f8fec69f9a2cb0b73465dd80f3f8c3c5be18363bb,review,MANTENER_Y_REVISAR,P3,Media,,Revisión ordinaria.
docs/audits/fase6/lote-9/defensa-sar-choluteca/pasada-b.json,docs,.json,31005,441,5d8882c99d4902bce9b539dd0412f5ed949e1458260c872f493d49e32d76ef70,review,MANTENER_Y_REVISAR,P3,Media,,Revisión ordinaria.
docs/audits/fase6/lote-9/defensa-sar-choluteca/pasada-a.json,docs,.json,17251,145,cb03b92244e231d62733a0a6f601f3035b6cb0fadc53c520f05b17eb090a533c,review,MANTENER_Y_REVISAR,P3,Media,,Revisión ordinaria.
docs/audits/fase6/lote-9/divorcio-honduras-pasos-requisitos/entrada.json,docs,.json,7549,22,31ca6ba197f6e5c891d16ceb46ca640fa3de5eac58f982c01687a27eac4f1b15,review,MANTENER_Y_REVISAR,P3,Media,,Revisión ordinaria.
docs/audits/fase6/lote-9/divorcio-honduras-pasos-requisitos/decision-final.json,docs,.json,1279,42,0f4542c588ffb97910e311baf39e04ba4a0eecd7a15257c01b1e3440532bfb5f,review,MANTENER_Y_REVISAR,P3,Media,,Revisión ordinaria.
docs/audits/fase6/lote-9/divorcio-honduras-pasos-requisitos/pasada-b.json,docs,.json,9106,133,73b47e27821e132d97582b88f2d6722a8377ed168afcd4a2aac28ebd1c787976,review,MANTENER_Y_REVISAR,P3,Media,,Revisión ordinaria.
docs/audits/fase6/lote-9/divorcio-honduras-pasos-requisitos/pasada-a.json,docs,.json,9148,145,beee645839282b592ac7825d2b0f75be8dc10f1e176d767d7a57f0e950dd6332,review,MANTENER_Y_REVISAR,P3,Media,,Revisión ordinaria.
docs/audits/fase6/lote-9/tipos-sociedad-mercantil-honduras/entrada.json,docs,.json,8039,23,10e01ab82ab7d01f6385d7244d38af189e848d008f0006e26081995416f0dd36,review,MANTENER_Y_REVISAR,P3,Media,,Revisión ordinaria.
docs/audits/fase6/lote-9/tipos-sociedad-mercantil-honduras/decision-final.json,docs,.json,1274,42,0c4600aa897bc0de5732a255a7b9c7914d5863ac4fb76aaf18e80d9c99911efa,review,MANTENER_Y_REVISAR,P3,Media,,Revisión ordinaria.
docs/audits/fase6/lote-9/tipos-sociedad-mercantil-honduras/pasada-b.json,docs,.json,26277,345,661f937340843a407c216c2f881bf89525f840054747b292e9900527d581b8bd,review,MANTENER_Y_REVISAR,P3,Media,,Revisión ordinaria.
docs/audits/fase6/lote-9/tipos-sociedad-mercantil-honduras/pasada-a.json,docs,.json,15752,193,ac2cfc5eb2ba3087716270ac1700e619056d6ae4e187ada475e22f0bbf1de1db,review,MANTENER_Y_REVISAR,P3,Media,,Revisión ordinaria.
docs/audits/fase6/lote-9/registrar-marca-honduras-paso-a-paso/entrada.json,docs,.json,6832,23,2ca2029184642b4d65cfd8b07c9157a8562a60048b47bb63bdbb68b5954d560a,review,MANTENER_Y_REVISAR,P3,Media,,Revisión ordinaria.
docs/audits/fase6/lote-9/registrar-marca-honduras-paso-a-paso/decision-final.json,docs,.json,1277,42,50bb6566c27023cec9750db5c4b51dce8ddf262e0dc592b658893ac3cf7f3749,review,MANTENER_Y_REVISAR,P3,Media,,Revisión ordinaria.
docs/audits/fase6/lote-9/registrar-marca-honduras-paso-a-paso/pasada-b.json,docs,.json,41440,481,4fefc03f6b797f578798f2b0fe3516220ebea778a5075dc79d302512c390271e,review,MANTENER_Y_REVISAR,P3,Media,,Revisión ordinaria.
docs/audits/fase6/lote-9/registrar-marca-honduras-paso-a-paso/pasada-a.json,docs,.json,18672,198,151b860a2c296a16aa51deb86293818fe8a8eff6d7f2d279f8cf21a5fc075a32,review,MANTENER_Y_REVISAR,P3,Media,,Revisión ordinaria.
docs/audits/fase6/lote-9/titulos-valores-cheques-sin-fondo-honduras/entrada.json,docs,.json,8270,23,c5b938c0f8207713d6fbf7fff4add89dc949e4d061b8f239e5116975ba01a824,review,MANTENER_Y_REVISAR,P3,Media,,Revisión ordinaria.
docs/audits/fase6/lote-9/titulos-valores-cheques-sin-fondo-honduras/decision-final.json,docs,.json,1283,42,fedd09d0a8d7809388e31de8f5158df48821dfa7e9feaceea1d35cdd39902dd9,review,MANTENER_Y_REVISAR,P3,Media,,Revisión ordinaria.
docs/audits/fase6/lote-9/titulos-valores-cheques-sin-fondo-honduras/pasada-b.json,docs,.json,21015,294,8f6457d79f669f34d399cd0cafa001f064e61ce09ca617deb7908b9dc38047a3,review,MANTENER_Y_REVISAR,P3,Media,,Revisión ordinaria.
docs/audits/fase6/lote-9/titulos-valores-cheques-sin-fondo-honduras/pasada-a.json,docs,.json,20134,171,bcd0893514006a45f587394a318aa588ae1911e055db6d275646f42918d027b7,review,MANTENER_Y_REVISAR,P3,Media,,Revisión ordinaria.
docs/audits/fase6/lote-9/violencia-intrafamiliar-denuncia-proteccion-honduras/entrada.json,docs,.json,3972,22,77b7f8cae8c75951f57449f89ff1f39d7c37d4cf34c36507688c661e84db4d36,review,MANTENER_Y_REVISAR,P3,Media,,Revisión ordinaria.
docs/audits/fase6/lote-9/violencia-intrafamiliar-denuncia-proteccion-honduras/decision-final.json,docs,.json,1293,42,2bba6d891575bf5b2a504d38d638cce870c1d980fc2e8b9ddf173733e3afa728,review,MANTENER_Y_REVISAR,P3,Media,,Revisión ordinaria.
docs/audits/fase6/lote-9/violencia-intrafamiliar-denuncia-proteccion-honduras/pasada-b.json,docs,.json,23185,284,2fccfba6aa8a4d920e751e885545b520e13b61aa2264466104300c296c3b4076,review,MANTENER_Y_REVISAR,P3,Media,,Revisión ordinaria.
docs/audits/fase6/lote-9/violencia-intrafamiliar-denuncia-proteccion-honduras/pasada-a.json,docs,.json,13106,136,5b8f3402d6a5fee9c1e64fd0049910d0e8de6354504904bf81ca9ec8ffb5fd3b,review,MANTENER_Y_REVISAR,P3,Media,,Revisión ordinaria.
docs/audits/fase6/lote-9/compraventa-inmuebles-aspectos-legales-honduras/entrada.json,docs,.json,7435,22,572052ee66e95dd3b9b4eac11a7ca8505a3a80777f42ec66efed5b90dfa5adc4,review,MANTENER_Y_REVISAR,P3,Media,,Revisión ordinaria.
docs/audits/fase6/lote-9/compraventa-inmuebles-aspectos-legales-honduras/decision-final.json,docs,.json,1288,42,5bf1d9bab0c193cf39ea2ba3ac6f2b964cd92b9db4053e30333378ca129e5f05,review,MANTENER_Y_REVISAR,P3,Media,,Revisión ordinaria.
docs/audits/fase6/lote-9/compraventa-inmuebles-aspectos-legales-honduras/pasada-b.json,docs,.json,21794,303,1209220573f2e665ab89507cde477cd5ddf61d5b00c48de23ff6edf38d5544c3,review,MANTENER_Y_REVISAR,P3,Media,,Revisión ordinaria.
docs/audits/fase6/lote-9/compraventa-inmuebles-aspectos-legales-honduras/pasada-a.json,docs,.json,20535,231,f7b79acd362b54941e0893b8676b521e425c7a86858110cc975c7353953a0d9d,review,MANTENER_Y_REVISAR,P3,Media,,Revisión ordinaria.
docs/audits/fase6/lote-9/tributar-espana-bienes-guia/entrada.json,docs,.json,7700,23,34f37785b2080cc33f848eabe8314096b7841240c7f5e2a6b18ac2ce345b888a,review,MANTENER_Y_REVISAR,P3,Media,,Revisión ordinaria.
docs/audits/fase6/lote-9/tributar-espana-bienes-guia/decision-final.json,docs,.json,1268,42,aa97f813a76e8b55be149d0184e1319362eba5e4b50e86f80867ade7e0692882,review,MANTENER_Y_REVISAR,P3,Media,,Revisión ordinaria.
docs/audits/fase6/lote-9/tributar-espana-bienes-guia/pasada-b.json,docs,.json,22157,257,1badc6450ddae95f13819b08f673cd69af30bc666f195f476494399e1f569501,review,MANTENER_Y_REVISAR,P3,Media,,Revisión ordinaria.
docs/audits/fase6/lote-9/tributar-espana-bienes-guia/pasada-a.json,docs,.json,14238,143,cb99543e9cedf6871d4e4917527adeac939a6c420523dd0b422428e52a6c8d8f,review,MANTENER_Y_REVISAR,P3,Media,,Revisión ordinaria.
docs/audits/fase6/lote-9/recurso-de-amparo-para-que-sirve-honduras/entrada.json,docs,.json,6798,22,1840174626180044ac0c9d8d79ccf658aa63e66999d70e26db785939bd1f5a4a,review,MANTENER_Y_REVISAR,P3,Media,,Revisión ordinaria.
docs/audits/fase6/lote-9/recurso-de-amparo-para-que-sirve-honduras/decision-final.json,docs,.json,1350,42,cc11908747e8d243e16407af8b90e108d9c4a5294c742f15c5c2a0b99bbd5980,review,MANTENER_Y_REVISAR,P3,Media,,Revisión ordinaria.
docs/audits/fase6/lote-9/recurso-de-amparo-para-que-sirve-honduras/pasada-b.json,docs,.json,4214,48,b3476464b9ccffa87e693a829ce225564201199be7d881d70fe6ca762d066eac,review,MANTENER_Y_REVISAR,P3,Media,,Revisión ordinaria.
docs/audits/fase6/lote-9/recurso-de-amparo-para-que-sirve-honduras/pasada-a.json,docs,.json,12628,170,e18a5e6dd86f6bb27647e61fe82d91407338dda60bb4b5ae8ac2c32654e06098,review,MANTENER_Y_REVISAR,P3,Media,,Revisión ordinaria.
docs/audits/fase6/lote-9/guia-aduanera-importaciones-honduras/entrada.json,docs,.json,15326,24,3369213b75ad4686cb9d5505bed99f5e3d04ad9404572983361b9dc4ff787aec,review,MANTENER_Y_REVISAR,P3,Media,,Revisión ordinaria.
docs/audits/fase6/lote-9/guia-aduanera-importaciones-honduras/decision-final.json,docs,.json,1277,42,c16a2971b4ea6e0a0c02dff01201f38b779e5bed92a15405d9ab4871f62da970,review,MANTENER_Y_REVISAR,P3,Media,,Revisión ordinaria.
docs/audits/fase6/lote-9/guia-aduanera-importaciones-honduras/pasada-b.json,docs,.json,21329,273,25c49af7475f8ec3faa7c9fa109d47e62d0ba0c57edfdab1c18f939aaddd55a7,review,MANTENER_Y_REVISAR,P3,Media,,Revisión ordinaria.
docs/audits/fase6/lote-9/guia-aduanera-importaciones-honduras/pasada-a.json,docs,.json,15578,157,ae896671c315a7cac89690c12844e6d9dece86244db8ad1c0289c30556a36833,review,MANTENER_Y_REVISAR,P3,Media,,Revisión ordinaria.
docs/audits/fase6/lote-9/usucapion-prescripcion-adquisitiva-honduras/entrada.json,docs,.json,5741,23,b66f437dbef0d6d88c7f4d6dd03203a6b094370fe68d6fe7392873aa743ae96a,review,MANTENER_Y_REVISAR,P3,Media,,Revisión ordinaria.
docs/audits/fase6/lote-9/usucapion-prescripcion-adquisitiva-honduras/decision-final.json,docs,.json,1284,42,767ef087a2683320c702b33c632ed16ff8635cb41312cb8f508a548e1e056067,review,MANTENER_Y_REVISAR,P3,Media,,Revisión ordinaria.
docs/audits/fase6/lote-9/usucapion-prescripcion-adquisitiva-honduras/pasada-b.json,docs,.json,27970,307,82213c659c02533eb339459318fcd28306a8dcb11a3b11224305353902eb0978,review,MANTENER_Y_REVISAR,P3,Media,,Revisión ordinaria.
docs/audits/fase6/lote-9/usucapion-prescripcion-adquisitiva-honduras/pasada-a.json,docs,.json,17566,163,723a0414f0f752da48c193108241983e75412cbb85158c421ec70e8d1937053a,review,MANTENER_Y_REVISAR,P3,Media,,Revisión ordinaria.
docs/audits/fase6/lote-9/competencia-desleal-como-denunciar-honduras/entrada.json,docs,.json,7230,23,b680d490f5678fc0a60034420dceb80649f1b3b0dc76189f3286c01deec9de36,review,MANTENER_Y_REVISAR,P3,Media,,Revisión ordinaria.
docs/audits/fase6/lote-9/competencia-desleal-como-denunciar-honduras/decision-final.json,docs,.json,1288,42,ee330ce6b3df743f677b4f327bcd221716ee418be9bc90bd0b95b68c92f2b61b,review,MANTENER_Y_REVISAR,P3,Media,,Revisión ordinaria.
docs/audits/fase6/lote-9/competencia-desleal-como-denunciar-honduras/pasada-b.json,docs,.json,17744,165,a991c2924e83fb9104f4dde09181997c47496519dcdf7d40d9540b010a605858,review,MANTENER_Y_REVISAR,P3,Media,,Revisión ordinaria.
docs/audits/fase6/lote-9/competencia-desleal-como-denunciar-honduras/pasada-a.json,docs,.json,18175,291,af1bfe86fce760aa68f586f14ce5e094b12bafa56505ed971673443c004ff981,review,MANTENER_Y_REVISAR,P3,Media,,Revisión ordinaria.
docs/audits/fase6/lote-9/responsabilidad-medica-mala-praxis-honduras/entrada.json,docs,.json,6885,22,8481a9bcd2fa87df7787ef02ed6f3723b569455010a5832e110a184ec045a459,review,MANTENER_Y_REVISAR,P3,Media,,Revisión ordinaria.
docs/audits/fase6/lote-9/responsabilidad-medica-mala-praxis-honduras/decision-final.json,docs,.json,1284,42,9e288c73c8beb238b2794b8f37b35febad17d3f0ea38639b55ed36e0b5df7535,review,MANTENER_Y_REVISAR,P3,Media,,Revisión ordinaria.
docs/audits/fase6/lote-9/responsabilidad-medica-mala-praxis-honduras/pasada-b.json,docs,.json,15156,200,b5d4c263ebb4ea9dc31b6912f7f7d205734d325497a9ab4a4e4d0e8cf1e9dd56,review,MANTENER_Y_REVISAR,P3,Media,,Revisión ordinaria.
docs/audits/fase6/lote-9/responsabilidad-medica-mala-praxis-honduras/pasada-a.json,docs,.json,16140,189,f8dd5c35d7a8cc543f7aa08f6d91e7065c4cae3e6f7124149783a8d936c5cec1,review,MANTENER_Y_REVISAR,P3,Media,,Revisión ordinaria.
docs/audits/fase6/lote-9/actualizacion-legislativa-mensual-honduras/entrada.json,docs,.json,6864,22,f3611d391b7e11a3f05a56768935f57ac99f41d7d9b03328a60ae31b55169616,review,MANTENER_Y_REVISAR,P3,Media,,Revisión ordinaria.
docs/audits/fase6/lote-9/actualizacion-legislativa-mensual-honduras/decision-final.json,docs,.json,1283,42,72080d12868f99b2aa9b2388c940bbac1ccbf258f877e9a996836bfb32c9f072,review,MANTENER_Y_REVISAR,P3,Media,,Revisión ordinaria.
docs/audits/fase6/lote-9/actualizacion-legislativa-mensual-honduras/pasada-b.json,docs,.json,19138,271,2e56d5f071e2a74616f58b530d8a85a4722b6d63fa6775d892545eb971cbb4bc,review,MANTENER_Y_REVISAR,P3,Media,,Revisión ordinaria.
docs/audits/fase6/lote-9/actualizacion-legislativa-mensual-honduras/pasada-a.json,docs,.json,17034,225,48d6809b5b156e92dc87cbc02c8da4717eef93663a48a7285888910420de893a,review,MANTENER_Y_REVISAR,P3,Media,,Revisión ordinaria.
docs/audits/fase6/lote-4/constitucion-empresas-honduras-pasos-legales/entrada.json,docs,.json,8389,22,4f489b6cc6e87fb42657328c38948dbcc38d7b124b2b4a4cdf2d10bf82e68e9d,review,MANTENER_Y_REVISAR,P3,Media,,Revisión ordinaria.
docs/audits/fase6/lote-4/constitucion-empresas-honduras-pasos-legales/decision-final.json,docs,.json,997,35,cb93fc5cff3680b03ab4755d3842fa974ddc82625fd819ef6868d5498773884d,review,MANTENER_Y_REVISAR,P3,Media,,Revisión ordinaria.
docs/audits/fase6/lote-4/constitucion-empresas-honduras-pasos-legales/pasada-b.json,docs,.json,3443,47,55513f181508858af72cf2e3d4414b809014033d78caa751669a439cdfbd0e18,review,MANTENER_Y_REVISAR,P3,Media,,Revisión ordinaria.
docs/audits/fase6/lote-4/constitucion-empresas-honduras-pasos-legales/pasada-a.json,docs,.json,3793,91,def4dffb55c4b6e87e9dba71a556746123155b367460db0916e742cf2aab10c9,review,MANTENER_Y_REVISAR,P3,Media,,Revisión ordinaria.
docs/audits/fase6/lote-4/registro-medicamentos-productos-farmaceuticos-honduras/entrada.json,docs,.json,6201,23,13334f1fd7a27411471f03ec2d4dab20497ce21685bee73b8fa54cfaab992b55,review,MANTENER_Y_REVISAR,P3,Media,,Revisión ordinaria.
docs/audits/fase6/lote-4/registro-medicamentos-productos-farmaceuticos-honduras/decision-final.json,docs,.json,1071,35,9894a7b892b33f418f2295f7b79a745c9d085178c6d4c9e65efb835cfcc9844c,review,MANTENER_Y_REVISAR,P3,Media,,Revisión ordinaria.
docs/audits/fase6/lote-4/registro-medicamentos-productos-farmaceuticos-honduras/pasada-b.json,docs,.json,1855,22,861c2c7e7c03ab9ba971234ef27283f856d41f9e12dc0b32bfc83525a9269836,review,MANTENER_Y_REVISAR,P3,Media,,Revisión ordinaria.
docs/audits/fase6/lote-4/registro-medicamentos-productos-farmaceuticos-honduras/pasada-a.json,docs,.json,4013,97,df20aa9db1613794ca7e4c504bf6194ae69488714e1bf404943ff10df98519e2,review,MANTENER_Y_REVISAR,P3,Media,,Revisión ordinaria.
docs/audits/fase6/lote-4/contratacion-publica-licitaciones/entrada.json,docs,.json,7699,25,36bd807669c1756f0e1ca74278e512317f3f65f1237cd400e59cba1ee447ff38,review,MANTENER_Y_REVISAR,P3,Media,,Revisión ordinaria.
docs/audits/fase6/lote-4/contratacion-publica-licitaciones/decision-final.json,docs,.json,986,35,cf3d253f79493c79032eed7f0fe9837f69b8f3b9d0c51c8965572980d2bd6ea2,review,MANTENER_Y_REVISAR,P3,Media,,Revisión ordinaria.
docs/audits/fase6/lote-4/contratacion-publica-licitaciones/pasada-b.json,docs,.json,4298,63,33789c64c72fc1d08b4a4a3dbed33d1d217c9f308dfafa868e50f41ea4f68218,review,MANTENER_Y_REVISAR,P3,Media,,Revisión ordinaria.
docs/audits/fase6/lote-4/contratacion-publica-licitaciones/pasada-a.json,docs,.json,2922,71,53aca779668119b6f23a7200459a3dc332965824b845965c5e12c639b1cac0ec,review,MANTENER_Y_REVISAR,P3,Media,,Revisión ordinaria.
docs/audits/fase6/lote-4/habilitacion-clinicas-hospitales/entrada.json,docs,.json,6199,23,a1f6d2f4e566ff24cad73175c3fbe2f24e758ddee246db4e6c9e55227d483e05,review,MANTENER_Y_REVISAR,P3,Media,,Revisión ordinaria.
docs/audits/fase6/lote-4/habilitacion-clinicas-hospitales/decision-final.json,docs,.json,985,35,6729922a033063959275d5d886424b470adb7a1d3627f6ba5b90db8f06a8868d,review,MANTENER_Y_REVISAR,P3,Media,,Revisión ordinaria.
docs/audits/fase6/lote-4/habilitacion-clinicas-hospitales/pasada-b.json,docs,.json,5068,60,320dd5bd1bf3460397307c4eec20b3859abc62aae2708ce4dc93599122b6d1bd,review,MANTENER_Y_REVISAR,P3,Media,,Revisión ordinaria.
docs/audits/fase6/lote-4/habilitacion-clinicas-hospitales/pasada-a.json,docs,.json,3123,50,94a643e2a7142283ad93750765109219d2ed648b1e1430dca6d833ee00ee39bd,review,MANTENER_Y_REVISAR,P3,Media,,Revisión ordinaria.
docs/audits/fase6/lote-4/centro-conciliacion-arbitraje-ccic/entrada.json,docs,.json,5987,22,4558c52521b071e0cd2ed17e87937b8b070db68f3dee4bfa749667923099d40d,review,MANTENER_Y_REVISAR,P3,Media,,Revisión ordinaria.
docs/audits/fase6/lote-4/centro-conciliacion-arbitraje-ccic/decision-final.json,docs,.json,987,35,85d0a7cb05765451da94bf74e5b2cbdab8f2b33c0167afcd103681b465759cd0,review,MANTENER_Y_REVISAR,P3,Media,,Revisión ordinaria.
docs/audits/fase6/lote-4/centro-conciliacion-arbitraje-ccic/pasada-b.json,docs,.json,1493,21,1c692d419a4a3eccafc53c1cec7c1d526c4dcb568d3f6052eff00a748afa48f9,review,MANTENER_Y_REVISAR,P3,Media,,Revisión ordinaria.
docs/audits/fase6/lote-4/centro-conciliacion-arbitraje-ccic/pasada-a.json,docs,.json,2480,49,34a69bd749450ea7c5e42ab2ff81957817df34a00e4a37af861cfea774039c94,review,MANTENER_Y_REVISAR,P3,Media,,Revisión ordinaria.
docs/audits/fase6/lote-4/zonas-libres-zoli-beneficios-fiscales-honduras/entrada.json,docs,.json,8863,22,d268869ad16803dab046a681397774da40b743cddc95b94799be675e79c4781d,review,MANTENER_Y_REVISAR,P3,Media,,Revisión ordinaria.
docs/audits/fase6/lote-4/zonas-libres-zoli-beneficios-fiscales-honduras/decision-final.json,docs,.json,999,35,9f47ff875e6cce5a66b907aa47b91c1cf98adc2337fa7603a5c608e81a26e635,review,MANTENER_Y_REVISAR,P3,Media,,Revisión ordinaria.
docs/audits/fase6/lote-4/zonas-libres-zoli-beneficios-fiscales-honduras/pasada-b.json,docs,.json,1721,21,173aec65a249f8ffdd15caced831bfb04c2403b660e05c54b5d0432e380d6fc7,review,MANTENER_Y_REVISAR,P3,Media,,Revisión ordinaria.
docs/audits/fase6/lote-4/zonas-libres-zoli-beneficios-fiscales-honduras/pasada-a.json,docs,.json,2030,38,88d959fae7cc76e58e4f474d3564e8ec5b16ac73217a23601454269638f2658a,review,MANTENER_Y_REVISAR,P3,Media,,Revisión ordinaria.
docs/audits/fase6/lote-4/calcular-prestaciones-laborales-honduras/entrada.json,docs,.json,10970,22,d543ca7492c127a1563df590eeea7e48bcc5e49ce4d4e12d7c9a6c4f2fab0527,review,MANTENER_Y_REVISAR,P3,Media,,Revisión ordinaria.
docs/audits/fase6/lote-4/calcular-prestaciones-laborales-honduras/decision-final.json,docs,.json,1049,35,dea626c370429b619d14129be55c37630b01d86965b93c6565e98a3bb776f17c,review,MANTENER_Y_REVISAR,P3,Media,,Revisión ordinaria.
docs/audits/fase6/lote-4/calcular-prestaciones-laborales-honduras/pasada-b.json,docs,.json,2522,27,64d99f066700b719bf02313786de707a8117673b6b9c8353af5bae5c173f778e,review,MANTENER_Y_REVISAR,P3,Media,,Revisión ordinaria.
docs/audits/fase6/lote-4/calcular-prestaciones-laborales-honduras/pasada-a.json,docs,.json,5093,88,56ed325ee3b16ffa9d5f2d6ef10c5082f10b5bc7da32278cb58827b4c8b775c8,review,MANTENER_Y_REVISAR,P3,Media,,Revisión ordinaria.
docs/audits/fase6/lote-4/registro-sanitario-alimentos-arsa-paso-a-paso-honduras/entrada.json,docs,.json,6134,22,1167e94f44822eb9011d47e52e417125a86d07ebeec1dd63f7d11b877c20ff60,review,MANTENER_Y_REVISAR,P3,Media,,Revisión ordinaria.
docs/audits/fase6/lote-4/registro-sanitario-alimentos-arsa-paso-a-paso-honduras/decision-final.json,docs,.json,1063,35,0775ad72684191b63ded5d0b6adf99aab50d7a5368b83e34a4be9b7f015b7da7,review,MANTENER_Y_REVISAR,P3,Media,,Revisión ordinaria.
docs/audits/fase6/lote-4/registro-sanitario-alimentos-arsa-paso-a-paso-honduras/pasada-b.json,docs,.json,4990,60,40fc68b911299de5357112bf055165508bb76c76daf9d343503335d1737ca89e,review,MANTENER_Y_REVISAR,P3,Media,,Revisión ordinaria.
docs/audits/fase6/lote-4/registro-sanitario-alimentos-arsa-paso-a-paso-honduras/pasada-a.json,docs,.json,3965,60,71ec0e667c333d36ca394086f8543b1b6235b292caa7068eab37f68f68c25906,review,MANTENER_Y_REVISAR,P3,Media,,Revisión ordinaria.
docs/audits/fase6/lote-4/contratos-mercantiles-proteger-negocio/entrada.json,docs,.json,7511,22,4f7c69b0fd3db86173af3533633b19b03e0e9c4b356025053723585ad708cc92,review,MANTENER_Y_REVISAR,P3,Media,,Revisión ordinaria.
docs/audits/fase6/lote-4/contratos-mercantiles-proteger-negocio/decision-final.json,docs,.json,991,35,0b7eabee6a3f0a911308817f73354491011f30b1d7bf20a257521431405d5080,review,MANTENER_Y_REVISAR,P3,Media,,Revisión ordinaria.
docs/audits/fase6/lote-4/contratos-mercantiles-proteger-negocio/pasada-b.json,docs,.json,2022,25,ba5129f177e6f2a373719643d4f9189374908a22b44c17c7f614963537326ab7,review,MANTENER_Y_REVISAR,P3,Media,,Revisión ordinaria.
docs/audits/fase6/lote-4/contratos-mercantiles-proteger-negocio/pasada-a.json,docs,.json,2542,36,bc08b63d819e1e220e054cd79adbee7b6f9358cb2e330d748baf00cae7e56920,review,MANTENER_Y_REVISAR,P3,Media,,Revisión ordinaria.
docs/audits/fase6/lote-4/reformas-legales-recientes-honduras/entrada.json,docs,.json,8050,23,238b8272f8ff8f09cea7d81f92e9f2bba8e1a537c83d6336c0e26ea4650b9264,review,MANTENER_Y_REVISAR,P3,Media,,Revisión ordinaria.
docs/audits/fase6/lote-4/reformas-legales-recientes-honduras/decision-final.json,docs,.json,988,35,ca606562859774060d39ad73f0c0cec9f502f06e85b1149b47ebd33e80190ddf,review,MANTENER_Y_REVISAR,P3,Media,,Revisión ordinaria.
docs/audits/fase6/lote-4/reformas-legales-recientes-honduras/pasada-b.json,docs,.json,2103,14,af8cbb22efb6ea83d0d318b33afddc61933abb381da00e73f905b956bff2312c,review,MANTENER_Y_REVISAR,P3,Media,,Revisión ordinaria.
docs/audits/fase6/lote-4/reformas-legales-recientes-honduras/pasada-a.json,docs,.json,4318,44,92b6d263c587dd35cf37274f9046e2fb56cf58e4a90cb33a1cb44f3625bb8f44,review,MANTENER_Y_REVISAR,P3,Media,,Revisión ordinaria.
docs/audits/fase6/lote-4/contratos-civiles-honduras-errores-comunes/entrada.json,docs,.json,6138,22,711306cde50f54fe384e2bc3d5091687d5a38486a77d38266c5a1ad11d2ea995,review,MANTENER_Y_REVISAR,P3,Media,,Revisión ordinaria.
docs/audits/fase6/lote-4/contratos-civiles-honduras-errores-comunes/decision-final.json,docs,.json,995,35,7e01137ca523003a7062d0f538cca2b79c612c1abafea71edf7c7a6403a027b1,review,MANTENER_Y_REVISAR,P3,Media,,Revisión ordinaria.
docs/audits/fase6/lote-4/contratos-civiles-honduras-errores-comunes/pasada-b.json,docs,.json,3156,38,b0e18943512e74c137ce4999834bdbafe153e2deed00b3d36e29b7d25747be95,review,MANTENER_Y_REVISAR,P3,Media,,Revisión ordinaria.
docs/audits/fase6/lote-4/contratos-civiles-honduras-errores-comunes/pasada-a.json,docs,.json,3770,76,a54c4d356b494e0021b528a090c27cbf0d0af37787fe878b325c49e423722d5a,review,MANTENER_Y_REVISAR,P3,Media,,Revisión ordinaria.
docs/audits/fase6/lote-4/licencia-ambiental-categorias-plazos-honduras/entrada.json,docs,.json,7432,23,13fbb02fcc8a3726557111aff973bd1db28df017440c00fbca4f8df97ed7724c,review,MANTENER_Y_REVISAR,P3,Media,,Revisión ordinaria.
docs/audits/fase6/lote-4/licencia-ambiental-categorias-plazos-honduras/decision-final.json,docs,.json,998,35,2e93c89be6f7d868bb9447e2f8ae346549703efe331405ba34b3f4463697c47e,review,MANTENER_Y_REVISAR,P3,Media,,Revisión ordinaria.
docs/audits/fase6/lote-4/licencia-ambiental-categorias-plazos-honduras/pasada-b.json,docs,.json,1250,12,ccdb43c2153c3a2a7e96b6ebac0fd8c4937c575bc1544571bea753ecdd1bc17e,review,MANTENER_Y_REVISAR,P3,Media,,Revisión ordinaria.
docs/audits/fase6/lote-4/licencia-ambiental-categorias-plazos-honduras/pasada-a.json,docs,.json,3171,44,5b7d02b09d30a77afbb5b676db2e7638110e6321036913d11eb66adc314e4e83,review,MANTENER_Y_REVISAR,P3,Media,,Revisión ordinaria.
docs/audits/fase6/lote-4/expropiacion-forzosa-derechos-propietario-honduras/entrada.json,docs,.json,6010,22,ef6c20cffa4ea09a68df3fefad6ab78ef9c5d3bd96fd8082ebcc3695a6d93fee,review,MANTENER_Y_REVISAR,P3,Media,,Revisión ordinaria.
docs/audits/fase6/lote-4/expropiacion-forzosa-derechos-propietario-honduras/decision-final.json,docs,.json,1003,35,c1e1d2cae83930a4d4fa822e3aa69b93560b5d698f856e0e679ab29dd114b8ac,review,MANTENER_Y_REVISAR,P3,Media,,Revisión ordinaria.
docs/audits/fase6/lote-4/expropiacion-forzosa-derechos-propietario-honduras/pasada-b.json,docs,.json,2065,22,ed2acd406ba81c4d389bc2fc9441667b655e9bb8eab295ec090dd05ea59b142c,review,MANTENER_Y_REVISAR,P3,Media,,Revisión ordinaria.
docs/audits/fase6/lote-4/expropiacion-forzosa-derechos-propietario-honduras/pasada-a.json,docs,.json,2777,42,b4bb5072c05f7e18c8af53da049d1da9ece155bd73895c39eab805ea2c20d619,review,MANTENER_Y_REVISAR,P3,Media,,Revisión ordinaria.
docs/audits/fase6/lote-4/central-riesgos-consultar-impugnar-honduras/entrada.json,docs,.json,6807,22,1a783b0daf8b864a9a0c426f72a1e141f19666dde141e3392b1e7624a401a829,review,MANTENER_Y_REVISAR,P3,Media,,Revisión ordinaria.
docs/audits/fase6/lote-4/central-riesgos-consultar-impugnar-honduras/decision-final.json,docs,.json,996,35,2077f26384d7bfcdab3f543a0ea52400b40dcb0fb80335fbf54ce059a8e40cd1,review,MANTENER_Y_REVISAR,P3,Media,,Revisión ordinaria.
docs/audits/fase6/lote-4/central-riesgos-consultar-impugnar-honduras/pasada-b.json,docs,.json,2145,26,edbf0464be4bfdba70f12021e104ac54b85acda58d83d1068305e6ee4d0042d3,review,MANTENER_Y_REVISAR,P3,Media,,Revisión ordinaria.
docs/audits/fase6/lote-4/central-riesgos-consultar-impugnar-honduras/pasada-a.json,docs,.json,2903,39,2b40cc93a5267ee4cf9946184f36b483ec6e7a7e93164995bf7f133fc174c824,review,MANTENER_Y_REVISAR,P3,Media,,Revisión ordinaria.
docs/audits/fase6/lote-4/contratos-empleadas-domesticas-obligaciones-honduras/entrada.json,docs,.json,7796,22,1e87000f0dd3aa2ad4dc7896eadd429e107956eceec4ead515254a4014dce9bc,review,MANTENER_Y_REVISAR,P3,Media,,Revisión ordinaria.
docs/audits/fase6/lote-4/contratos-empleadas-domesticas-obligaciones-honduras/decision-final.json,docs,.json,1127,35,1e36a79eb1daa389ebf05b88a7f0f21b57470af4591e7990d71aeedf2c75cd76,review,MANTENER_Y_REVISAR,P3,Media,,Revisión ordinaria.
docs/audits/fase6/lote-4/contratos-empleadas-domesticas-obligaciones-honduras/pasada-b.json,docs,.json,3677,47,97e497c2496d4fa33d7f1a2f05060e8e2bf19cb79fb5ae5dd362b816ee0dcf47,review,MANTENER_Y_REVISAR,P3,Media,,Revisión ordinaria.
docs/audits/fase6/lote-4/contratos-empleadas-domesticas-obligaciones-honduras/pasada-a.json,docs,.json,3778,54,dc1fd2b53464025efff6f253c011ced03968da12a8a274fe4c33fae9d4acf6a8,review,MANTENER_Y_REVISAR,P3,Media,,Revisión ordinaria.
docs/audits/fase6/lote-7/impuesto-renta-personas-fisicas-honduras/entrada.json,docs,.json,8682,23,e1f197feecf2789d1289bcc5f0d3ad99bb0394fbd47ec869699825da5dcc5065,review,MANTENER_Y_REVISAR,P3,Media,,Revisión ordinaria.
docs/audits/fase6/lote-7/impuesto-renta-personas-fisicas-honduras/decision-final.json,docs,.json,1307,42,7708251b66ba33d4e0c868d58a46f6cf0c6cb2459a2fea78f3c317c58aff84ee,review,MANTENER_Y_REVISAR,P3,Media,,Revisión ordinaria.
docs/audits/fase6/lote-7/impuesto-renta-personas-fisicas-honduras/pasada-b.json,docs,.json,29613,312,fa7ae83ded1b0283424da2ae6e670dcbb51353260b34879744678833f0859658,review,MANTENER_Y_REVISAR,P3,Media,,Revisión ordinaria.
docs/audits/fase6/lote-7/impuesto-renta-personas-fisicas-honduras/pasada-a.json,docs,.json,20753,246,04faf590de147001ff5e5ebf486ccb96aae4ec68786f69f5a5c8c752a5c29348,review,MANTENER_Y_REVISAR,P3,Media,,Revisión ordinaria.
docs/audits/fase6/lote-7/herencias-honduras-fallece-familiar/entrada.json,docs,.json,9511,22,a458d827e382852582ec51c9c9056a7858419952e6f99c1b4d84cfe977e0dcd4,review,MANTENER_Y_REVISAR,P3,Media,,Revisión ordinaria.
docs/audits/fase6/lote-7/herencias-honduras-fallece-familiar/decision-final.json,docs,.json,1306,42,80cec2310be1dae38c3c490ce31e97a97ab4ea61b9297956e5f5495a37ee6928,review,MANTENER_Y_REVISAR,P3,Media,,Revisión ordinaria.
docs/audits/fase6/lote-7/herencias-honduras-fallece-familiar/pasada-b.json,docs,.json,25073,329,d311ea7aa209f7bbe0e883cca0f766fffabfb12319cfc013da56d99457bc3b9a,review,MANTENER_Y_REVISAR,P3,Media,,Revisión ordinaria.
docs/audits/fase6/lote-7/herencias-honduras-fallece-familiar/pasada-a.json,docs,.json,10804,171,3aa67bba1c2bf052f576f4b9736e6828e5f7018430fba23fee45f3cc1a147e81,review,MANTENER_Y_REVISAR,P3,Media,,Revisión ordinaria.
docs/audits/fase6/lote-7/costos-honorarios-abogados-como-funcionan-honduras/entrada.json,docs,.json,8197,23,ec09f61c9430b7d0a3a35a933ac0b5a1503b7829a8b59ab27a61be1e692dc032,review,MANTENER_Y_REVISAR,P3,Media,,Revisión ordinaria.
docs/audits/fase6/lote-7/costos-honorarios-abogados-como-funcionan-honduras/decision-final.json,docs,.json,469,14,2fa9aad4fa587d58baed49ae0f28b548d0617fb6d4c90193aba26003faaa8de0,review,MANTENER_Y_REVISAR,P3,Media,,Revisión ordinaria.
docs/audits/fase6/lote-7/costos-honorarios-abogados-como-funcionan-honduras/pasada-b.json,docs,.json,22066,270,219fafba30a1187b322821f87de5695b8bc3015d9cc70f159abc4dd440b7b5a6,review,MANTENER_Y_REVISAR,P3,Media,,Revisión ordinaria.
docs/audits/fase6/lote-7/costos-honorarios-abogados-como-funcionan-honduras/pasada-a.json,docs,.json,14834,158,7da8110e96ec42dbcf2ea5b84464e2f63742e1a12f048d9d01aa41de5b70702e,review,MANTENER_Y_REVISAR,P3,Media,,Revisión ordinaria.
docs/audits/fase6/lote-7/devolucion-impuestos-como-solicitarla-honduras/entrada.json,docs,.json,7748,22,63443ee12be056b382f721946149f66df213e984f64f95587535413dd5067442,review,MANTENER_Y_REVISAR,P3,Media,,Revisión ordinaria.
docs/audits/fase6/lote-7/devolucion-impuestos-como-solicitarla-honduras/decision-final.json,docs,.json,1313,42,7ff518dd711a33989e4c19fb0f2baf4ecfcc0b38cb188a964204ec0a79789c29,review,MANTENER_Y_REVISAR,P3,Media,,Revisión ordinaria.
docs/audits/fase6/lote-7/devolucion-impuestos-como-solicitarla-honduras/pasada-b.json,docs,.json,4123,29,48ab89dc17a0fec82a07d5bdeb59a597f8e262395cbb79a02bbf751ec2b706dd,review,MANTENER_Y_REVISAR,P3,Media,,Revisión ordinaria.
docs/audits/fase6/lote-7/devolucion-impuestos-como-solicitarla-honduras/pasada-a.json,docs,.json,6799,64,d0b0752eaea7a7b272182c0d1b2b9c100717914a1a5b2a2fdb492b6c85d89309,review,MANTENER_Y_REVISAR,P3,Media,,Revisión ordinaria.
docs/audits/fase6/lote-7/jornada-laboral-horas-extra-descansos-honduras/entrada.json,docs,.json,7515,22,4ef85942104161cbe2e60c59d9e466d42ab4ba0253253bb9119e83c17131cb20,review,MANTENER_Y_REVISAR,P3,Media,,Revisión ordinaria.
docs/audits/fase6/lote-7/jornada-laboral-horas-extra-descansos-honduras/decision-final.json,docs,.json,1313,42,a3cca0da31b96120eefbf682ff0acef73091a9e65b2721c281567278142aa1c8,review,MANTENER_Y_REVISAR,P3,Media,,Revisión ordinaria.
docs/audits/fase6/lote-7/jornada-laboral-horas-extra-descansos-honduras/pasada-b.json,docs,.json,34241,396,2ab10a2137d9a371df81981d7ac00a4d6d0445ef72d8b7bcd05e828761b6f2b2,review,MANTENER_Y_REVISAR,P3,Media,,Revisión ordinaria.
docs/audits/fase6/lote-7/jornada-laboral-horas-extra-descansos-honduras/pasada-a.json,docs,.json,22761,224,94add41b9a12290d1dcf85b05a02dce50ddc000db50bf8f482252ecf8c770917,review,MANTENER_Y_REVISAR,P3,Media,,Revisión ordinaria.
docs/audits/fase6/lote-7/acoso-laboral-mobbing-honduras/entrada.json,docs,.json,7951,22,cf25e26eeb88540dcca09feaa2c03e058a977aeb22b369243824288abd0373a6,review,MANTENER_Y_REVISAR,P3,Media,,Revisión ordinaria.
docs/audits/fase6/lote-7/acoso-laboral-mobbing-honduras/decision-final.json,docs,.json,1297,42,5189e07498d7ba01d86050348cb3103b4d1a7d90caca6f64ebb914a5349b1a81,review,MANTENER_Y_REVISAR,P3,Media,,Revisión ordinaria.
docs/audits/fase6/lote-7/acoso-laboral-mobbing-honduras/pasada-b.json,docs,.json,28869,357,6e7fb4be8c1e718f74d166e4d9be5a4bbca3bab565667d3689e21628f678b334,review,MANTENER_Y_REVISAR,P3,Media,,Revisión ordinaria.
docs/audits/fase6/lote-7/acoso-laboral-mobbing-honduras/pasada-a.json,docs,.json,20500,193,88599eb66332f4969cf485ab395409b0bd4f447f6af608cae06dc0a98e474b4d,review,MANTENER_Y_REVISAR,P3,Media,,Revisión ordinaria.
docs/audits/fase6/lote-7/registrar-marca-paso-a-paso-honduras/entrada.json,docs,.json,9486,22,bb403da60481517f0ea6b21b4ce3355c165032550a268079a52dfbaa5dc98d68,review,MANTENER_Y_REVISAR,P3,Media,,Revisión ordinaria.
docs/audits/fase6/lote-7/registrar-marca-paso-a-paso-honduras/decision-final.json,docs,.json,1303,42,243e91ccfb6e0e724f5c48dd78c69c01bd3e6c58c0e5e71cf5cd2fb8a0759b65,review,MANTENER_Y_REVISAR,P3,Media,,Revisión ordinaria.
docs/audits/fase6/lote-7/registrar-marca-paso-a-paso-honduras/pasada-b.json,docs,.json,30692,441,f641499cfbb9e1bef348ba2c7fe571a0565da07fe8e44e373573f5ecd58e3cfb,review,MANTENER_Y_REVISAR,P3,Media,,Revisión ordinaria.
docs/audits/fase6/lote-7/registrar-marca-paso-a-paso-honduras/pasada-a.json,docs,.json,15339,164,ccc1c31b0637f3ec2af9c74dcbba534fdb7e01dffa4c27dff6cda0bb474e6377,review,MANTENER_Y_REVISAR,P3,Media,,Revisión ordinaria.
docs/audits/fase6/lote-7/etapa-investigacion-proceso-penal-honduras/entrada.json,docs,.json,6231,22,4dee86b027b17350bc6dff6c99190ab58cbf64c4cccb9e76ffed30764fc4bf50,review,MANTENER_Y_REVISAR,P3,Media,,Revisión ordinaria.
docs/audits/fase6/lote-7/etapa-investigacion-proceso-penal-honduras/decision-final.json,docs,.json,1313,42,a9e4e14343d9422d3299f1b9653fcf4ecac12ac885ceacb26865ac76cfbb58f6,review,MANTENER_Y_REVISAR,P3,Media,,Revisión ordinaria.
docs/audits/fase6/lote-7/etapa-investigacion-proceso-penal-honduras/pasada-b.json,docs,.json,30308,405,979ec1819d7a726ba400a28c9351fd3da59b4cfad6fc3921afb02f34fe196409,review,MANTENER_Y_REVISAR,P3,Media,,Revisión ordinaria.
docs/audits/fase6/lote-7/etapa-investigacion-proceso-penal-honduras/pasada-a.json,docs,.json,15666,161,411835869764554c03e321932ae17191d694f51ba2ba8067dec01741d83161f9,review,MANTENER_Y_REVISAR,P3,Media,,Revisión ordinaria.
docs/audits/fase6/lote-7/pension-alimenticia-honduras-como-solicitarla/entrada.json,docs,.json,5792,22,2a3738691562c05b0231279413c1294a03104f99dc15f3b8ba02c5bc5a67110f,review,MANTENER_Y_REVISAR,P3,Media,,Revisión ordinaria.
docs/audits/fase6/lote-7/pension-alimenticia-honduras-como-solicitarla/decision-final.json,docs,.json,1312,42,a08f4c42e2552c1b7093958722b2382f63f6369110e83fe94be9bc396f46d430,review,MANTENER_Y_REVISAR,P3,Media,,Revisión ordinaria.
docs/audits/fase6/lote-7/pension-alimenticia-honduras-como-solicitarla/pasada-b.json,docs,.json,28955,341,6dfce8560586057ee860e7f21a79093f7d3b3539f9b36dd0ec6587a13e952c5f,review,MANTENER_Y_REVISAR,P3,Media,,Revisión ordinaria.
docs/audits/fase6/lote-7/pension-alimenticia-honduras-como-solicitarla/pasada-a.json,docs,.json,18867,179,9ad8b529f331758c501d7da7a159f1ef022d4c60e99211667aeedb3c1a2e8ae0,review,MANTENER_Y_REVISAR,P3,Media,,Revisión ordinaria.
docs/audits/fase6/lote-7/arbitraje-cuando-conviene-como-funciona-honduras/entrada.json,docs,.json,5902,22,1db5333d8ab420c40c08374c873dae04e83afaed84e3f155ba7b1248dbfadc2e,review,MANTENER_Y_REVISAR,P3,Media,,Revisión ordinaria.
docs/audits/fase6/lote-7/arbitraje-cuando-conviene-como-funciona-honduras/decision-final.json,docs,.json,1315,42,749d9a0d7e47def18c374e120dbb100c23d396996fe18a73c5cd0589bb6cd5b6,review,MANTENER_Y_REVISAR,P3,Media,,Revisión ordinaria.
docs/audits/fase6/lote-7/arbitraje-cuando-conviene-como-funciona-honduras/pasada-b.json,docs,.json,18349,238,4ee5aa55d9867e8193f4ee82367f32ac10e0108f660142fc26b7574218d488c5,review,MANTENER_Y_REVISAR,P3,Media,,Revisión ordinaria.
docs/audits/fase6/lote-7/arbitraje-cuando-conviene-como-funciona-honduras/pasada-a.json,docs,.json,13914,153,c316e4617e7006de2cd62f99cb23fc7b00fdb94c543288944a343fd7a424221f,review,MANTENER_Y_REVISAR,P3,Media,,Revisión ordinaria.
docs/audits/fase6/lote-7/divorcio-tipos-requisitos-tiempos-honduras/entrada.json,docs,.json,7547,22,c139c8c0443d15548440bd6f3d20e7bdfc83432ba59a13d853d8afdb0819dc34,review,MANTENER_Y_REVISAR,P3,Media,,Revisión ordinaria.
docs/audits/fase6/lote-7/divorcio-tipos-requisitos-tiempos-honduras/decision-final.json,docs,.json,1309,42,eafbd625730498821e643c64868a545d707e3927cbd7bd8de15171293c69567e,review,MANTENER_Y_REVISAR,P3,Media,,Revisión ordinaria.
docs/audits/fase6/lote-7/divorcio-tipos-requisitos-tiempos-honduras/pasada-b.json,docs,.json,25291,329,299b25e4e313f26606693818d928bb6134ca40d78f189c0d40b28e1409307ed9,review,MANTENER_Y_REVISAR,P3,Media,,Revisión ordinaria.
docs/audits/fase6/lote-7/divorcio-tipos-requisitos-tiempos-honduras/pasada-a.json,docs,.json,16718,155,fc2a2631adf6037963e23c08a1650000ad58671a130185db70e15f308b7ee2bc,review,MANTENER_Y_REVISAR,P3,Media,,Revisión ordinaria.
docs/audits/fase6/lote-7/delitos-ambientales-como-denunciarlos-honduras/entrada.json,docs,.json,6587,22,f5d3c10d8ed8671ba44231107f2a00a828b07caad72faee0c0367a8b46c82e36,review,MANTENER_Y_REVISAR,P3,Media,,Revisión ordinaria.
docs/audits/fase6/lote-7/delitos-ambientales-como-denunciarlos-honduras/decision-final.json,docs,.json,1313,42,79b19f16137c57d93b9b6abd5e67e33dbc36a147052baa93e279179e1480c80f,review,MANTENER_Y_REVISAR,P3,Media,,Revisión ordinaria.
docs/audits/fase6/lote-7/delitos-ambientales-como-denunciarlos-honduras/pasada-b.json,docs,.json,29499,392,30303f68df4e605214030d84e5186c1650d8ca1cba52685efce304001d386abd,review,MANTENER_Y_REVISAR,P3,Media,,Revisión ordinaria.
docs/audits/fase6/lote-7/delitos-ambientales-como-denunciarlos-honduras/pasada-a.json,docs,.json,21149,197,24d702ddef74e341838a85cce8b4ef565b0c9d3a10c101df5af575e358683409,review,MANTENER_Y_REVISAR,P3,Media,,Revisión ordinaria.
docs/audits/fase6/lote-7/central-riesgos-honduras-consultar-impugnar/entrada.json,docs,.json,6198,23,50c7a5f2b1cdd4e3ed3e6a446f20905ee6dee1eb5fe3c45b038715fed017230e,review,MANTENER_Y_REVISAR,P3,Media,,Revisión ordinaria.
docs/audits/fase6/lote-7/central-riesgos-honduras-consultar-impugnar/decision-final.json,docs,.json,1316,42,c728d11fda23708b3e9a5a83030a910fa10cf6c3d1c1737e7112f9ebf8c2ec84,review,MANTENER_Y_REVISAR,P3,Media,,Revisión ordinaria.
docs/audits/fase6/lote-7/central-riesgos-honduras-consultar-impugnar/pasada-b.json,docs,.json,18252,238,549ada0814dc304bebd793971c79001d98165758c9fc832cde199e1a28c6491b,review,MANTENER_Y_REVISAR,P3,Media,,Revisión ordinaria.
docs/audits/fase6/lote-7/central-riesgos-honduras-consultar-impugnar/pasada-a.json,docs,.json,16729,211,f381e6062693546cb1c30a090ade152b16e6c13437241907ed96c981a355f358,review,MANTENER_Y_REVISAR,P3,Media,,Revisión ordinaria.
docs/audits/fase6/lote-7/derecho-ambiental-honduras/entrada.json,docs,.json,9435,24,d93b2a5f0ccf179fc393cb186b442c97a0fc7890d56778770a3c48be851b9988,review,MANTENER_Y_REVISAR,P3,Media,,Revisión ordinaria.
docs/audits/fase6/lote-7/derecho-ambiental-honduras/decision-final.json,docs,.json,1293,42,5143686778c646a8e238cabd1acbdc0185339648efd1388ab45ba46ce1321ff1,review,MANTENER_Y_REVISAR,P3,Media,,Revisión ordinaria.
docs/audits/fase6/lote-7/derecho-ambiental-honduras/pasada-b.json,docs,.json,25440,278,0bde554569dfbb0f453a26c983096a920a644f085c24313d73be6b84d550890e,review,MANTENER_Y_REVISAR,P3,Media,,Revisión ordinaria.
docs/audits/fase6/lote-7/derecho-ambiental-honduras/pasada-a.json,docs,.json,13902,141,a7d6e8300763d4f5fd354d5431f858d2314390162e612032614e1ec599a287a4,review,MANTENER_Y_REVISAR,P3,Media,,Revisión ordinaria.
docs/audits/fase6/lote-7/reagrupacion-familiar-hondurenos-espana/entrada.json,docs,.json,6910,23,c4a5be622364d53e7e7d2f512195a1d964580609fd9492c8411c0b9dbe5604fc,review,MANTENER_Y_REVISAR,P3,Media,,Revisión ordinaria.
docs/audits/fase6/lote-7/reagrupacion-familiar-hondurenos-espana/decision-final.json,docs,.json,1306,42,539faa50bc89fec7dbb62ffb11e325dfdca7f5582a08d98e3adf70ff8800af6e,review,MANTENER_Y_REVISAR,P3,Media,,Revisión ordinaria.
docs/audits/fase6/lote-7/reagrupacion-familiar-hondurenos-espana/pasada-b.json,docs,.json,25320,320,7f0442d37873de7f2749fccf03db1f0e611119a7d2ddf2f901f92f00bcb2e264,review,MANTENER_Y_REVISAR,P3,Media,,Revisión ordinaria.
docs/audits/fase6/lote-7/reagrupacion-familiar-hondurenos-espana/pasada-a.json,docs,.json,15985,155,de804d5d6241ae855c1dc1912baab36277c1face99a127475931ede247c22412,review,MANTENER_Y_REVISAR,P3,Media,,Revisión ordinaria.
docs/audits/fase6/lote-14/prescripcion-deudas-plazos-honduras/entrada.json,docs,.json,9936,23,1388c3bac333202e25b65a10fa26d83fd2c1615a144ae443dc02e1538e023722,review,MANTENER_Y_REVISAR,P3,Media,,Revisión ordinaria.
docs/audits/fase6/lote-14/prescripcion-deudas-plazos-honduras/decision-final.json,docs,.json,916,31,d392610c28d49a4966119542905749cc632bd48b4f901778d3710eb074f96dbf,review,MANTENER_Y_REVISAR,P3,Media,,Revisión ordinaria.
docs/audits/fase6/lote-14/prescripcion-deudas-plazos-honduras/pasada-b.json,docs,.json,2630,59,c43903f385b2a9dbd6e0f87706ce20e00ae013b1ba85a800e3d2e77eb2c22ba2,review,MANTENER_Y_REVISAR,P3,Media,,Revisión ordinaria.
docs/audits/fase6/lote-14/prescripcion-deudas-plazos-honduras/pasada-a.json,docs,.json,7403,118,d7f5766330d075d22b45fd29075ba807e3c15302d143491727501cfddbb9f994,review,MANTENER_Y_REVISAR,P3,Media,,Revisión ordinaria.
docs/audits/fase6/lote-14/poder-legal-honduras-cuando-se-necesita/entrada.json,docs,.json,9290,22,9d3ec5844b403f8228b4a3020313941c681309d031d2fb180b8feb12017ca040,review,MANTENER_Y_REVISAR,P3,Media,,Revisión ordinaria.
docs/audits/fase6/lote-14/poder-legal-honduras-cuando-se-necesita/decision-final.json,docs,.json,920,31,6abd7aa93f24dfcbf4c54b8fe90c919b5b0ee9118af8252025d2f3222eb81ca8,review,MANTENER_Y_REVISAR,P3,Media,,Revisión ordinaria.
docs/audits/fase6/lote-14/poder-legal-honduras-cuando-se-necesita/pasada-b.json,docs,.json,1806,33,b688a2a91ea90eeef66bd99cec080c02a8c895169dea8f3939c07c0b96deded9,review,MANTENER_Y_REVISAR,P3,Media,,Revisión ordinaria.
docs/audits/fase6/lote-14/poder-legal-honduras-cuando-se-necesita/pasada-a.json,docs,.json,7339,133,526a4e2ffbec77e1a9f49af34415018e395b86ebb3a5effba129a220ba5a3232,review,MANTENER_Y_REVISAR,P3,Media,,Revisión ordinaria.
docs/audits/fase6/lote-14/que-hacer-si-me-detienen-en-honduras/entrada.json,docs,.json,7602,22,5d006061d7ae12a04c6dd9f89cc04eb42cbf80f07ef6a0f5c51311a46ccd52c9,review,MANTENER_Y_REVISAR,P3,Media,,Revisión ordinaria.
docs/audits/fase6/lote-14/que-hacer-si-me-detienen-en-honduras/decision-final.json,docs,.json,917,31,29031fe7d0db9933f2485246b8d9e489d36d6e4b0ef8b5ede0509b7bf4f49d18,review,MANTENER_Y_REVISAR,P3,Media,,Revisión ordinaria.
docs/audits/fase6/lote-14/que-hacer-si-me-detienen-en-honduras/pasada-b.json,docs,.json,2825,54,f83dff78dbb41d6636649bddd854f1cd5dc039a5c7409e91e71e7de60d3ef549,review,MANTENER_Y_REVISAR,P3,Media,,Revisión ordinaria.
docs/audits/fase6/lote-14/que-hacer-si-me-detienen-en-honduras/pasada-a.json,docs,.json,6587,91,ed8538fd0f6bf931ea05b921045e83484f99f62474b509b70387e9e89990f52d,review,MANTENER_Y_REVISAR,P3,Media,,Revisión ordinaria.
docs/audits/fase6/lote-14/como-preparar-demanda-guia-no-abogados-honduras/entrada.json,docs,.json,8778,23,315171aa43e50972d241d01c75413638e39fe4d6f939a6047e818a24b8e69e91,review,MANTENER_Y_REVISAR,P3,Media,,Revisión ordinaria.
docs/audits/fase6/lote-14/como-preparar-demanda-guia-no-abogados-honduras/decision-final.json,docs,.json,928,31,817786f21aff0d963a0026cbcec88ffe1a3947efd5f2e67d8d02b9745bb1ec75,review,MANTENER_Y_REVISAR,P3,Media,,Revisión ordinaria.
docs/audits/fase6/lote-14/como-preparar-demanda-guia-no-abogados-honduras/pasada-b.json,docs,.json,2248,40,a7e15aa05269aee4bd1201cc7462d5aa0ec0c8e5101a9433f91d9b5e5d4aa94e,review,MANTENER_Y_REVISAR,P3,Media,,Revisión ordinaria.
docs/audits/fase6/lote-14/como-preparar-demanda-guia-no-abogados-honduras/pasada-a.json,docs,.json,5037,83,075e4e5de1aa3ff74734bd165b2f184e6b8f3d80fb892d1b761a280b1280e156,review,MANTENER_Y_REVISAR,P3,Media,,Revisión ordinaria.
docs/audits/fase6/lote-14/pension-alimenticia-honduras-guia-completa/entrada.json,docs,.json,6890,23,7557a307374658aa95b30f156e3bf0b857e56613101d47fa1eb19bb245c5813e,review,MANTENER_Y_REVISAR,P3,Media,,Revisión ordinaria.
docs/audits/fase6/lote-14/pension-alimenticia-honduras-guia-completa/decision-final.json,docs,.json,912,31,19c7c924dfe8b0137ecfa090cf55f06362a9a046acceb9c738ca6526f5a0554b,review,MANTENER_Y_REVISAR,P3,Media,,Revisión ordinaria.
docs/audits/fase6/lote-14/pension-alimenticia-honduras-guia-completa/pasada-b.json,docs,.json,1887,65,6e570b99337cb9c9be020f2947d7334352341c0740b07975b130eac14c39a3d4,review,MANTENER_Y_REVISAR,P3,Media,,Revisión ordinaria.
docs/audits/fase6/lote-14/pension-alimenticia-honduras-guia-completa/pasada-a.json,docs,.json,2997,68,e522f4539d7552e4fe346a3af02f677c28c325dc2f58499bdeb6957d9944737f,review,MANTENER_Y_REVISAR,P3,Media,,Revisión ordinaria.
docs/audits/fase6/lote-14/juicio-oral-etapas-que-esperar-honduras/entrada.json,docs,.json,11516,22,2216e8c8e4e9289b3e12e37238dcc7841d19d734b20e631e4436d6a66b0d7d8e,review,MANTENER_Y_REVISAR,P3,Media,,Revisión ordinaria.
docs/audits/fase6/lote-14/juicio-oral-etapas-que-esperar-honduras/decision-final.json,docs,.json,909,31,d5e152568986098099f4c3a66407de64adc1dfcbdfed063f962260e9fbe83da1,review,MANTENER_Y_REVISAR,P3,Media,,Revisión ordinaria.
docs/audits/fase6/lote-14/juicio-oral-etapas-que-esperar-honduras/pasada-b.json,docs,.json,2079,65,2dbba0ae03f2b600d975049ae4be56a6899e0ade3744818f1665e20d57d06147,review,MANTENER_Y_REVISAR,P3,Media,,Revisión ordinaria.
docs/audits/fase6/lote-14/juicio-oral-etapas-que-esperar-honduras/pasada-a.json,docs,.json,13635,265,d41dda0d9edb0e706aabcee15f84a8900155198a686ab56b88fbc179add20db0,review,MANTENER_Y_REVISAR,P3,Media,,Revisión ordinaria.
docs/audits/fase6/lote-14/contratos-mercantiles-esenciales-empresas-honduras/entrada.json,docs,.json,7354,22,bf1085b30e9b4c79021f1c2af174dc0107dcf16886d159c72e543e17d24732fa,review,MANTENER_Y_REVISAR,P3,Media,,Revisión ordinaria.
docs/audits/fase6/lote-14/contratos-mercantiles-esenciales-empresas-honduras/decision-final.json,docs,.json,931,31,8b3a6614f7589bd91a333ec54f45f7c25e8b277e8f17a129c4d3155222f04964,review,MANTENER_Y_REVISAR,P3,Media,,Revisión ordinaria.
docs/audits/fase6/lote-14/contratos-mercantiles-esenciales-empresas-honduras/pasada-b.json,docs,.json,2434,49,e82e540f2181bbd067b23911fd44097292a1fbc45deb6ca998d0d534a01762d2,review,MANTENER_Y_REVISAR,P3,Media,,Revisión ordinaria.
docs/audits/fase6/lote-14/contratos-mercantiles-esenciales-empresas-honduras/pasada-a.json,docs,.json,7538,119,453bd6fb2a0b6c73752c9bd2d3920a10f64ea8ed81637ba607e22d8f97f8a610,review,MANTENER_Y_REVISAR,P3,Media,,Revisión ordinaria.
docs/audits/fase6/lote-14/fianza-medidas-cautelares-proceso-penal-honduras/entrada.json,docs,.json,7244,23,9959472e6deadcf718f0c7a65e043734a4f04eeede4102546d233063337ddddd,review,MANTENER_Y_REVISAR,P3,Media,,Revisión ordinaria.
docs/audits/fase6/lote-14/fianza-medidas-cautelares-proceso-penal-honduras/decision-final.json,docs,.json,918,31,64c32548d5b188c24d3eef85bde0dd5d5daca4ededdb46aeb1a78988d6cabb4e,review,MANTENER_Y_REVISAR,P3,Media,,Revisión ordinaria.
docs/audits/fase6/lote-14/fianza-medidas-cautelares-proceso-penal-honduras/pasada-b.json,docs,.json,2155,69,a6baaad06064ebb6fe9e2d0c1f8462adf1dc3c57cfbb966f8e13753088ed3318,review,MANTENER_Y_REVISAR,P3,Media,,Revisión ordinaria.
docs/audits/fase6/lote-14/fianza-medidas-cautelares-proceso-penal-honduras/pasada-a.json,docs,.json,1925,37,65743380045aeff2c9fc7b4ac2bcbace1d6baa662b8d0aa1b577653283d11798,review,MANTENER_Y_REVISAR,P3,Media,,Revisión ordinaria.
docs/audits/fase6/lote-14/derechos-trabajadora-embarazada-honduras/entrada.json,docs,.json,7345,22,d2eb5545e197c6ab4117e3c9044cc41633408fffa7edec7929d6e01c77267fee,review,MANTENER_Y_REVISAR,P3,Media,,Revisión ordinaria.
docs/audits/fase6/lote-14/derechos-trabajadora-embarazada-honduras/decision-final.json,docs,.json,910,31,58ab4887632bfe5c5694dcb905afc4618202bbdf2db4249d9151f85c854f4fce,review,MANTENER_Y_REVISAR,P3,Media,,Revisión ordinaria.
docs/audits/fase6/lote-14/derechos-trabajadora-embarazada-honduras/pasada-b.json,docs,.json,2530,81,1162d3a1f01942a68e4779f1cd1afad6e939eaaaa831620ee6dbd7f455dc60d5,review,MANTENER_Y_REVISAR,P3,Media,,Revisión ordinaria.
docs/audits/fase6/lote-14/derechos-trabajadora-embarazada-honduras/pasada-a.json,docs,.json,8893,119,478bfecc2d5c98b74488d0aa674508c163767c331baf23a9609acbec221ec023,review,MANTENER_Y_REVISAR,P3,Media,,Revisión ordinaria.
docs/audits/fase6/lote-14/recurso-de-amparo-honduras-guia-completa/entrada.json,docs,.json,8690,23,053f413ee8358c86e64554141cf1ec01cb36792ce72403a9d9bd0e5587fdd408,review,MANTENER_Y_REVISAR,P3,Media,,Revisión ordinaria.
docs/audits/fase6/lote-14/recurso-de-amparo-honduras-guia-completa/decision-final.json,docs,.json,910,31,6b2da2137332d002bf76abf705294f3f28eb0709ebe4dc3cb161adba3502675c,review,MANTENER_Y_REVISAR,P3,Media,,Revisión ordinaria.
docs/audits/fase6/lote-14/recurso-de-amparo-honduras-guia-completa/pasada-b.json,docs,.json,2387,72,28a461017effc68f1dbc694a515248177f40cd8966d6ac853c9a9b13bec67d61,review,MANTENER_Y_REVISAR,P3,Media,,Revisión ordinaria.
docs/audits/fase6/lote-14/recurso-de-amparo-honduras-guia-completa/pasada-a.json,docs,.json,3006,50,4261e940fe5f22c9a03cab7e04f9adfa17060e7bf9d9139ebd875bc2acaef323,review,MANTENER_Y_REVISAR,P3,Media,,Revisión ordinaria.
docs/audits/fase6/lote-14/defensa-penal-menores-edad-honduras/entrada.json,docs,.json,6456,22,c43f36f3bb549ec81164b09a7eb212817ccf1e39125d0bb00246a1aea67773d0,review,MANTENER_Y_REVISAR,P3,Media,,Revisión ordinaria.
docs/audits/fase6/lote-14/defensa-penal-menores-edad-honduras/decision-final.json,docs,.json,905,31,c749ed9793e3469112d3d0301444a912a897b0efb0d8d0f8c7276e04f95a2941,review,MANTENER_Y_REVISAR,P3,Media,,Revisión ordinaria.
docs/audits/fase6/lote-14/defensa-penal-menores-edad-honduras/pasada-b.json,docs,.json,2508,74,902685813810cfe742da1273de740b0774c5aae138523622e2b9323d78e5d17b,review,MANTENER_Y_REVISAR,P3,Media,,Revisión ordinaria.
docs/audits/fase6/lote-14/defensa-penal-menores-edad-honduras/pasada-a.json,docs,.json,2452,44,6b87493f958b721c4dd5de0347792f45db03cb83b00d6067f7d6f2c48e7d67b6,review,MANTENER_Y_REVISAR,P3,Media,,Revisión ordinaria.
docs/audits/fase6/lote-14/despido-laboral-honduras-guia-completa/entrada.json,docs,.json,8553,23,8ae05b027d92eaabbfa816ccfe7c343c119174a7a001734447e3b9b224eef9a4,review,MANTENER_Y_REVISAR,P3,Media,,Revisión ordinaria.
docs/audits/fase6/lote-14/despido-laboral-honduras-guia-completa/decision-final.json,docs,.json,908,31,a7f2a79832b22406f35af359584419a7ce83507edb35ef9db010596845cbfee9,review,MANTENER_Y_REVISAR,P3,Media,,Revisión ordinaria.
docs/audits/fase6/lote-14/despido-laboral-honduras-guia-completa/pasada-b.json,docs,.json,2059,71,2445c80f79b095951b75afe1ab1f0ae1af5f34348290b00093bf12cf0deb6ffa,review,MANTENER_Y_REVISAR,P3,Media,,Revisión ordinaria.
docs/audits/fase6/lote-14/despido-laboral-honduras-guia-completa/pasada-a.json,docs,.json,7033,98,595b45b164e97b432964f4586e63cb818f58cf3b423b9f4bee934dcf5169c34f,review,MANTENER_Y_REVISAR,P3,Media,,Revisión ordinaria.
docs/audits/fase6/lote-14/derechos-indigenas-consulta-previa-honduras/entrada.json,docs,.json,6664,22,4b120dd15f4f74a288dc93890e96e7bf3270af1bb80ddb7edb0730dfa483b0e1,review,MANTENER_Y_REVISAR,P3,Media,,Revisión ordinaria.
docs/audits/fase6/lote-14/derechos-indigenas-consulta-previa-honduras/decision-final.json,docs,.json,924,31,20697b5906f39b9eb0571e9b3b4e557e24aab4785ab8e5d6381b9e5367d1d361,review,MANTENER_Y_REVISAR,P3,Media,,Revisión ordinaria.
docs/audits/fase6/lote-14/derechos-indigenas-consulta-previa-honduras/pasada-b.json,docs,.json,2341,34,a21aa8cf9a1b7dce7b40dfff21f836d1eb77b592688ea86c20ab82683255fe4b,review,MANTENER_Y_REVISAR,P3,Media,,Revisión ordinaria.
docs/audits/fase6/lote-14/derechos-indigenas-consulta-previa-honduras/pasada-a.json,docs,.json,5187,77,32d9ab249bab7e279d2b6890d15c0873660815c18ceff0b6047cfa8610f8930a,review,MANTENER_Y_REVISAR,P3,Media,,Revisión ordinaria.
docs/audits/fase6/lote-6/riesgos-profesionales-accidentes/entrada.json,docs,.json,9864,22,785c9bf8ca6fbbd32764b2ea74102e316e0d4f2d867384732d85fb20037bbff8,review,MANTENER_Y_REVISAR,P3,Media,,Revisión ordinaria.
docs/audits/fase6/lote-6/riesgos-profesionales-accidentes/decision-final.json,docs,.json,2489,53,61dbc2350641c15b8ae9be7807a8ac044253e70bdaaa38f57c601510b0f30f0b,review,MANTENER_Y_REVISAR,P3,Media,,Revisión ordinaria.
docs/audits/fase6/lote-6/riesgos-profesionales-accidentes/pasada-b.json,docs,.json,17351,244,8a2e4c1109490e3a6f8b72172dfdca9fc116e4aef0362474b84c99490c511ac9,review,MANTENER_Y_REVISAR,P3,Media,,Revisión ordinaria.
docs/audits/fase6/lote-6/riesgos-profesionales-accidentes/pasada-a.json,docs,.json,18442,230,ffc437326c95c6b5cff361c9e51483f73939814c2b73fb5e9af680a4d47857dd,review,MANTENER_Y_REVISAR,P3,Media,,Revisión ordinaria.
docs/audits/fase6/lote-6/evaluacion-impacto-ambiental-honduras/entrada.json,docs,.json,7150,23,92fcbf8f2085fe84ef2f14ef996416961213fa24b243d1e148e3fbe738b6b7fd,review,MANTENER_Y_REVISAR,P3,Media,,Revisión ordinaria.
docs/audits/fase6/lote-6/evaluacion-impacto-ambiental-honduras/PASADA-B.json,docs,.json,11089,145,0c476176732f7b3a184d3d8da755702085cbdd9025422220b44e41dc6a093951,review,MANTENER_Y_REVISAR,P3,Media,,Revisión ordinaria.
docs/audits/fase6/lote-6/evaluacion-impacto-ambiental-honduras/decision-final.json,docs,.json,1767,44,1774e92e16b85f042b321993988bf906d8c0e2d87c9f72aa572177d64887546d,review,MANTENER_Y_REVISAR,P3,Media,,Revisión ordinaria.
docs/audits/fase6/lote-6/evaluacion-impacto-ambiental-honduras/PASADA-A.json,docs,.json,8025,77,0ca5286b7865546539cc8cbfe04a6f4185f30a69042591805ef435206dbb5e58,review,MANTENER_Y_REVISAR,P3,Media,,Revisión ordinaria.
docs/audits/fase6/lote-6/arbitraje-honduras-guia-completa/entrada.json,docs,.json,5841,23,57e7bed5446de8f24e00f2a39d272f95c15c9e17f737bfc7dc09aa8b2614eb31,review,MANTENER_Y_REVISAR,P3,Media,,Revisión ordinaria.
docs/audits/fase6/lote-6/arbitraje-honduras-guia-completa/decision-final.json,docs,.json,1676,44,0b196a6bb70a58845c973f5897847bcd9e94385f876529f34adf3f3141f2eb97,review,MANTENER_Y_REVISAR,P3,Media,,Revisión ordinaria.
docs/audits/fase6/lote-6/arbitraje-honduras-guia-completa/pasada-b.json,docs,.json,16029,219,8f46274d1e961afc3e1cd12193ebd1e043ccfa56e7d7a99e779ad65608dafd7c,review,MANTENER_Y_REVISAR,P3,Media,,Revisión ordinaria.
docs/audits/fase6/lote-6/arbitraje-honduras-guia-completa/pasada-a.json,docs,.json,13410,131,21ad28123347dca68e3f6292d8246bd542fa9c16a7237e2f06488eb300cf4d1b,review,MANTENER_Y_REVISAR,P3,Media,,Revisión ordinaria.
docs/audits/fase6/lote-6/contratos-franquicia-aspectos/entrada.json,docs,.json,8168,23,0285fc0f352c5bda242554916cfafee974f30ddd7a4c49020ea9f257fd2241e7,review,MANTENER_Y_REVISAR,P3,Media,,Revisión ordinaria.
docs/audits/fase6/lote-6/contratos-franquicia-aspectos/decision-final.json,docs,.json,2005,50,9e4b750dce4ce02f5e866ad5fbc1eab9b5c1e95c120b91aa6ff277d23ec4f37e,review,MANTENER_Y_REVISAR,P3,Media,,Revisión ordinaria.
docs/audits/fase6/lote-6/contratos-franquicia-aspectos/pasada-b.json,docs,.json,15808,208,4314a10f5e861430cd8a1c69cb4788416a5080804c7e74ed34651bf05f1cebd8,review,MANTENER_Y_REVISAR,P3,Media,,Revisión ordinaria.
docs/audits/fase6/lote-6/contratos-franquicia-aspectos/pasada-a.json,docs,.json,11103,136,845a32b505dbef5f4734fd9683959eb461c56ce621d17f631bed3bb45706be46,review,MANTENER_Y_REVISAR,P3,Media,,Revisión ordinaria.
docs/audits/fase6/lote-6/importaciones-san-lorenzo/entrada.json,docs,.json,7341,23,c9eacc656f8366383e86eba89dbe5dde2d88710786838614bd207b3f973e3a91,review,MANTENER_Y_REVISAR,P3,Media,,Revisión ordinaria.
docs/audits/fase6/lote-6/importaciones-san-lorenzo/decision-final.json,docs,.json,848,16,18ce37784ff25ebe2d9bc336f8fb4250dc899fde85153db34784eae89e862e9f,review,MANTENER_Y_REVISAR,P3,Media,,Revisión ordinaria.
docs/audits/fase6/lote-6/importaciones-san-lorenzo/pasada-b.json,docs,.json,20710,324,69c89dc33d666a8e87c266e2d2724f91edc7b6c5bca91dbbcc679057a55a6601,review,MANTENER_Y_REVISAR,P3,Media,,Revisión ordinaria.
docs/audits/fase6/lote-6/importaciones-san-lorenzo/pasada-a.json,docs,.json,14306,142,1bea3474801df4e5de98ccf88948250e49f3559d47fa12468e5087900ef30e99,review,MANTENER_Y_REVISAR,P3,Media,,Revisión ordinaria.
docs/audits/fase6/lote-6/facturacion-electronica-requisitos-sar/entrada.json,docs,.json,6169,23,15b6948454848b0f21c239b740f32192c05ec58ec545b7cfab33b77288e06849,review,MANTENER_Y_REVISAR,P3,Media,,Revisión ordinaria.
docs/audits/fase6/lote-6/facturacion-electronica-requisitos-sar/decision-final.json,docs,.json,1660,44,1fd755baf0d7143fe49978cb488dc014ba2c3551269e67a453bee94af81a140d,review,MANTENER_Y_REVISAR,P3,Media,,Revisión ordinaria.
docs/audits/fase6/lote-6/facturacion-electronica-requisitos-sar/pasada-b.json,docs,.json,15549,227,e6723d4dc4ddfaf656610d79503f83930b34b262d81184df4e01bf569371fa2f,review,MANTENER_Y_REVISAR,P3,Media,,Revisión ordinaria.
docs/audits/fase6/lote-6/facturacion-electronica-requisitos-sar/pasada-a.json,docs,.json,14227,178,1b5c4034dda96114844250b8dc3c839bbbe18a33f06fc1b5bf961c5434997ad4,review,MANTENER_Y_REVISAR,P3,Media,,Revisión ordinaria.
docs/audits/fase6/lote-6/clausulas-abusivas-contratos-como-detectar-honduras/entrada.json,docs,.json,7615,22,062ebf204f09ab9dec729689a0db97f0b09d0382033bd5031bac8ffb20b6d586,review,MANTENER_Y_REVISAR,P3,Media,,Revisión ordinaria.
docs/audits/fase6/lote-6/clausulas-abusivas-contratos-como-detectar-honduras/decision-final.json,docs,.json,1665,44,93fd5e958dcfbaf8d9df53f75c641cf01ec8edf92acd7b42e6799a0193f69a28,review,MANTENER_Y_REVISAR,P3,Media,,Revisión ordinaria.
docs/audits/fase6/lote-6/clausulas-abusivas-contratos-como-detectar-honduras/pasada-b.json,docs,.json,19740,245,33ffd31d03d6eeadf0946467e65969b120a99bacf83e091b211ac18beee71103,review,MANTENER_Y_REVISAR,P3,Media,,Revisión ordinaria.
docs/audits/fase6/lote-6/clausulas-abusivas-contratos-como-detectar-honduras/pasada-a.json,docs,.json,11147,127,91e726b5157c5e895a7c2908243a47d4d9cab183f9d6c80092d8e70dad3415b7,review,MANTENER_Y_REVISAR,P3,Media,,Revisión ordinaria.
docs/audits/fase6/lote-6/problemas-legales-familiares-honduras/entrada.json,docs,.json,8065,23,646eb7d668f064f311e0acc6ed9bd0027925f5781a787a3de8440c248553c488,review,MANTENER_Y_REVISAR,P3,Media,,Revisión ordinaria.
docs/audits/fase6/lote-6/problemas-legales-familiares-honduras/decision-final.json,docs,.json,2661,52,b76d4ee1916884f026e56437899182a253c745fb18309c34922143ef1759f0bd,review,MANTENER_Y_REVISAR,P3,Media,,Revisión ordinaria.
docs/audits/fase6/lote-6/problemas-legales-familiares-honduras/pasada-b.json,docs,.json,19388,310,61ad7b521be54d7d05362eb428e4cc6292afdb5bb253417ca933445c45f11cd1,review,MANTENER_Y_REVISAR,P3,Media,,Revisión ordinaria.
docs/audits/fase6/lote-6/problemas-legales-familiares-honduras/pasada-a.json,docs,.json,22859,257,044a65a345afb1a2438b87c3af8f005f75e2ff8cf4b42947dffdefec1ce382b9,review,MANTENER_Y_REVISAR,P3,Media,,Revisión ordinaria.
docs/audits/fase6/lote-6/como-elegir-abogado-honduras/entrada.json,docs,.json,9794,23,d8f88f0a11ee07f4ced5d03702ae534bc545488633e46403539f69ae266b7b07,review,MANTENER_Y_REVISAR,P3,Media,,Revisión ordinaria.
docs/audits/fase6/lote-6/como-elegir-abogado-honduras/decision-final.json,docs,.json,1434,21,a5cc9dcdf5a4aa576e3e8da03a87c7ea2dcd451704346044e808848714a7c77b,review,MANTENER_Y_REVISAR,P3,Media,,Revisión ordinaria.
docs/audits/fase6/lote-6/como-elegir-abogado-honduras/pasada-b.json,docs,.json,12197,188,30d00a9cd22e10d9e66130deb3b50610cf04e40e9633dcb38b3654c62c92c246,review,MANTENER_Y_REVISAR,P3,Media,,Revisión ordinaria.
docs/audits/fase6/lote-6/como-elegir-abogado-honduras/pasada-a.json,docs,.json,10138,131,91a84a4b66c29cf42d711ecd4228c598b94f071aa23cb19950deafe1b1c14f02,review,MANTENER_Y_REVISAR,P3,Media,,Revisión ordinaria.
docs/audits/fase6/lote-6/derechos-consumidor-financiero-honduras-cnbs/entrada.json,docs,.json,7705,23,b548dc6fb8da8314c629fcef4f9fa8907e17cb01354db53602f7311c1725ec83,review,MANTENER_Y_REVISAR,P3,Media,,Revisión ordinaria.
docs/audits/fase6/lote-6/derechos-consumidor-financiero-honduras-cnbs/decision-final.json,docs,.json,1682,44,b6c7cc2e5fb3a747b350ca867d2e8ff8ab185f53f5fe37fba83682a1056fc2ae,review,MANTENER_Y_REVISAR,P3,Media,,Revisión ordinaria.
docs/audits/fase6/lote-6/derechos-consumidor-financiero-honduras-cnbs/pasada-b.json,docs,.json,15906,238,c4e64e803dc8a7ba93f9b22a805147009e2a730d76e01ba9ad97eacf98b428e3,review,MANTENER_Y_REVISAR,P3,Media,,Revisión ordinaria.
docs/audits/fase6/lote-6/derechos-consumidor-financiero-honduras-cnbs/pasada-a.json,docs,.json,18281,216,c65430a3d258abe0244b95eb480b277e5a46ab20b7a8479a38c70956e02a9865,review,MANTENER_Y_REVISAR,P3,Media,,Revisión ordinaria.
docs/audits/fase6/lote-6/cobro-deudas-choluteca/entrada.json,docs,.json,8698,23,d468c0c0b802b92424b34b92272155fb5ac5a1d1f6bf9d4d15200b5231afc3c1,review,MANTENER_Y_REVISAR,P3,Media,,Revisión ordinaria.
docs/audits/fase6/lote-6/cobro-deudas-choluteca/decision-final.json,docs,.json,1605,25,eec083920a178f4e4db85142923c10501b2ec20ec22dc86eff0f38c04f676384,review,MANTENER_Y_REVISAR,P3,Media,,Revisión ordinaria.
docs/audits/fase6/lote-6/cobro-deudas-choluteca/pasada-b.json,docs,.json,8545,145,a6e28fb0effe93c073db5036163eda452b279a190708b4ddd175b12fc9189b4f,review,MANTENER_Y_REVISAR,P3,Media,,Revisión ordinaria.
docs/audits/fase6/lote-6/cobro-deudas-choluteca/pasada-a.json,docs,.json,11356,96,ab391568b31f32c9411c6396906e29756e1571ed4dc4694b683c65e364ba5ffc,review,MANTENER_Y_REVISAR,P3,Media,,Revisión ordinaria.
docs/audits/fase6/lote-6/derechos-laborales-basicos-honduras/entrada.json,docs,.json,6309,23,2a8051a6ed3c30910031390a00b444e1e5a6b32dc1ad077c653546adfb5f3c2c,review,MANTENER_Y_REVISAR,P3,Media,,Revisión ordinaria.
docs/audits/fase6/lote-6/derechos-laborales-basicos-honduras/decision-final.json,docs,.json,2786,56,6fee12ea77c0fcb8e5c287dfc6cb0745b763f597054ff93d23912869ccdb0815,review,MANTENER_Y_REVISAR,P3,Media,,Revisión ordinaria.
docs/audits/fase6/lote-6/derechos-laborales-basicos-honduras/pasada-b.json,docs,.json,28168,390,49a4095974810a0e70690213e8045c2a99043e667edd2ba87a432f78d9d06dec,review,MANTENER_Y_REVISAR,P3,Media,,Revisión ordinaria.
docs/audits/fase6/lote-6/derechos-laborales-basicos-honduras/pasada-a.json,docs,.json,19149,202,2353ceae8e3ddd033a480d43054812555e6651f8dae4404d8a2655569ff69a45,review,MANTENER_Y_REVISAR,P3,Media,,Revisión ordinaria.
docs/audits/fase6/lote-6/evaluacion-impacto-ambiental-paso-a-paso-honduras/entrada.json,docs,.json,4777,22,2b10e21630390c58d47bcf73ae303fb850c802d0c672cd9810b68cafa5ed176d,review,MANTENER_Y_REVISAR,P3,Media,,Revisión ordinaria.
docs/audits/fase6/lote-6/evaluacion-impacto-ambiental-paso-a-paso-honduras/decision-final.json,docs,.json,1732,44,11fc34a8b6a289503b314468523a684707ed0c46e3ebe7feae81f3e93079b406,review,MANTENER_Y_REVISAR,P3,Media,,Revisión ordinaria.
docs/audits/fase6/lote-6/evaluacion-impacto-ambiental-paso-a-paso-honduras/pasada-b.json,docs,.json,22516,281,4b4f243ec1e7c6d636ffbd053133518c80c57002f2ba899460009230fa041123,review,MANTENER_Y_REVISAR,P3,Media,,Revisión ordinaria.
docs/audits/fase6/lote-6/evaluacion-impacto-ambiental-paso-a-paso-honduras/pasada-a.json,docs,.json,15960,174,c0c3aabffe8e1e9dcb5c8fdfd675194f467a136db33661e5b0bfebc9e4e38684,review,MANTENER_Y_REVISAR,P3,Media,,Revisión ordinaria.
docs/audits/fase6/lote-6/isv-impuesto-venta-tasas-obligaciones-honduras/entrada.json,docs,.json,8616,22,bab53911d73f86a7234cd216f6a13ffd295f3cb15a6d82946c292704223dd1d3,review,MANTENER_Y_REVISAR,P3,Media,,Revisión ordinaria.
docs/audits/fase6/lote-6/isv-impuesto-venta-tasas-obligaciones-honduras/decision-final.json,docs,.json,1683,44,dfc4a3bcd176ed5c5d2eec30a4f68dc733b443650d9f3a5910cca2517eeaca0c,review,MANTENER_Y_REVISAR,P3,Media,,Revisión ordinaria.
docs/audits/fase6/lote-6/isv-impuesto-venta-tasas-obligaciones-honduras/pasada-b.json,docs,.json,10541,220,a424a3f8b5e655d48f0b2e3a0933e74465c9e6fff0c084292b731540c5c839cc,review,MANTENER_Y_REVISAR,P3,Media,,Revisión ordinaria.
docs/audits/fase6/lote-6/isv-impuesto-venta-tasas-obligaciones-honduras/pasada-a.json,docs,.json,12571,192,1871fac0369e36c4ce67575d3072078fc55b042f92e333f1cefb764183d60925,review,MANTENER_Y_REVISAR,P3,Media,,Revisión ordinaria.
docs/audits/fase6/lote-6/poder-notarial-honduras-tipos-requisitos/entrada.json,docs,.json,8832,23,bd3a33acb7276222fc5ee7d72abbbc3f81ddaeee41bc007a78e2fa69664d4e8a,review,MANTENER_Y_REVISAR,P3,Media,,Revisión ordinaria.
docs/audits/fase6/lote-6/poder-notarial-honduras-tipos-requisitos/decision-final.json,docs,.json,2818,56,967c9093e332657fc7db248d5f3602871ba4f91f73293398677d84d7d1c5b138,review,MANTENER_Y_REVISAR,P3,Media,,Revisión ordinaria.
docs/audits/fase6/lote-6/poder-notarial-honduras-tipos-requisitos/pasada-b.json,docs,.json,15700,319,1cb011d10704d8eb9d6baeb97d15418ade2bfdada0881efdce13c9981a1dbac7,review,MANTENER_Y_REVISAR,P3,Media,,Revisión ordinaria.
docs/audits/fase6/lote-6/poder-notarial-honduras-tipos-requisitos/pasada-a.json,docs,.json,15858,218,47a6a7d33ab23479bb7dde66d92fbce0c04406c7a32ed05206d5147c955f9787,review,MANTENER_Y_REVISAR,P3,Media,,Revisión ordinaria.
docs/audits/fase6/lote-5/mediacion-familiar-cuando-funciona-honduras/entrada.json,docs,.json,7683,22,e2d6ca9d5fd141fcb0264b9b88dd8e1a41c960b1622f8492a4dfe691cd4ba5ff,review,MANTENER_Y_REVISAR,P3,Media,,Revisión ordinaria.
docs/audits/fase6/lote-5/mediacion-familiar-cuando-funciona-honduras/decision-final.json,docs,.json,6887,68,9225c9cd3ef65c55725a9b5f136528cee11527483e8356f25170467a2f2da2e6,review,MANTENER_Y_REVISAR,P3,Media,,Revisión ordinaria.
docs/audits/fase6/lote-5/mediacion-familiar-cuando-funciona-honduras/pasada-b.json,docs,.json,26021,297,dc638dd03d030b65e85312ec4c28c3cd54c02877228aefac5d8c5eb38cd8623b,review,MANTENER_Y_REVISAR,P3,Media,,Revisión ordinaria.
docs/audits/fase6/lote-5/mediacion-familiar-cuando-funciona-honduras/pasada-a.json,docs,.json,17012,208,6f77f330eb3a6b0f34eb838245b7b31e740ea22dad534a64a72c17429b9cad72,review,MANTENER_Y_REVISAR,P3,Media,,Revisión ordinaria.
docs/audits/fase6/lote-5/proteccion-marcas-competencia-desleal/entrada.json,docs,.json,7386,22,216cbcd217ca3b6995a6a6179a3fabc12fe12ca2568609464c9a3e5cc8f4da3b,review,MANTENER_Y_REVISAR,P3,Media,,Revisión ordinaria.
docs/audits/fase6/lote-5/proteccion-marcas-competencia-desleal/decision-final.json,docs,.json,10790,70,2553206e42810fdce1d412429e164e7fd80f697b94716609b1270afae15d85c7,review,MANTENER_Y_REVISAR,P3,Media,,Revisión ordinaria.
docs/audits/fase6/lote-5/proteccion-marcas-competencia-desleal/pasada-b.json,docs,.json,16117,183,9aa22dc31c792002f2208b1ffa71b99295843a59372f7dee44e29d0e23895d19,review,MANTENER_Y_REVISAR,P3,Media,,Revisión ordinaria.
docs/audits/fase6/lote-5/proteccion-marcas-competencia-desleal/pasada-a.json,docs,.json,15593,231,9b46a409a7390e5d0d5af09114499d040bc445ae5770ee0f11497eb44dc26107,review,MANTENER_Y_REVISAR,P3,Media,,Revisión ordinaria.
docs/audits/fase6/lote-5/mediacion-vs-juicio-cual-elegir/entrada.json,docs,.json,7353,26,0ac6384c4a204d0cd6d6effadbf71db0f6e7c5c922e6a348e85e9b005ef7c429,review,MANTENER_Y_REVISAR,P3,Media,,Revisión ordinaria.
docs/audits/fase6/lote-5/mediacion-vs-juicio-cual-elegir/decision-final.json,docs,.json,6194,60,3f8009b69f07ed9898abea993ecf71155597cb28c59de1d5167f526a26c8ae19,review,MANTENER_Y_REVISAR,P3,Media,,Revisión ordinaria.
docs/audits/fase6/lote-5/mediacion-vs-juicio-cual-elegir/pasada-b.json,docs,.json,27903,351,92b94ef5f22c5eb0cc21a93aa7cdcf21f6d72051428ff3722196b07b36359fce,review,MANTENER_Y_REVISAR,P3,Media,,Revisión ordinaria.
docs/audits/fase6/lote-5/mediacion-vs-juicio-cual-elegir/pasada-a.json,docs,.json,20727,308,0bd6cd49b061b44e1fe05c73e52a68126c7975bfc52341ad45c481cf0c58b87c,review,MANTENER_Y_REVISAR,P3,Media,,Revisión ordinaria.
docs/audits/fase6/lote-5/ejecucion-hipotecaria-honduras-que-hacer/entrada.json,docs,.json,5889,23,ff31dabeff0cf503097bba9089c5c73468b585023d521ea46360c0d4506826a3,review,MANTENER_Y_REVISAR,P3,Media,,Revisión ordinaria.
docs/audits/fase6/lote-5/ejecucion-hipotecaria-honduras-que-hacer/decision-final.json,docs,.json,6611,57,50a5b7b527fa7f308babb082afa3cd68d4ba396aee6ba6808fc033d1a43b046f,review,MANTENER_Y_REVISAR,P3,Media,,Revisión ordinaria.
docs/audits/fase6/lote-5/ejecucion-hipotecaria-honduras-que-hacer/pasada-b.json,docs,.json,32049,414,bf9bf6b209755387f6f11a2fe4027f8d2845082ea1055e0ff4b3983774d65fb1,review,MANTENER_Y_REVISAR,P3,Media,,Revisión ordinaria.
docs/audits/fase6/lote-5/ejecucion-hipotecaria-honduras-que-hacer/pasada-a.json,docs,.json,26526,429,ca0605b900af901926acd0ea3a01f69d973dfe4a770024760661881f5a61b086,review,MANTENER_Y_REVISAR,P3,Media,,Revisión ordinaria.
docs/audits/fase6/lote-5/visas-inversion-rentista-pensionado/entrada.json,docs,.json,6628,23,a380528ba9ac3fe4242c4c4448a1a27fb57f617b68c1b3dbd63f4114a741d2a9,review,MANTENER_Y_REVISAR,P3,Media,,Revisión ordinaria.
docs/audits/fase6/lote-5/visas-inversion-rentista-pensionado/decision-final.json,docs,.json,7199,68,748280fba9f3e521b957d303fc745ff1c8a79a3fed9260c5608e7efcdb9d8341,review,MANTENER_Y_REVISAR,P3,Media,,Revisión ordinaria.
docs/audits/fase6/lote-5/visas-inversion-rentista-pensionado/pasada-b.json,docs,.json,32171,451,a605b92b6996ecbd760c1126600b36152bf6453ff8dffa3c5686543fe10e8bb4,review,MANTENER_Y_REVISAR,P3,Media,,Revisión ordinaria.
docs/audits/fase6/lote-5/visas-inversion-rentista-pensionado/pasada-a.json,docs,.json,15175,229,211da79fe559e52752fbc61e46ca9ef81629c98b34c9e51d4b815e47c14f370a,review,MANTENER_Y_REVISAR,P3,Media,,Revisión ordinaria.
docs/audits/fase6/lote-5/refugio-asilo-solicitarlo/entrada.json,docs,.json,5888,24,df01bd43778a4e33ac2a73fc12f6655f4b7e2e0921cb59e5c9a679e439189930,review,MANTENER_Y_REVISAR,P3,Media,,Revisión ordinaria.
docs/audits/fase6/lote-5/refugio-asilo-solicitarlo/decision-final.json,docs,.json,6483,62,69e41439cc6e2c9f2979b99d75ff3d77f1025e8eb341dc0b11779022af31adcd,review,MANTENER_Y_REVISAR,P3,Media,,Revisión ordinaria.
docs/audits/fase6/lote-5/refugio-asilo-solicitarlo/pasada-b.json,docs,.json,19140,263,2de14f310f748a192cc0e3805a7562a7c2886ddcfe3b82c35cc68b421eb69df5,review,MANTENER_Y_REVISAR,P3,Media,,Revisión ordinaria.
docs/audits/fase6/lote-5/refugio-asilo-solicitarlo/pasada-a.json,docs,.json,11577,132,9eb185aef18bf8ece99b57681f72b70ff0767217f1ab456d8e1daa6b6f64c8a5,review,MANTENER_Y_REVISAR,P3,Media,,Revisión ordinaria.
docs/audits/fase6/lote-5/derechos-de-autor-proteccion-registro-honduras/entrada.json,docs,.json,7717,22,4c6d17f7397c2780c6de5d671f3012688043941a1df4fe0cf66f9b498d01f061,review,MANTENER_Y_REVISAR,P3,Media,,Revisión ordinaria.
docs/audits/fase6/lote-5/derechos-de-autor-proteccion-registro-honduras/decision-final.json,docs,.json,3587,52,9fa6a667d5ad6d11677311afc8bbc6e4b03bccc79e973c0cafb89dec68a1e9a0,review,MANTENER_Y_REVISAR,P3,Media,,Revisión ordinaria.
docs/audits/fase6/lote-5/derechos-de-autor-proteccion-registro-honduras/pasada-b.json,docs,.json,18829,248,c8511d19387be36a2f8ddf21d686e09f2c56f39a6c89072b26e041448616ab5e,review,MANTENER_Y_REVISAR,P3,Media,,Revisión ordinaria.
docs/audits/fase6/lote-5/derechos-de-autor-proteccion-registro-honduras/pasada-a.json,docs,.json,8225,116,66a9921cacceb4b1327fceaa72d8de76d1c600207db4a89b9b4067fd7c12008e,review,MANTENER_Y_REVISAR,P3,Media,,Revisión ordinaria.
docs/audits/fase6/lote-5/guarda-custodia-menores-tipos-honduras/entrada.json,docs,.json,4239,23,7c4fe4b00f68e61a2f996dc12fabe16dda52bb0214b43949602a2720246a0574,review,MANTENER_Y_REVISAR,P3,Media,,Revisión ordinaria.
docs/audits/fase6/lote-5/guarda-custodia-menores-tipos-honduras/decision-final.json,docs,.json,6182,65,460de44e3e4bc0032a18b637e3ee491508709348470702160b3402bb7f30d704,review,MANTENER_Y_REVISAR,P3,Media,,Revisión ordinaria.
docs/audits/fase6/lote-5/guarda-custodia-menores-tipos-honduras/pasada-b.json,docs,.json,36507,442,f64ef297d9d3ab5d831531fef0e69f17a9f011b4e4aecf5e90fbd036e66eec5b,review,MANTENER_Y_REVISAR,P3,Media,,Revisión ordinaria.
docs/audits/fase6/lote-5/guarda-custodia-menores-tipos-honduras/pasada-a.json,docs,.json,14221,105,b451639f28e65f902abda177f7f738cf65ff662bc27f1c3d12a77321f6110b48,review,MANTENER_Y_REVISAR,P3,Media,,Revisión ordinaria.
docs/audits/fase6/lote-5/pension-alimenticia-calcular-reclamar-honduras/entrada.json,docs,.json,7175,22,8a94b7d7eee73802eda58bf8e058e10719661fe2fcc5e19ea6fe2b87867a22e5,review,MANTENER_Y_REVISAR,P3,Media,,Revisión ordinaria.
docs/audits/fase6/lote-5/pension-alimenticia-calcular-reclamar-honduras/decision-final.json,docs,.json,5191,63,9688dd2961dd5a327a7ef347e2282253e45e45d3ad44a10e4d5fef4638425685,review,MANTENER_Y_REVISAR,P3,Media,,Revisión ordinaria.
docs/audits/fase6/lote-5/pension-alimenticia-calcular-reclamar-honduras/pasada-b.json,docs,.json,13520,172,db01419fc59c025313ccc70e6fd72c514816302d5a8ddc95e5194a957c508f8f,review,MANTENER_Y_REVISAR,P3,Media,,Revisión ordinaria.
docs/audits/fase6/lote-5/pension-alimenticia-calcular-reclamar-honduras/pasada-a.json,docs,.json,23859,416,d81bb4edd054730d3e67c5d5f5d621cb83d03b52c39d7e9a2e1fe4d848955fdd,review,MANTENER_Y_REVISAR,P3,Media,,Revisión ordinaria.
docs/audits/fase6/lote-5/incumplimiento-contrato-comercial-honduras/entrada.json,docs,.json,7520,22,5e716fa785198c57e0e66b4f907f9b4004ee11bd4525423d9d1b63237684e615,review,MANTENER_Y_REVISAR,P3,Media,,Revisión ordinaria.
docs/audits/fase6/lote-5/incumplimiento-contrato-comercial-honduras/decision-final.json,docs,.json,4460,55,366d5550a1992518780d7968ed12a9bb998866c195a610026a995cab9af49bbf,review,MANTENER_Y_REVISAR,P3,Media,,Revisión ordinaria.
docs/audits/fase6/lote-5/incumplimiento-contrato-comercial-honduras/pasada-b.json,docs,.json,10562,102,740e7146f974138e8c01c09fcc92081032fcaa027a7af524f94e3ee85e285115,review,MANTENER_Y_REVISAR,P3,Media,,Revisión ordinaria.
docs/audits/fase6/lote-5/incumplimiento-contrato-comercial-honduras/pasada-a.json,docs,.json,10411,149,4bfb0afdb49bcbf4ca7c01c0b7aa99d423bb765290476eb6d7d6da1fc6112eb0,review,MANTENER_Y_REVISAR,P3,Media,,Revisión ordinaria.
docs/audits/fase6/lote-5/despido-laboral-honduras-derechos/entrada.json,docs,.json,9759,23,c6627eacea4af9b71a64399ab1a11267bb39f9d0117664400ae705f1709a0c9a,review,MANTENER_Y_REVISAR,P3,Media,,Revisión ordinaria.
docs/audits/fase6/lote-5/despido-laboral-honduras-derechos/decision-final.json,docs,.json,5113,59,667bdb0d528fae772110c3ac0a218650bc6d8d7202aa6c5ee9dd5afe0f296a63,review,MANTENER_Y_REVISAR,P3,Media,,Revisión ordinaria.
docs/audits/fase6/lote-5/despido-laboral-honduras-derechos/pasada-b.json,docs,.json,27090,424,af235b09c1bba2887ffb7ee3abbdbca017ac8ffad0836cf8fb618f3919159024,review,MANTENER_Y_REVISAR,P3,Media,,Revisión ordinaria.
docs/audits/fase6/lote-5/despido-laboral-honduras-derechos/pasada-a.json,docs,.json,13932,156,989a80039bdc79f444c801d075b64fc93e04c659b53a4256e51eda4c2b112b3d,review,MANTENER_Y_REVISAR,P3,Media,,Revisión ordinaria.
docs/audits/fase6/lote-5/impuestos-pequenas-empresas-guia-basica-honduras/entrada.json,docs,.json,6501,22,10aad1ae5fe2d4810fc803ae389989af2d866a838ef65a5e3b1078a647087c51,review,MANTENER_Y_REVISAR,P3,Media,,Revisión ordinaria.
docs/audits/fase6/lote-5/impuestos-pequenas-empresas-guia-basica-honduras/decision-final.json,docs,.json,5326,62,321b55e562e5a544c5f1531d2e5f0e2a9465d28a3423d1e73cbb1539573398f7,review,MANTENER_Y_REVISAR,P3,Media,,Revisión ordinaria.
docs/audits/fase6/lote-5/impuestos-pequenas-empresas-guia-basica-honduras/pasada-b.json,docs,.json,37790,563,254789a18e50bfbbe3dfc737c6f53e7c7d08117aafae74329281b21266095d0d,review,MANTENER_Y_REVISAR,P3,Media,,Revisión ordinaria.
docs/audits/fase6/lote-5/impuestos-pequenas-empresas-guia-basica-honduras/pasada-a.json,docs,.json,16438,191,5a6666e63c3e5e4415708b05aec511363cdf181340c4450960b47a060e659f74,review,MANTENER_Y_REVISAR,P3,Media,,Revisión ordinaria.
docs/audits/fase6/lote-5/impuesto-renta-guia-personas-fisicas-honduras/entrada.json,docs,.json,6914,22,75187dca4d96c47421a0d58b89b938a95595c5e41c83eae4f7d87d585b16107e,review,MANTENER_Y_REVISAR,P3,Media,,Revisión ordinaria.
docs/audits/fase6/lote-5/impuesto-renta-guia-personas-fisicas-honduras/decision-final.json,docs,.json,5845,65,a894f5c919fef61775823e4dcc9fd9d6032034740ef949a5f74e9a97e2eb3209,review,MANTENER_Y_REVISAR,P3,Media,,Revisión ordinaria.
docs/audits/fase6/lote-5/impuesto-renta-guia-personas-fisicas-honduras/pasada-b.json,docs,.json,43894,485,587fbd1e892244e8d112cf9677cd4ceaedee25eaa2e4a3dbcbda41fa00631177,review,MANTENER_Y_REVISAR,P3,Media,,Revisión ordinaria.
docs/audits/fase6/lote-5/impuesto-renta-guia-personas-fisicas-honduras/pasada-a.json,docs,.json,39794,613,04fdb65e28c707586c591bc4f7c6356458822f6479d8c9b621941b7ee8561b91,review,MANTENER_Y_REVISAR,P3,Media,,Revisión ordinaria.
docs/audits/fase6/lote-5/sobreseimiento-definitivo-provisional/entrada.json,docs,.json,7220,23,486c9d672c3d38fd7aa7cd2b5a0e3d1410508f8f16e579ea057f2cde18117b73,review,MANTENER_Y_REVISAR,P3,Media,,Revisión ordinaria.
docs/audits/fase6/lote-5/sobreseimiento-definitivo-provisional/decision-final.json,docs,.json,8445,70,4487319751b3e94c2a98a2ffb14ac21ee75349f19728171630f3e29b557500cc,review,MANTENER_Y_REVISAR,P3,Media,,Revisión ordinaria.
docs/audits/fase6/lote-5/sobreseimiento-definitivo-provisional/pasada-b.json,docs,.json,25767,328,c3fa2d90d3d6c3aee188837404f964127a78d09c66ed48dd704076ab63a02e30,review,MANTENER_Y_REVISAR,P3,Media,,Revisión ordinaria.
docs/audits/fase6/lote-5/sobreseimiento-definitivo-provisional/pasada-a.json,docs,.json,15152,297,da621b7b57a407ae8fb283cc49cc88f770b75528b07f33f7d7873431644658cd,review,MANTENER_Y_REVISAR,P3,Media,,Revisión ordinaria.
docs/audits/fase6/lote-5/testamentos-sucesiones-herencia-honduras/entrada.json,docs,.json,6743,22,5ef66f750b66b7d56f032a3ffba9d7dbf6cda9d573bd367d59a980e7566509f1,review,MANTENER_Y_REVISAR,P3,Media,,Revisión ordinaria.
docs/audits/fase6/lote-5/testamentos-sucesiones-herencia-honduras/decision-final.json,docs,.json,8422,75,663b37464ede47ce0be5470f4ba8260d428ec842e6b6ba4f033e07cd502b3276,review,MANTENER_Y_REVISAR,P3,Media,,Revisión ordinaria.
docs/audits/fase6/lote-5/testamentos-sucesiones-herencia-honduras/pasada-b.json,docs,.json,29988,235,658e8afe50aadb0fb9fea63ed755d014e1988ec85a4479bf7b029b7bf061334b,review,MANTENER_Y_REVISAR,P3,Media,,Revisión ordinaria.
docs/audits/fase6/lote-5/testamentos-sucesiones-herencia-honduras/pasada-a.json,docs,.json,22407,283,c106ae91f8c238b861bb9dd61f645825a855a5ebb5bac034845cfe1f9c2c456d,review,MANTENER_Y_REVISAR,P3,Media,,Revisión ordinaria.
docs/audits/fase6/lote-10/contratos-confidencialidad-nda-secreto-comercial-honduras/entrada.json,docs,.json,8529,23,6039c35f3d6a2965d90121b1d3c529c282db1be21cb4b44e2ade11080c521278,review,MANTENER_Y_REVISAR,P3,Media,,Revisión ordinaria.
docs/audits/fase6/lote-10/contratos-confidencialidad-nda-secreto-comercial-honduras/decision-final.json,docs,.json,1299,42,7ff1e8d5e110a05a47054b11e15b51f8126c6478adfee6558b846f0090283d3a,review,MANTENER_Y_REVISAR,P3,Media,,Revisión ordinaria.
docs/audits/fase6/lote-10/contratos-confidencialidad-nda-secreto-comercial-honduras/pasada-b.json,docs,.json,8401,137,7941ecec80e0885da2f08c3af2f5f20c2c8602219e16fb48edce07bf9daeb65d,review,MANTENER_Y_REVISAR,P3,Media,,Revisión ordinaria.
docs/audits/fase6/lote-10/contratos-confidencialidad-nda-secreto-comercial-honduras/pasada-a.json,docs,.json,13404,181,062b2b1fffc6f0fcf3b8645ba43f7b28e90a0f25d3324f92df404bfe9358a656,review,MANTENER_Y_REVISAR,P3,Media,,Revisión ordinaria.
docs/audits/fase6/lote-10/empleador-no-paga-salario-honduras/entrada.json,docs,.json,6825,22,a760957f6f1787273b4748a44398e7554877257a10eca7746442ef45e6cd09db,review,MANTENER_Y_REVISAR,P3,Media,,Revisión ordinaria.
docs/audits/fase6/lote-10/empleador-no-paga-salario-honduras/decision-final.json,docs,.json,1276,42,ce378d5b6b4fb0ba8d029e8c45780cc6222ff1fdb825c77904ef4bd2389f7063,review,MANTENER_Y_REVISAR,P3,Media,,Revisión ordinaria.
docs/audits/fase6/lote-10/empleador-no-paga-salario-honduras/pasada-b.json,docs,.json,6974,138,7a8dd1d0629ebbbd26d7d137ba87938b02c63a308d52bd862b8448488c01f2c1,review,MANTENER_Y_REVISAR,P3,Media,,Revisión ordinaria.
docs/audits/fase6/lote-10/empleador-no-paga-salario-honduras/pasada-a.json,docs,.json,7308,101,c1541b3dab2569c84ae19f41bc25a0ed8ae608bdb774179e35972edd368c9969,review,MANTENER_Y_REVISAR,P3,Media,,Revisión ordinaria.
docs/audits/fase6/lote-10/preguntas-frecuentes-antes-contratar-abogado-honduras/entrada.json,docs,.json,9456,22,878c23451a8480ae05ce2fdae6e7e9f534062691441e5d236062eee192f2fca8,review,MANTENER_Y_REVISAR,P3,Media,,Revisión ordinaria.
docs/audits/fase6/lote-10/preguntas-frecuentes-antes-contratar-abogado-honduras/decision-final.json,docs,.json,1295,42,b5d06a1fd0dc6f73783af1cf06fcc455dc95a2e1bbf83400e6257bbf97b5b9e8,review,MANTENER_Y_REVISAR,P3,Media,,Revisión ordinaria.
docs/audits/fase6/lote-10/preguntas-frecuentes-antes-contratar-abogado-honduras/pasada-b.json,docs,.json,4256,94,cd68775d12278879bdab1aeaa02340adc060e1436df1642ffa909aac0ca42a18,review,MANTENER_Y_REVISAR,P3,Media,,Revisión ordinaria.
docs/audits/fase6/lote-10/preguntas-frecuentes-antes-contratar-abogado-honduras/pasada-a.json,docs,.json,4969,80,bc64070a7e78f8d078bdc7c0b51f374df9ecbf906213e143d8e066e7f98870bd,review,MANTENER_Y_REVISAR,P3,Media,,Revisión ordinaria.
docs/audits/fase6/lote-10/como-elegir-buen-abogado-guia-practica-honduras/entrada.json,docs,.json,6678,22,3996a460c607484b12cbed0dcdd0194907024990300eab985f6b7059058746fa,review,MANTENER_Y_REVISAR,P3,Media,,Revisión ordinaria.
docs/audits/fase6/lote-10/como-elegir-buen-abogado-guia-practica-honduras/decision-final.json,docs,.json,440,14,445a0ec79a518e00612105780bf701cee5ef9b1decbd61897e554317f4187312,review,MANTENER_Y_REVISAR,P3,Media,,Revisión ordinaria.
docs/audits/fase6/lote-10/como-elegir-buen-abogado-guia-practica-honduras/pasada-b.json,docs,.json,5479,116,5d7e083e93f0dc2ce80faec6fed7aa8d47def65a50eb967ce56f15c961b17033,review,MANTENER_Y_REVISAR,P3,Media,,Revisión ordinaria.
docs/audits/fase6/lote-10/como-elegir-buen-abogado-guia-practica-honduras/pasada-a.json,docs,.json,9628,149,7cdd58afefc5d1c87e45580748ad174c3b8a27de885b6598293b72d6a119bdef,review,MANTENER_Y_REVISAR,P3,Media,,Revisión ordinaria.
docs/audits/fase6/lote-10/libertad-expresion-redes-sociales-honduras/entrada.json,docs,.json,7786,23,3bdaa4dd1cb465e8f10500cc79d3b3e5d8ecf9e2549fe21ae64684f10a8f1ef8,review,MANTENER_Y_REVISAR,P3,Media,,Revisión ordinaria.
docs/audits/fase6/lote-10/libertad-expresion-redes-sociales-honduras/decision-final.json,docs,.json,1284,42,9be8659d94d40ba7e05b000f1a79bd7159c873db927ef35c14bf0f8e597d748a,review,MANTENER_Y_REVISAR,P3,Media,,Revisión ordinaria.
docs/audits/fase6/lote-10/libertad-expresion-redes-sociales-honduras/pasada-b.json,docs,.json,5826,125,ea3cef654492629dcbdf159873fcbd1d1d94f21b2a9f196f9748f96e2af953f0,review,MANTENER_Y_REVISAR,P3,Media,,Revisión ordinaria.
docs/audits/fase6/lote-10/libertad-expresion-redes-sociales-honduras/pasada-a.json,docs,.json,8164,125,c1b154dd75dfc5e02279d97f901e85e586cede96cf1a720c63e5e3512bb3af67,review,MANTENER_Y_REVISAR,P3,Media,,Revisión ordinaria.
docs/audits/fase6/lote-10/permiso-trabajo-extranjeros-honduras/entrada.json,docs,.json,8001,22,05b0b2af4a8aa23b553fce4403435bffff1c8e0be97aada2c14dff318bfe3f4d,review,MANTENER_Y_REVISAR,P3,Media,,Revisión ordinaria.
docs/audits/fase6/lote-10/permiso-trabajo-extranjeros-honduras/decision-final.json,docs,.json,1278,42,328ce4a4498e73c656f23dd5d533f673ab37543d39102ed2aa2c2d4e67a0ec02,review,MANTENER_Y_REVISAR,P3,Media,,Revisión ordinaria.
docs/audits/fase6/lote-10/permiso-trabajo-extranjeros-honduras/pasada-b.json,docs,.json,5007,105,a46a36f3b962043a35ff0411c6567ea1588ff4579590a2378feab3d4f594aaca,review,MANTENER_Y_REVISAR,P3,Media,,Revisión ordinaria.
docs/audits/fase6/lote-10/permiso-trabajo-extranjeros-honduras/pasada-a.json,docs,.json,7176,125,8f7717fec7e49500171abb245dd4d90c845c7f97a092e57d721ff8a76f007510,review,MANTENER_Y_REVISAR,P3,Media,,Revisión ordinaria.
docs/audits/fase6/lote-10/poder-desde-espana-para-tramites-honduras/entrada.json,docs,.json,8912,22,d22da800fb3c9acb63b7a92ac6b40b0fb351c9fc15c2b963204f0b72f20beda3,review,MANTENER_Y_REVISAR,P3,Media,,Revisión ordinaria.
docs/audits/fase6/lote-10/poder-desde-espana-para-tramites-honduras/decision-final.json,docs,.json,1283,42,c84bde82b24f7485d2f26278d11a09cf85e7a3223144e9d891fb5654a50ce346,review,MANTENER_Y_REVISAR,P3,Media,,Revisión ordinaria.
docs/audits/fase6/lote-10/poder-desde-espana-para-tramites-honduras/pasada-b.json,docs,.json,4917,100,a4f50b569451875163a9b656af6f5685ea8803dfb48e24fba11959b2e1db29cb,review,MANTENER_Y_REVISAR,P3,Media,,Revisión ordinaria.
docs/audits/fase6/lote-10/poder-desde-espana-para-tramites-honduras/pasada-a.json,docs,.json,5317,98,f6e881e9e02555c7a9a2ca7f447e327c34b108077f6a73605b66afdc3aa911a6,review,MANTENER_Y_REVISAR,P3,Media,,Revisión ordinaria.
docs/audits/fase6/lote-10/errores-contratos-civiles-honduras/entrada.json,docs,.json,7782,23,aa6ec2a33fda510dc2f2c1266836c45d2aa575b889be5b81a081e7d7b7d27e16,review,MANTENER_Y_REVISAR,P3,Media,,Revisión ordinaria.
docs/audits/fase6/lote-10/errores-contratos-civiles-honduras/decision-final.json,docs,.json,1276,42,3c19b3a0568c4bdde408ede7d1bc5f089bfba05dc06b2cf7be22e6ef6cf57fff,review,MANTENER_Y_REVISAR,P3,Media,,Revisión ordinaria.
docs/audits/fase6/lote-10/errores-contratos-civiles-honduras/pasada-b.json,docs,.json,5804,118,c97ecabf96659346b3f6a0154ed06caf8e9692afee0ed9aaf9fd5df07ac59c79,review,MANTENER_Y_REVISAR,P3,Media,,Revisión ordinaria.
docs/audits/fase6/lote-10/errores-contratos-civiles-honduras/pasada-a.json,docs,.json,5758,87,f09ca1005bd4c171f08c613b1884c12e66926f6848a53d6d8d7f0d0304debec2,review,MANTENER_Y_REVISAR,P3,Media,,Revisión ordinaria.
docs/audits/fase6/lote-10/accidente-transito-choluteca/entrada.json,docs,.json,9224,23,8db534321fa3bc6333115ea01c5a6d62efc9d25858283b34e75aa71cf1ea0f27,review,MANTENER_Y_REVISAR,P3,Media,,Revisión ordinaria.
docs/audits/fase6/lote-10/accidente-transito-choluteca/decision-final.json,docs,.json,421,14,cfea73eb755396229e963c3eb7f3b93d2d5496ad51159e1861a015678a9bf62b,review,MANTENER_Y_REVISAR,P3,Media,,Revisión ordinaria.
docs/audits/fase6/lote-10/accidente-transito-choluteca/pasada-b.json,docs,.json,6284,122,db21a279b2aa23108870f0996abfe5aaf39bf9933dd4b7c30644fd94539e31c7,review,MANTENER_Y_REVISAR,P3,Media,,Revisión ordinaria.
docs/audits/fase6/lote-10/accidente-transito-choluteca/pasada-a.json,docs,.json,5879,83,e01b7d4ca21d1c95153370ebed2ca59b5d65ca3a08a9e9b2f351acc3324c8564,review,MANTENER_Y_REVISAR,P3,Media,,Revisión ordinaria.
docs/audits/fase6/lote-10/demanda-laboral-choluteca/entrada.json,docs,.json,9153,23,d60e6a7dadd4cad11bbf6a06b06810f7a24bf660e19d20f8b95631713a7d4b78,review,MANTENER_Y_REVISAR,P3,Media,,Revisión ordinaria.
docs/audits/fase6/lote-10/demanda-laboral-choluteca/decision-final.json,docs,.json,418,14,aecdc275200df972c4a26211b0c9f2435862b35c2d8d79e9090f1f24416b027d,review,MANTENER_Y_REVISAR,P3,Media,,Revisión ordinaria.
docs/audits/fase6/lote-10/demanda-laboral-choluteca/pasada-b.json,docs,.json,8704,162,752aa635be2d6e6bf16154503ccedfa09a9c6e7f7a1abcc66c031df18e800f40,review,MANTENER_Y_REVISAR,P3,Media,,Revisión ordinaria.
docs/audits/fase6/lote-10/demanda-laboral-choluteca/pasada-a.json,docs,.json,10639,149,4d14e93f3394f7b8669c59af14fd23d2ae51d5da503f5cbdd5cb94424441d4dc,review,MANTENER_Y_REVISAR,P3,Media,,Revisión ordinaria.
docs/audits/fase6/lote-10/como-obtener-rtn-personas-empresas-honduras/entrada.json,docs,.json,5980,23,697067d8a8383a78a23ad8fc6640ccfac9fd1a2169ca4989037f140e6b17302a,review,MANTENER_Y_REVISAR,P3,Media,,Revisión ordinaria.
docs/audits/fase6/lote-10/como-obtener-rtn-personas-empresas-honduras/decision-final.json,docs,.json,1285,42,c612524756188b5bec38d62ddd38993de40c7dd056d2bdf9f8d163bf17e1b576,review,MANTENER_Y_REVISAR,P3,Media,,Revisión ordinaria.
docs/audits/fase6/lote-10/como-obtener-rtn-personas-empresas-honduras/pasada-b.json,docs,.json,5999,126,6d53303e50a97ce09a150867e92a61ec46c5aab3710c45dbb76438ee05ff0f59,review,MANTENER_Y_REVISAR,P3,Media,,Revisión ordinaria.
docs/audits/fase6/lote-10/como-obtener-rtn-personas-empresas-honduras/pasada-a.json,docs,.json,8980,141,89225ac4b84bd656d7dc4c3bdf2ebd2f25c2a6debdbe3dc31bdebd75a7246831,review,MANTENER_Y_REVISAR,P3,Media,,Revisión ordinaria.
docs/audits/fase6/lote-10/proceso-consulta-legal-pineda/entrada.json,docs,.json,7037,22,5b9803f94ea71dd0216e889bcf5c22dd777de819dae1ea477c24f5f64a939388,review,MANTENER_Y_REVISAR,P3,Media,,Revisión ordinaria.
docs/audits/fase6/lote-10/proceso-consulta-legal-pineda/decision-final.json,docs,.json,1271,42,76ffb6f08cd4d1831d2cb9dd8c44583287946affad33b6d64c59b6b898f6d821,review,MANTENER_Y_REVISAR,P3,Media,,Revisión ordinaria.
docs/audits/fase6/lote-10/proceso-consulta-legal-pineda/pasada-b.json,docs,.json,5391,112,3af455748a5fc8ebaef1243c348a4fe2cf0b527bee044c227bb9b6cc4340b93d,review,MANTENER_Y_REVISAR,P3,Media,,Revisión ordinaria.
docs/audits/fase6/lote-10/proceso-consulta-legal-pineda/pasada-a.json,docs,.json,4643,71,b31e4942f7b2cbe829416823cece78e0b8836bad569129077a777433a5430a31,review,MANTENER_Y_REVISAR,P3,Media,,Revisión ordinaria.
docs/audits/fase6/lote-10/elegir-bufete-multidisciplinario-ventajas-honduras/entrada.json,docs,.json,8607,22,0149dc23f4f4eb2543aa1738a5b5376a2c20e23a49c233bd7d9d254dea4d6d90,review,MANTENER_Y_REVISAR,P3,Media,,Revisión ordinaria.
docs/audits/fase6/lote-10/elegir-bufete-multidisciplinario-ventajas-honduras/decision-final.json,docs,.json,443,14,ae3a6c9959ce8f362ac359c424281384911b468e6cde455b54d7ef72f0742710,review,MANTENER_Y_REVISAR,P3,Media,,Revisión ordinaria.
docs/audits/fase6/lote-10/elegir-bufete-multidisciplinario-ventajas-honduras/pasada-b.json,docs,.json,4346,99,6b8f144e577b457f4a915ea2b5b7563da7cbef530e532391f09e14294f570d49,review,MANTENER_Y_REVISAR,P3,Media,,Revisión ordinaria.
docs/audits/fase6/lote-10/elegir-bufete-multidisciplinario-ventajas-honduras/pasada-a.json,docs,.json,6340,105,4ae91862b2d65abf7e72146e508baef2ee5fbb1884a79836b7ab145fe035c30c,review,MANTENER_Y_REVISAR,P3,Media,,Revisión ordinaria.
docs/audits/fase6/lote-10/constituir-empresa-guia-paso-a-paso-honduras/entrada.json,docs,.json,10262,23,ddc77d52ffdeb38073eae2fe6da61114fa827b49ba41b67205db50853da71264,review,MANTENER_Y_REVISAR,P3,Media,,Revisión ordinaria.
docs/audits/fase6/lote-10/constituir-empresa-guia-paso-a-paso-honduras/decision-final.json,docs,.json,1286,42,a6a041dbfbd9e96135d471956d84c3b6f58298d95e6ed3c46694359e5944f2c6,review,MANTENER_Y_REVISAR,P3,Media,,Revisión ordinaria.
docs/audits/fase6/lote-10/constituir-empresa-guia-paso-a-paso-honduras/pasada-b.json,docs,.json,5127,101,3f88d46738f3dd67b45653c6560d5bc0ef8dbda3745b43a9c71c741a30c53d31,review,MANTENER_Y_REVISAR,P3,Media,,Revisión ordinaria.
docs/audits/fase6/lote-10/constituir-empresa-guia-paso-a-paso-honduras/pasada-a.json,docs,.json,6595,82,4ecb08f6c4506482ba6dedd3e6d4c45634a8713a2444d540b176fc32b5b34dab,review,MANTENER_Y_REVISAR,P3,Media,,Revisión ordinaria.
docs/audits/fase6/lote-10/hondurenos-espana-documentos/entrada.json,docs,.json,7144,22,380048286144eaaf8e4beaf34c092ac592890b1bc99c18ef5e2e48cd344b26e6,review,MANTENER_Y_REVISAR,P3,Media,,Revisión ordinaria.
docs/audits/fase6/lote-10/hondurenos-espana-documentos/decision-final.json,docs,.json,1270,42,3b9e1a6a3a4c92d141243ef5bbdb78fdf3541574dd6c2b263ca04a596ba2ffc6,review,MANTENER_Y_REVISAR,P3,Media,,Revisión ordinaria.
docs/audits/fase6/lote-10/hondurenos-espana-documentos/pasada-b.json,docs,.json,4718,100,3b274e4fef0748c63e6bbf3eddf98ca01aaf7198226ccb3a69f8ff0ed83894d6,review,MANTENER_Y_REVISAR,P3,Media,,Revisión ordinaria.
docs/audits/fase6/lote-10/hondurenos-espana-documentos/pasada-a.json,docs,.json,5199,77,1244a111c20af597bc1c362fe50d30f867f97d4a4b8ae787a5d83731ea049102,review,MANTENER_Y_REVISAR,P3,Media,,Revisión ordinaria.
docs/audits/fase6/lote-12/diferencia-denuncia-querella-acusacion-honduras/entrada.json,docs,.json,7506,22,5a5422407f0de333695167ca7356f199b4b46c74401c074f3f5915ff993b8ae6,review,MANTENER_Y_REVISAR,P3,Media,,Revisión ordinaria.
docs/audits/fase6/lote-12/diferencia-denuncia-querella-acusacion-honduras/decision-final.json,docs,.json,924,31,4e7e584b0cbe47220f79ee54fc2c64a5a64c657b0400b4ef746a1612c0bc4f5a,review,MANTENER_Y_REVISAR,P3,Media,,Revisión ordinaria.
docs/audits/fase6/lote-12/diferencia-denuncia-querella-acusacion-honduras/pasada-b.json,docs,.json,1332,12,fbc7c1fc3af4893c942a99ccee4a125bbd248b536a53f9250929eb6327fc38f1,review,MANTENER_Y_REVISAR,P3,Media,,Revisión ordinaria.
docs/audits/fase6/lote-12/diferencia-denuncia-querella-acusacion-honduras/pasada-a.json,docs,.json,5095,90,89da9594bc6e694145beb018eba0fc720bb0b85ce9fadb086cbd35e426d5a5cb,review,MANTENER_Y_REVISAR,P3,Media,,Revisión ordinaria.
docs/audits/fase6/lote-12/adopcion-requisitos-proceso-honduras/entrada.json,docs,.json,6925,23,0f531a5c6897e2ca94727270112c74beb6e06477af20d5d7d6209b3fa0989ddd,review,MANTENER_Y_REVISAR,P3,Media,,Revisión ordinaria.
docs/audits/fase6/lote-12/adopcion-requisitos-proceso-honduras/decision-final.json,docs,.json,913,31,0567db7742537bed4a967e03e7420e2ddde62da8ed73ae877dff4d4cce7acf4e,review,MANTENER_Y_REVISAR,P3,Media,,Revisión ordinaria.
docs/audits/fase6/lote-12/adopcion-requisitos-proceso-honduras/pasada-b.json,docs,.json,1488,16,4f1473136cd4402976c3205d5a60b1e413d2101f46081a5cc9d2ea74d17a3a57,review,MANTENER_Y_REVISAR,P3,Media,,Revisión ordinaria.
docs/audits/fase6/lote-12/adopcion-requisitos-proceso-honduras/pasada-a.json,docs,.json,4106,102,4576cc362d91f976e76c1289aee0678d12a949698e333e9ac5044614822578ba,review,MANTENER_Y_REVISAR,P3,Media,,Revisión ordinaria.
docs/audits/fase6/lote-12/contratos-trabajo-tipos-clausulas-honduras/entrada.json,docs,.json,7450,23,13efa80866a670ce914d3f944218a3d9602cc960711707a2a91f80e901c90fce,review,MANTENER_Y_REVISAR,P3,Media,,Revisión ordinaria.
docs/audits/fase6/lote-12/contratos-trabajo-tipos-clausulas-honduras/decision-final.json,docs,.json,923,31,1c364f6b4d80646080b657ab40fa5c0daa073f42791e2d0e25da386b39a88835,review,MANTENER_Y_REVISAR,P3,Media,,Revisión ordinaria.
docs/audits/fase6/lote-12/contratos-trabajo-tipos-clausulas-honduras/pasada-b.json,docs,.json,2712,55,cd460d90151127c4bb1c99af15d77198e8b1ea444a334cb82f81d4050b9a621a,review,MANTENER_Y_REVISAR,P3,Media,,Revisión ordinaria.
docs/audits/fase6/lote-12/contratos-trabajo-tipos-clausulas-honduras/pasada-a.json,docs,.json,3965,55,6e82539a96d7f883b3c4c285655af588c94b7b50ec3ec056813d04e22fb5fa5a,review,MANTENER_Y_REVISAR,P3,Media,,Revisión ordinaria.
docs/audits/fase6/lote-12/importar-mercancias-guia-aduanera/entrada.json,docs,.json,7533,22,66dc468bbfd4eecfe14da9e69fd632163bc90d2b693d1d94c18f27432cbee52c,review,MANTENER_Y_REVISAR,P3,Media,,Revisión ordinaria.
docs/audits/fase6/lote-12/importar-mercancias-guia-aduanera/decision-final.json,docs,.json,914,31,d5d28bf2cfe47f2a872ae1644c652c77ae3ef40c9b10c3b5042833215bd32431,review,MANTENER_Y_REVISAR,P3,Media,,Revisión ordinaria.
docs/audits/fase6/lote-12/importar-mercancias-guia-aduanera/pasada-b.json,docs,.json,2980,62,d7ce95fa869c4f9890abe04852a006fbc6b597dc1572d0b0207de68d62491797,review,MANTENER_Y_REVISAR,P3,Media,,Revisión ordinaria.
docs/audits/fase6/lote-12/importar-mercancias-guia-aduanera/pasada-a.json,docs,.json,3892,62,adc91079dac6944eb2beb40e1030aafc29478aa4f13d1bd79515f66392cf20ee,review,MANTENER_Y_REVISAR,P3,Media,,Revisión ordinaria.
docs/audits/fase6/lote-12/cuando-necesito-abogado-penalista-honduras/entrada.json,docs,.json,10686,22,01822e2ebdc1e6f144bb669180ac9a6d987e0272b16c04d976297a496e94d421,review,MANTENER_Y_REVISAR,P3,Media,,Revisión ordinaria.
docs/audits/fase6/lote-12/cuando-necesito-abogado-penalista-honduras/decision-final.json,docs,.json,919,31,512467c6a7a196098778e4fa79cf9cf087565c93ae8fcbcbe726f1c1dfeaa3e3,review,MANTENER_Y_REVISAR,P3,Media,,Revisión ordinaria.
docs/audits/fase6/lote-12/cuando-necesito-abogado-penalista-honduras/pasada-b.json,docs,.json,1388,14,d0148334d720516c1669bfa8c8fd6a122cfb12d9e22ebdd1529594b24877aba4,review,MANTENER_Y_REVISAR,P3,Media,,Revisión ordinaria.
docs/audits/fase6/lote-12/cuando-necesito-abogado-penalista-honduras/pasada-a.json,docs,.json,4360,90,f4e00939f91eeff344a3ba57d54fd4d1f3cdcab277a947749aeea04e7793483c,review,MANTENER_Y_REVISAR,P3,Media,,Revisión ordinaria.
docs/audits/fase6/lote-12/pension-alimenticia-porcentaje-honduras-2026/entrada.json,docs,.json,10651,23,dcab514e6864fee0001c4b360af4b9d68d21e2494268a000d5453e6ead1aca5b,review,MANTENER_Y_REVISAR,P3,Media,,Revisión ordinaria.
docs/audits/fase6/lote-12/pension-alimenticia-porcentaje-honduras-2026/decision-final.json,docs,.json,925,31,1ac3590d9c3162db9fc86bb24423c17c2e4e893ea8a674836b45d5423879f8ec,review,MANTENER_Y_REVISAR,P3,Media,,Revisión ordinaria.
docs/audits/fase6/lote-12/pension-alimenticia-porcentaje-honduras-2026/pasada-b.json,docs,.json,3360,70,183798d00af819b4f22db5c7c07334455e373f85e5b88e40457b62a3d5b5e042,review,MANTENER_Y_REVISAR,P3,Media,,Revisión ordinaria.
docs/audits/fase6/lote-12/pension-alimenticia-porcentaje-honduras-2026/pasada-a.json,docs,.json,4450,70,c21c61962a8ba1453709e74966e9b0eb9cc0f36bccf3211a707df29422f19b8d,review,MANTENER_Y_REVISAR,P3,Media,,Revisión ordinaria.
docs/audits/fase6/lote-12/codigo-aduanero-centroamericano/entrada.json,docs,.json,5909,22,a4687178679fc4841153d94a3f4c455574c4c1be733169dbb92902a5bac1e43c,review,MANTENER_Y_REVISAR,P3,Media,,Revisión ordinaria.
docs/audits/fase6/lote-12/codigo-aduanero-centroamericano/decision-final.json,docs,.json,912,31,ad82f6b1e90d98565a38c17189cf78c8a90ea1fab24e239cedc3c784b93170d4,review,MANTENER_Y_REVISAR,P3,Media,,Revisión ordinaria.
docs/audits/fase6/lote-12/codigo-aduanero-centroamericano/pasada-b.json,docs,.json,3109,51,e60196ac8253056ca9651a2cac7462650496a20741893ccc900722c13907e517,review,MANTENER_Y_REVISAR,P3,Media,,Revisión ordinaria.
docs/audits/fase6/lote-12/codigo-aduanero-centroamericano/pasada-a.json,docs,.json,3376,51,0c0e247214dfe7aef1d79e22ab30e34da06e8c4b6c51f1beae1d7b76aa43ec04,review,MANTENER_Y_REVISAR,P3,Media,,Revisión ordinaria.
docs/audits/fase6/lote-12/derechos-detenido-honduras-guia-constitucional/entrada.json,docs,.json,9270,23,48390d326fe893e398dd7590664d587280d914549eba1e485629ffa178f92bf4,review,MANTENER_Y_REVISAR,P3,Media,,Revisión ordinaria.
docs/audits/fase6/lote-12/derechos-detenido-honduras-guia-constitucional/decision-final.json,docs,.json,927,31,10efcd45015131543bec34dfd8cfec36e9216a80fd7068f4897b5f73c473b4b7,review,MANTENER_Y_REVISAR,P3,Media,,Revisión ordinaria.
docs/audits/fase6/lote-12/derechos-detenido-honduras-guia-constitucional/pasada-b.json,docs,.json,4252,89,0cc2fc7c0516c601188244525564b39e061b4d358c25461f7790a6166ff26378,review,MANTENER_Y_REVISAR,P3,Media,,Revisión ordinaria.
docs/audits/fase6/lote-12/derechos-detenido-honduras-guia-constitucional/pasada-a.json,docs,.json,5245,89,d88200b3bcb14a16862e6dcb2efd9b75bafe9e9317176a447d8bc49a390b989b,review,MANTENER_Y_REVISAR,P3,Media,,Revisión ordinaria.
docs/audits/fase6/lote-12/contratos-arrendamiento-derechos-obligaciones-honduras/entrada.json,docs,.json,5144,22,555e79041912a4b762e50b669a1c1034bfbc13f805f6b040d174322fd9bf3582,review,MANTENER_Y_REVISAR,P3,Media,,Revisión ordinaria.
docs/audits/fase6/lote-12/contratos-arrendamiento-derechos-obligaciones-honduras/decision-final.json,docs,.json,931,31,a81ad219fb480751e3e8d819e85d822a83c75e7df895e0a48afdce74d3085a45,review,MANTENER_Y_REVISAR,P3,Media,,Revisión ordinaria.
docs/audits/fase6/lote-12/contratos-arrendamiento-derechos-obligaciones-honduras/pasada-b.json,docs,.json,1447,16,4b4261a3d48e5e65d803f97afb97e17a3735d9826345ce69fff7584bb9e23a32,review,MANTENER_Y_REVISAR,P3,Media,,Revisión ordinaria.
docs/audits/fase6/lote-12/contratos-arrendamiento-derechos-obligaciones-honduras/pasada-a.json,docs,.json,4646,90,52b4729cce43a1a6a2757abcbc70734f9bdf812687d6c9867a761ed0e19abe59,review,MANTENER_Y_REVISAR,P3,Media,,Revisión ordinaria.
docs/audits/fase6/lote-12/residencia-temporal-requisitos-plazos-honduras/entrada.json,docs,.json,5990,22,42cd2b95f32bb32ba21b97b6883c455b347b7058bf1514a0e6e81b0ed55c2626,review,MANTENER_Y_REVISAR,P3,Media,,Revisión ordinaria.
docs/audits/fase6/lote-12/residencia-temporal-requisitos-plazos-honduras/decision-final.json,docs,.json,927,31,a2ff443eff1ed6484ced132b844d5b0235d155ce077700e55868d2d557ba4acd,review,MANTENER_Y_REVISAR,P3,Media,,Revisión ordinaria.
docs/audits/fase6/lote-12/residencia-temporal-requisitos-plazos-honduras/pasada-b.json,docs,.json,2891,55,77278a9ab481ef150cac566b15bc8ca714cd640affb6f2e499c00f9e9b91d9a3,review,MANTENER_Y_REVISAR,P3,Media,,Revisión ordinaria.
docs/audits/fase6/lote-12/residencia-temporal-requisitos-plazos-honduras/pasada-a.json,docs,.json,3272,55,2e33781209d74861899cb4432ff18b6d157e2a93dda459d78075c1f737a7c208,review,MANTENER_Y_REVISAR,P3,Media,,Revisión ordinaria.
docs/audits/fase6/lote-12/allanamiento-ilegal-violacion-domicilio-honduras/entrada.json,docs,.json,7771,23,4e132794a96aa38d8b303baa1a80dbfe7ba089d35e2be9f47d07d5caab179f0b,review,MANTENER_Y_REVISAR,P3,Media,,Revisión ordinaria.
docs/audits/fase6/lote-12/allanamiento-ilegal-violacion-domicilio-honduras/decision-final.json,docs,.json,925,31,8d1881be4216b1df2b614f4552e505419311c6f41406729102e2b1ffbbd11d70,review,MANTENER_Y_REVISAR,P3,Media,,Revisión ordinaria.
docs/audits/fase6/lote-12/allanamiento-ilegal-violacion-domicilio-honduras/pasada-b.json,docs,.json,1111,12,657d355fb577d1b3f3f0995adaae635560ae91639ecf1dbd4f8002f55ef9c4e5,review,MANTENER_Y_REVISAR,P3,Media,,Revisión ordinaria.
docs/audits/fase6/lote-12/allanamiento-ilegal-violacion-domicilio-honduras/pasada-a.json,docs,.json,5202,91,a52bddfdfa12152d66e263033f050cb3ebeb812b30d6bfe5d98a2215b2c596e7,review,MANTENER_Y_REVISAR,P3,Media,,Revisión ordinaria.
docs/audits/fase6/lote-12/reclamar-deuda-legalmente-honduras/entrada.json,docs,.json,6821,22,23c33154e2caf713d3ac0362072b08b65630dabf1933fc8ffdaa4973f874be4f,review,MANTENER_Y_REVISAR,P3,Media,,Revisión ordinaria.
docs/audits/fase6/lote-12/reclamar-deuda-legalmente-honduras/decision-final.json,docs,.json,915,31,d945e2e7adac3472dffd8fea2b26adb260dba04a24cc4f7351a8a3bdcce4387f,review,MANTENER_Y_REVISAR,P3,Media,,Revisión ordinaria.
docs/audits/fase6/lote-12/reclamar-deuda-legalmente-honduras/pasada-b.json,docs,.json,3228,70,904f6b1738381003d6ef033ff0094df405c6f92717efcb4a7ec0aaee0e69c4b4,review,MANTENER_Y_REVISAR,P3,Media,,Revisión ordinaria.
docs/audits/fase6/lote-12/reclamar-deuda-legalmente-honduras/pasada-a.json,docs,.json,4486,70,e3c427ff03310a465b93062a6f36f69599a2ff6b175eded4b2b8d5c2359bb5aa,review,MANTENER_Y_REVISAR,P3,Media,,Revisión ordinaria.
docs/audits/fase6/lote-12/banco-demanda-deuda-defensa-opciones-honduras/entrada.json,docs,.json,7059,22,5437eea06d20712b30d5feec44025a2f5d52fea639f86e50a78d04b876b96f9d,review,MANTENER_Y_REVISAR,P3,Media,,Revisión ordinaria.
docs/audits/fase6/lote-12/banco-demanda-deuda-defensa-opciones-honduras/decision-final.json,docs,.json,922,31,ddc3917f8a16695d2624b7e1721c2366477e1e4472d5edda785bb0db04b43db3,review,MANTENER_Y_REVISAR,P3,Media,,Revisión ordinaria.
docs/audits/fase6/lote-12/banco-demanda-deuda-defensa-opciones-honduras/pasada-b.json,docs,.json,1520,16,fc8f69abb56db156413551b4be10fb9e9b03fd79383190f1a7bdf62c626dd67a,review,MANTENER_Y_REVISAR,P3,Media,,Revisión ordinaria.
docs/audits/fase6/lote-12/banco-demanda-deuda-defensa-opciones-honduras/pasada-a.json,docs,.json,4152,102,ed38f397a7b729e760603ea471ba8cb829adffdbdb63475dd580709b276d322c,review,MANTENER_Y_REVISAR,P3,Media,,Revisión ordinaria.
docs/audits/fase6/lote-12/abogado-penalista-sur-honduras/entrada.json,docs,.json,7302,23,2d97b1c4c8f45fe3f6e6c1605032595c7f7919022068b1d1646c322d842d41c2,review,MANTENER_Y_REVISAR,P3,Media,,Revisión ordinaria.
docs/audits/fase6/lote-12/abogado-penalista-sur-honduras/decision-final.json,docs,.json,907,31,e76ecbc9661391f89068ae6b054f5f73ac9be00e8f07fa2a46d049cdb2a2d9ad,review,MANTENER_Y_REVISAR,P3,Media,,Revisión ordinaria.
docs/audits/fase6/lote-12/abogado-penalista-sur-honduras/pasada-b.json,docs,.json,1689,16,834243c4c191cf6cd188837aa062d4de2e2b4c6c2c30011d361f25a14e7bf61c,review,MANTENER_Y_REVISAR,P3,Media,,Revisión ordinaria.
docs/audits/fase6/lote-12/abogado-penalista-sur-honduras/pasada-a.json,docs,.json,3324,66,0cff2f4c7f386b3d72663c4fb82576b4c5a0823f3446428085a486764802fb38,review,MANTENER_Y_REVISAR,P3,Media,,Revisión ordinaria.
docs/audits/fase6/lote-12/habeas-corpus-cuando-interponer-honduras/entrada.json,docs,.json,11653,22,f08fa76ae46aa090ca41aff774fb663e4a13464e26679d2a97c1fbc553195e3d,review,MANTENER_Y_REVISAR,P3,Media,,Revisión ordinaria.
docs/audits/fase6/lote-12/habeas-corpus-cuando-interponer-honduras/decision-final.json,docs,.json,921,31,96949d9b63e83ad29ee0a7d30f831beedd5e87f1a8bed78abdcbf3d1d6e8ffe1,review,MANTENER_Y_REVISAR,P3,Media,,Revisión ordinaria.
docs/audits/fase6/lote-12/habeas-corpus-cuando-interponer-honduras/pasada-b.json,docs,.json,3541,72,b0f2be9cf5090169b926efcce9c1a81359413cda4772c2aedee7b735322b7a4d,review,MANTENER_Y_REVISAR,P3,Media,,Revisión ordinaria.
docs/audits/fase6/lote-12/habeas-corpus-cuando-interponer-honduras/pasada-a.json,docs,.json,4583,72,626053c44f0a9460c05582778ddbd8d3a4a2e0fab5b849252a1dfd089a0cad27,review,MANTENER_Y_REVISAR,P3,Media,,Revisión ordinaria.
docs/audits/fase6/lote-11/herencias-transfronterizas-bienes/entrada.json,docs,.json,4438,23,a6721d986346fd987cb208a32d80d8cade1e4826e34c5a2f87812df9065b2203,review,MANTENER_Y_REVISAR,P3,Media,,Revisión ordinaria.
docs/audits/fase6/lote-11/herencias-transfronterizas-bienes/decision-final.json,docs,.json,1275,42,51ff96fde3908fa20cdc9ea0fddeb45c1bbecffda955ce3ab94edc997ff97fd7,review,MANTENER_Y_REVISAR,P3,Media,,Revisión ordinaria.
docs/audits/fase6/lote-11/herencias-transfronterizas-bienes/pasada-b.json,docs,.json,6104,97,41899a11cc0450d57fb8930827f05805ee72b4be31122eafbe3b84b83ba79091,review,MANTENER_Y_REVISAR,P3,Media,,Revisión ordinaria.
docs/audits/fase6/lote-11/herencias-transfronterizas-bienes/pasada-a.json,docs,.json,5654,114,741021a7fee15db3a58b430e7946163447791072029ebfe72b5862f8e790d3ca,review,MANTENER_Y_REVISAR,P3,Media,,Revisión ordinaria.
docs/audits/fase6/lote-11/creditos-reestructuracion-deudas/entrada.json,docs,.json,10577,22,b2d65ea2c32f46849c50b730bd3ea8ed30407c76d2b382cd3ea156ee3f477002,review,MANTENER_Y_REVISAR,P3,Media,,Revisión ordinaria.
docs/audits/fase6/lote-11/creditos-reestructuracion-deudas/decision-final.json,docs,.json,1274,42,9b7890d60c181db2c9ad67ff3468eba6b3c0aa82afd8ca323b508a01b3c107f9,review,MANTENER_Y_REVISAR,P3,Media,,Revisión ordinaria.
docs/audits/fase6/lote-11/creditos-reestructuracion-deudas/pasada-b.json,docs,.json,5814,93,11cb4d78aeaaec729391964f774f417c39c210d81662303540c48f036c701405,review,MANTENER_Y_REVISAR,P3,Media,,Revisión ordinaria.
docs/audits/fase6/lote-11/creditos-reestructuracion-deudas/pasada-a.json,docs,.json,5363,107,313cc7db7d7c73fdac14bf024bab12c577b6e94d0aa15cc70bfc96550242a906,review,MANTENER_Y_REVISAR,P3,Media,,Revisión ordinaria.
docs/audits/fase6/lote-11/despido-injustificado-honduras-derechos-trabajador/entrada.json,docs,.json,7184,22,cfb39ef55cfee370aaaeee14507f99adcf2941e3d6220b6d953ef503fd220725,review,MANTENER_Y_REVISAR,P3,Media,,Revisión ordinaria.
docs/audits/fase6/lote-11/despido-injustificado-honduras-derechos-trabajador/decision-final.json,docs,.json,1296,42,de5d1a8540a8c3644c1b23b1d8d4a9b6d529b7f74e13b492d625560ec4460d94,review,MANTENER_Y_REVISAR,P3,Media,,Revisión ordinaria.
docs/audits/fase6/lote-11/despido-injustificado-honduras-derechos-trabajador/pasada-b.json,docs,.json,9522,113,225b30242f4a4525fac1c6d82cc9420c80923205528dc91065c8f9a9bae5601d,review,MANTENER_Y_REVISAR,P3,Media,,Revisión ordinaria.
docs/audits/fase6/lote-11/despido-injustificado-honduras-derechos-trabajador/pasada-a.json,docs,.json,9051,134,d1458f674bfcc390d7dece58594e084c84fdbd415499bbac1aaf01da639c989a,review,MANTENER_Y_REVISAR,P3,Media,,Revisión ordinaria.
docs/audits/fase6/lote-11/nacionalidad-espanola-para-hondurenos-residencia-plazos/entrada.json,docs,.json,8036,22,f98ef4f8aeaa39f30ffd2a49d88f8c23737d6a2c6224c701501e215708182646,review,MANTENER_Y_REVISAR,P3,Media,,Revisión ordinaria.
docs/audits/fase6/lote-11/nacionalidad-espanola-para-hondurenos-residencia-plazos/decision-final.json,docs,.json,1297,42,4f44f91c15caa3aa8fc2773935ee255bf32e7ef4973a4921a84b976f42216289,review,MANTENER_Y_REVISAR,P3,Media,,Revisión ordinaria.
docs/audits/fase6/lote-11/nacionalidad-espanola-para-hondurenos-residencia-plazos/pasada-b.json,docs,.json,5243,81,53d9d3b90df980167f83e51853839736e4160ba970b3499b07daa69f686d7ec6,review,MANTENER_Y_REVISAR,P3,Media,,Revisión ordinaria.
docs/audits/fase6/lote-11/nacionalidad-espanola-para-hondurenos-residencia-plazos/pasada-a.json,docs,.json,4820,94,391d4a310e927cf485b00f0b943649aefc6cba6cb179e034d361fa63f3ce271c,review,MANTENER_Y_REVISAR,P3,Media,,Revisión ordinaria.
docs/audits/fase6/lote-11/tramites-notariales-frecuentes-honduras/entrada.json,docs,.json,7461,22,c0a10657c495aec4170d00833ab6164bf16ab65e1a158f10ac85244361452336,review,MANTENER_Y_REVISAR,P3,Media,,Revisión ordinaria.
docs/audits/fase6/lote-11/tramites-notariales-frecuentes-honduras/decision-final.json,docs,.json,1285,42,358332ff2b68bb0138bda458b63b4797aad6860ce213c74eeb38256e8864fa18,review,MANTENER_Y_REVISAR,P3,Media,,Revisión ordinaria.
docs/audits/fase6/lote-11/tramites-notariales-frecuentes-honduras/pasada-b.json,docs,.json,5344,105,405d923a61c77a06a8301a0c908531782e27b315421d3b77c40f761c7e11c767,review,MANTENER_Y_REVISAR,P3,Media,,Revisión ordinaria.
docs/audits/fase6/lote-11/tramites-notariales-frecuentes-honduras/pasada-a.json,docs,.json,4885,124,7bee6e081b00f6f13649b82fec195e223038c379e1b39a45f1b032e78aefa558,review,MANTENER_Y_REVISAR,P3,Media,,Revisión ordinaria.
docs/audits/fase6/lote-11/naturalizacion-nacionalidad-hondurena/entrada.json,docs,.json,7797,22,e985e62740249a0a45befdc06a823ef5ae033c1d43034a42b309b7d766b842cc,review,MANTENER_Y_REVISAR,P3,Media,,Revisión ordinaria.
docs/audits/fase6/lote-11/naturalizacion-nacionalidad-hondurena/decision-final.json,docs,.json,1279,42,9b892517508e282ec9aca382a61695ad7462fbed38574b58e813a5fc8e7b6a1b,review,MANTENER_Y_REVISAR,P3,Media,,Revisión ordinaria.
docs/audits/fase6/lote-11/naturalizacion-nacionalidad-hondurena/pasada-b.json,docs,.json,9918,97,15503e87b0982546272497dc2d7e4715daacd89ca505035fd8d330d55565dab7,review,MANTENER_Y_REVISAR,P3,Media,,Revisión ordinaria.
docs/audits/fase6/lote-11/naturalizacion-nacionalidad-hondurena/pasada-a.json,docs,.json,9469,114,814538b7571a7a8246675ff5d53785aef071b72fc401d0d76c6256aa5860a2f6,review,MANTENER_Y_REVISAR,P3,Media,,Revisión ordinaria.
docs/audits/fase6/lote-11/calcular-liquidacion-laboral-honduras/entrada.json,docs,.json,8114,22,4bb50bc54a78c25f7875f493b85049bbf4f89c82b41a9ed4630373c0ae29e99a,review,MANTENER_Y_REVISAR,P3,Media,,Revisión ordinaria.
docs/audits/fase6/lote-11/calcular-liquidacion-laboral-honduras/decision-final.json,docs,.json,1283,42,f5b7b89e2fc0e7100810aee189957c50310b12498603b5882a5c877d11b1f865,review,MANTENER_Y_REVISAR,P3,Media,,Revisión ordinaria.
docs/audits/fase6/lote-11/calcular-liquidacion-laboral-honduras/pasada-b.json,docs,.json,8962,121,568eb38ed931e2c7466f93ab9d31caede228b4f2d1cf192b9f57ee81f71e74ed,review,MANTENER_Y_REVISAR,P3,Media,,Revisión ordinaria.
docs/audits/fase6/lote-11/calcular-liquidacion-laboral-honduras/pasada-a.json,docs,.json,8481,144,72cd208c203a7b5335a4c2078f687193e244cbb2afcbfd8f9f83b91e5cdbebbc,review,MANTENER_Y_REVISAR,P3,Media,,Revisión ordinaria.
docs/audits/fase6/lote-11/medidas-sustitutivas-prision-preventiva-honduras/entrada.json,docs,.json,8236,22,2c9e24ce46d3dce90ed99b6ba82821d6294dc07e827bcf8928402a21abad4842,review,MANTENER_Y_REVISAR,P3,Media,,Revisión ordinaria.
docs/audits/fase6/lote-11/medidas-sustitutivas-prision-preventiva-honduras/decision-final.json,docs,.json,1290,42,660d28dfc93bf9f74506edd04dafcaa32f8e6bcfd874c7bc3ab16c8d423933e1,review,MANTENER_Y_REVISAR,P3,Media,,Revisión ordinaria.
docs/audits/fase6/lote-11/medidas-sustitutivas-prision-preventiva-honduras/pasada-b.json,docs,.json,4100,81,9fb4bec5c46cbce670739c784269640b31742deef29889c37de66f98eb5e38c4,review,MANTENER_Y_REVISAR,P3,Media,,Revisión ordinaria.
docs/audits/fase6/lote-11/medidas-sustitutivas-prision-preventiva-honduras/pasada-a.json,docs,.json,3677,94,e469e749ce4c5ffe8b16f840aabfea6bdc45d62a298b314b0225596fd91f5339,review,MANTENER_Y_REVISAR,P3,Media,,Revisión ordinaria.
docs/audits/fase6/lote-11/tramites-legales-nacaome/entrada.json,docs,.json,12435,23,46ac0e73a3f481f89ff0e3e4b3e0fdd971cfe8eb1bf24380b33cbd572725f7cc,review,MANTENER_Y_REVISAR,P3,Media,,Revisión ordinaria.
docs/audits/fase6/lote-11/tramites-legales-nacaome/decision-final.json,docs,.json,418,14,395901a731907912e8389b4861e751bc0953685930fd9b050caacdd974bf9adf,review,MANTENER_Y_REVISAR,P3,Media,,Revisión ordinaria.
docs/audits/fase6/lote-11/tramites-legales-nacaome/pasada-b.json,docs,.json,6083,111,c2cc362b0130df54d4c0e39b808e21231e86302dd34bd1ce99ce72c8c2187af1,review,MANTENER_Y_REVISAR,P3,Media,,Revisión ordinaria.
docs/audits/fase6/lote-11/tramites-legales-nacaome/pasada-a.json,docs,.json,5612,132,11110ba8f7a8abe18d199185249147715381085075cc0af76aaca102ff6c2e45,review,MANTENER_Y_REVISAR,P3,Media,,Revisión ordinaria.
docs/audits/fase6/lote-11/servicios-legales-empresas-sur-honduras/entrada.json,docs,.json,7993,23,1b3f01bd27e53a65e4ef86e097876b61b3a059d5ca47e9648df543a5ad24aa6a,review,MANTENER_Y_REVISAR,P3,Media,,Revisión ordinaria.
docs/audits/fase6/lote-11/servicios-legales-empresas-sur-honduras/decision-final.json,docs,.json,1281,42,1d502d16a57af10b7804b34184959f91559f2a36d6d41bcc29de921d68ae9756,review,MANTENER_Y_REVISAR,P3,Media,,Revisión ordinaria.
docs/audits/fase6/lote-11/servicios-legales-empresas-sur-honduras/pasada-b.json,docs,.json,5464,89,1f98626e6301c105348f6cea56a8dc6533eef4092873d463ee329c1b4d2d7035,review,MANTENER_Y_REVISAR,P3,Media,,Revisión ordinaria.
docs/audits/fase6/lote-11/servicios-legales-empresas-sur-honduras/pasada-a.json,docs,.json,5029,104,bd0f293f60f432fa105037509368a0f94c74fade328483f0d63a805fbc58c688,review,MANTENER_Y_REVISAR,P3,Media,,Revisión ordinaria.
docs/audits/fase6/lote-11/divorcio-choluteca/entrada.json,docs,.json,7311,23,05b88f0703dccd4c6a7ea5e27d9e4809397d111bad7701f9b91f25c21b9d21db,review,MANTENER_Y_REVISAR,P3,Media,,Revisión ordinaria.
docs/audits/fase6/lote-11/divorcio-choluteca/decision-final.json,docs,.json,411,14,a7d4fb7d8cf140d780c3366d2be009d9f810a44877baad7fdf1a6fce57f3a507,review,MANTENER_Y_REVISAR,P3,Media,,Revisión ordinaria.
docs/audits/fase6/lote-11/divorcio-choluteca/pasada-b.json,docs,.json,6017,99,61d0aa749801dd254e11b1e7ccda0ba12c7d2cd1ad1ee445ffbad140026d4dc6,review,MANTENER_Y_REVISAR,P3,Media,,Revisión ordinaria.
docs/audits/fase6/lote-11/divorcio-choluteca/pasada-a.json,docs,.json,5553,115,11496662d3d412cfc344c77c27ab9d6898938b701e324ab98ca84e6ff0966ebc,review,MANTENER_Y_REVISAR,P3,Media,,Revisión ordinaria.
docs/audits/fase6/lote-11/sanciones-administrativas-como-defenderse-honduras/entrada.json,docs,.json,8025,22,af8e362a90137fe9415fc0abde93b0d3f6d428d81ac56edc7eca6335c9ba98e7,review,MANTENER_Y_REVISAR,P3,Media,,Revisión ordinaria.
docs/audits/fase6/lote-11/sanciones-administrativas-como-defenderse-honduras/decision-final.json,docs,.json,1296,42,bee4392d347590e75f832bd57ed17d6c3e44d4bae6f2643cb00dd1956448b2de,review,MANTENER_Y_REVISAR,P3,Media,,Revisión ordinaria.
docs/audits/fase6/lote-11/sanciones-administrativas-como-defenderse-honduras/pasada-b.json,docs,.json,7401,105,f84a353fab168dd48b39b42e75ea7da61cb4633cab4419f11c16534ad3008cf6,review,MANTENER_Y_REVISAR,P3,Media,,Revisión ordinaria.
docs/audits/fase6/lote-11/sanciones-administrativas-como-defenderse-honduras/pasada-a.json,docs,.json,6943,124,fb14a29038b9a85df1b1b2e50de4e29f49ec3f31d1167977eacfd83457391c21,review,MANTENER_Y_REVISAR,P3,Media,,Revisión ordinaria.
docs/audits/fase6/lote-11/despido-empleados-publicos-honduras/entrada.json,docs,.json,9546,23,6ece0cc89a4e1f740e653cd064e538d4dfe86c632d9c11d13bb2f4121ab45ce9,review,MANTENER_Y_REVISAR,P3,Media,,Revisión ordinaria.
docs/audits/fase6/lote-11/despido-empleados-publicos-honduras/decision-final.json,docs,.json,1277,42,f4ea745585c5579329e77bdfa1af6e3e5dabbbb0a6d903e061dcc8ea3224c080,review,MANTENER_Y_REVISAR,P3,Media,,Revisión ordinaria.
docs/audits/fase6/lote-11/despido-empleados-publicos-honduras/pasada-b.json,docs,.json,5325,81,b1b5c02dcd9b53e10591378fd6e3c1d4fbe6c00c960b6ee13f1041d634d2fa17,review,MANTENER_Y_REVISAR,P3,Media,,Revisión ordinaria.
docs/audits/fase6/lote-11/despido-empleados-publicos-honduras/pasada-a.json,docs,.json,4901,94,1a1cb9991c33b64582707edfa236962800ef301e502ffbb656b1696fd4ed8424,review,MANTENER_Y_REVISAR,P3,Media,,Revisión ordinaria.
docs/audits/fase6/lote-8/elegir-bufete-abogados-nacaome/entrada.json,docs,.json,7270,23,c687d6d569688b76f1cefb1c041810199e7cdba05bd5e9cfa6316117bf6cfb5f,review,MANTENER_Y_REVISAR,P3,Media,,Revisión ordinaria.
docs/audits/fase6/lote-8/elegir-bufete-abogados-nacaome/decision-final.json,docs,.json,463,14,4303f6ec641e4964bedb85ebe17101e45dd7ee02c3d78101d946ae8b8e6c1c30,review,MANTENER_Y_REVISAR,P3,Media,,Revisión ordinaria.
docs/audits/fase6/lote-8/elegir-bufete-abogados-nacaome/pasada-b.json,docs,.json,15416,209,4761874d808416eb1ff6e12f36abed58fde4fa8b19530d2f715b1d7fc7d4788c,review,MANTENER_Y_REVISAR,P3,Media,,Revisión ordinaria.
docs/audits/fase6/lote-8/elegir-bufete-abogados-nacaome/pasada-a.json,docs,.json,9139,122,7d03dbd4e5fc18cb2bdff505b968d8741801c7b9960c26f2d58c5b5038e92c22,review,MANTENER_Y_REVISAR,P3,Media,,Revisión ordinaria.
docs/audits/fase6/lote-8/despido-empleados-publicos-procedencia-defensa-honduras/entrada.json,docs,.json,1105,22,f307f2d140672c6daf5fa538a1f6e72c47a2d5a648e5be533e6c94fe85766eb9,review,MANTENER_Y_REVISAR,P3,Media,,Revisión ordinaria.
docs/audits/fase6/lote-8/despido-empleados-publicos-procedencia-defensa-honduras/decision-final.json,docs,.json,1336,42,60612c6a0f75208294659ca860ddf4b4cc7ba3341bc21d50e58fa008756faa26,review,MANTENER_Y_REVISAR,P3,Media,,Revisión ordinaria.
docs/audits/fase6/lote-8/despido-empleados-publicos-procedencia-defensa-honduras/pasada-b.json,docs,.json,15253,188,07c6b44211887c5ec9c47a7cdaab4487c2e5ca722c96fd62a8f51a2e419769af,review,MANTENER_Y_REVISAR,P3,Media,,Revisión ordinaria.
docs/audits/fase6/lote-8/despido-empleados-publicos-procedencia-defensa-honduras/pasada-a.json,docs,.json,11126,135,6015e3f766d24ee50661c071808e3e4364e00ed53f5f5e1c55672256d3b8d3e5,review,MANTENER_Y_REVISAR,P3,Media,,Revisión ordinaria.
docs/audits/fase6/lote-8/derechos-consumidor-financiero-cnbs-honduras/entrada.json,docs,.json,6606,22,c01e3b3c4bc16f78d5f78224921f1d8f9bff80aa73d8599da5b318ff41c5397e,review,MANTENER_Y_REVISAR,P3,Media,,Revisión ordinaria.
docs/audits/fase6/lote-8/derechos-consumidor-financiero-cnbs-honduras/decision-final.json,docs,.json,1325,42,c3e7db7c1a9b43ec29d7b627e43bc28b07eadb268c3b4b5a4fd34144ffbd0f88,review,MANTENER_Y_REVISAR,P3,Media,,Revisión ordinaria.
docs/audits/fase6/lote-8/derechos-consumidor-financiero-cnbs-honduras/pasada-b.json,docs,.json,28499,391,8daf5f25c61d6a745274d573744e5fd2032017c036d9e46a0688b70714aaa9f2,review,MANTENER_Y_REVISAR,P3,Media,,Revisión ordinaria.
docs/audits/fase6/lote-8/derechos-consumidor-financiero-cnbs-honduras/pasada-a.json,docs,.json,19905,190,f39196e222209b1d76e9745c05da7ac16a8a3741b12fd6425452358cb49d9ccd,review,MANTENER_Y_REVISAR,P3,Media,,Revisión ordinaria.
docs/audits/fase6/lote-8/arraigo-social-laboral-hondurenos-espana/entrada.json,docs,.json,6136,23,b57e242f0bee9a3ab0ad249f03df66e51fe833356dee805e21661ca4d023fcd2,review,MANTENER_Y_REVISAR,P3,Media,,Revisión ordinaria.
docs/audits/fase6/lote-8/arraigo-social-laboral-hondurenos-espana/decision-final.json,docs,.json,1321,42,cd2d64db27bd9bef456bfa04e995d24acbd36b3dffbaf54267fe9f05a7bf1b40,review,MANTENER_Y_REVISAR,P3,Media,,Revisión ordinaria.
docs/audits/fase6/lote-8/arraigo-social-laboral-hondurenos-espana/pasada-b.json,docs,.json,16804,213,62adea1845d56846f8c7df703c51444a11f1d9d0652cf97d3d93cf3e32d2406c,review,MANTENER_Y_REVISAR,P3,Media,,Revisión ordinaria.
docs/audits/fase6/lote-8/arraigo-social-laboral-hondurenos-espana/pasada-a.json,docs,.json,11803,135,ec5e560ce14df83b99ee7d2ccd0969607c82d00391d2f78a64423e09c3898c3b,review,MANTENER_Y_REVISAR,P3,Media,,Revisión ordinaria.
docs/audits/fase6/lote-8/pineda-asociados-bufete-multidisciplinario-honduras/entrada.json,docs,.json,8387,22,da8401f9f52c54fcc541b0112e41418a28c4dcfa95d766dbae0051337c342b6e,review,MANTENER_Y_REVISAR,P3,Media,,Revisión ordinaria.
docs/audits/fase6/lote-8/pineda-asociados-bufete-multidisciplinario-honduras/decision-final.json,docs,.json,484,14,17491de273d38b54c946f1b69aa94902a625619d00c1e1c848d5879d53a857a7,review,MANTENER_Y_REVISAR,P3,Media,,Revisión ordinaria.
docs/audits/fase6/lote-8/pineda-asociados-bufete-multidisciplinario-honduras/pasada-b.json,docs,.json,14810,193,88678b051a7b341336470e84048570788a50d2134bc4ee82e84c747a25ddada4,review,MANTENER_Y_REVISAR,P3,Media,,Revisión ordinaria.
docs/audits/fase6/lote-8/pineda-asociados-bufete-multidisciplinario-honduras/pasada-a.json,docs,.json,10000,136,3bc311e034889aa2ef0b8eb8c6988639c1111c1614969af8029527929ca6e1c6,review,MANTENER_Y_REVISAR,P3,Media,,Revisión ordinaria.
docs/audits/fase6/lote-8/sar-notifica-fiscalizacion-que-hacer-honduras/entrada.json,docs,.json,6738,22,f7d389b03a694363dad3a26d3354808d2f8e840fa961e774051cfd7fb5f3ffbd,review,MANTENER_Y_REVISAR,P3,Media,,Revisión ordinaria.
docs/audits/fase6/lote-8/sar-notifica-fiscalizacion-que-hacer-honduras/decision-final.json,docs,.json,1332,42,c50fd1d7078e23e8cded436ea4eb234da1739915547a3a56a8041044f7c70292,review,MANTENER_Y_REVISAR,P3,Media,,Revisión ordinaria.
docs/audits/fase6/lote-8/sar-notifica-fiscalizacion-que-hacer-honduras/pasada-b.json,docs,.json,16000,177,638a0c898e6330951d2c3d598889ab70b6cb73764604cde868ec0c21620a1e6b,review,MANTENER_Y_REVISAR,P3,Media,,Revisión ordinaria.
docs/audits/fase6/lote-8/sar-notifica-fiscalizacion-que-hacer-honduras/pasada-a.json,docs,.json,16800,132,5b5f015c7313e6c47d3260a12774de6a533642f595b64ab5c0f27290803800a6,review,MANTENER_Y_REVISAR,P3,Media,,Revisión ordinaria.
docs/audits/fase6/lote-8/ejecucion-hipotecaria-que-hacer-honduras/entrada.json,docs,.json,6448,22,5f1fdf40cdcefb2834bd8affeea2c44fef5bfd493c22e1fc090f800265dadd10,review,MANTENER_Y_REVISAR,P3,Media,,Revisión ordinaria.
docs/audits/fase6/lote-8/ejecucion-hipotecaria-que-hacer-honduras/decision-final.json,docs,.json,1321,42,ff52a9d65fdb9edaecd3cd725830fb6a8a32451af9c42524d1bdbf3dc83b079c,review,MANTENER_Y_REVISAR,P3,Media,,Revisión ordinaria.
docs/audits/fase6/lote-8/ejecucion-hipotecaria-que-hacer-honduras/pasada-b.json,docs,.json,25059,299,866e98d7f2046328d2a58129cf155600d921ac11da459b5d8f8092ffcf9c1ab1,review,MANTENER_Y_REVISAR,P3,Media,,Revisión ordinaria.
docs/audits/fase6/lote-8/ejecucion-hipotecaria-que-hacer-honduras/pasada-a.json,docs,.json,23823,223,e04f32e2d255739576f83f6ed82c552ba9d94c19a668a83791bbf568b7fa24eb,review,MANTENER_Y_REVISAR,P3,Media,,Revisión ordinaria.
docs/audits/fase6/lote-8/elegir-tipo-sociedad-empresa-honduras/entrada.json,docs,.json,5932,22,fe8d7c4ac7352951fe8a367583258ea57371d63890ef985941dc91d8c6f810cc,review,MANTENER_Y_REVISAR,P3,Media,,Revisión ordinaria.
docs/audits/fase6/lote-8/elegir-tipo-sociedad-empresa-honduras/decision-final.json,docs,.json,1318,42,079938bcfc9b052821032ab89406a642a9450205d0e06e27f49c8c98b58d71fc,review,MANTENER_Y_REVISAR,P3,Media,,Revisión ordinaria.
docs/audits/fase6/lote-8/elegir-tipo-sociedad-empresa-honduras/pasada-b.json,docs,.json,24496,378,3044dd7a0841536c2afbefa8738fef5d9e4b631451b367c80cde7674e4533942,review,MANTENER_Y_REVISAR,P3,Media,,Revisión ordinaria.
docs/audits/fase6/lote-8/elegir-tipo-sociedad-empresa-honduras/pasada-a.json,docs,.json,21854,291,93af42fade8adfef608592b4f2f660edf9e57580e21bbcb0b7ed324080db7d39,review,MANTENER_Y_REVISAR,P3,Media,,Revisión ordinaria.
docs/audits/fase6/lote-8/presentar-denuncia-conadeh-honduras/entrada.json,docs,.json,7585,23,10765562ce9e1299e4e2eea515c5902f37a2c54cf1e8c16b64efd969d916833c,review,MANTENER_Y_REVISAR,P3,Media,,Revisión ordinaria.
docs/audits/fase6/lote-8/presentar-denuncia-conadeh-honduras/decision-final.json,docs,.json,1316,42,874d74f7db0044cbb7753dbae9066971a4ef5f9177fd5db05c00f44c118329a7,review,MANTENER_Y_REVISAR,P3,Media,,Revisión ordinaria.
docs/audits/fase6/lote-8/presentar-denuncia-conadeh-honduras/pasada-b.json,docs,.json,19787,279,eb8fdf9c82808e480b1c1ec97277e114d30de3893fa3dc32924a4a82969afd7c,review,MANTENER_Y_REVISAR,P3,Media,,Revisión ordinaria.
docs/audits/fase6/lote-8/presentar-denuncia-conadeh-honduras/pasada-a.json,docs,.json,12038,137,358390d0bb1a02b2667a2616668e93d60dd22e71d92dd3ad7abaff299709fdb3,review,MANTENER_Y_REVISAR,P3,Media,,Revisión ordinaria.
docs/audits/fase6/lote-8/divorcio-express-mutuo-acuerdo-honduras/entrada.json,docs,.json,7689,22,351c752deff57eecc63fdf452ffc17a68085483d0fd5f0d44c974395ed45e559,review,MANTENER_Y_REVISAR,P3,Media,,Revisión ordinaria.
docs/audits/fase6/lote-8/divorcio-express-mutuo-acuerdo-honduras/decision-final.json,docs,.json,1324,42,caf23fe6edb83a0d6855683be17e7c627815abc7e4047317e3f4988d0af7a7a1,review,MANTENER_Y_REVISAR,P3,Media,,Revisión ordinaria.
docs/audits/fase6/lote-8/divorcio-express-mutuo-acuerdo-honduras/pasada-b.json,docs,.json,6483,126,672c68001ee833527284ccfbd642d81bb84ff8b738cd75bacf2dbe4c104b0cb5,review,MANTENER_Y_REVISAR,P3,Media,,Revisión ordinaria.
docs/audits/fase6/lote-8/divorcio-express-mutuo-acuerdo-honduras/pasada-a.json,docs,.json,7834,144,ecbf16d6d15e2bfc83bbc1cecc98fd21215873995d6ea6169803f11d72a0fadd,review,MANTENER_Y_REVISAR,P3,Media,,Revisión ordinaria.
docs/audits/fase6/lote-8/tarjetas-credito-intereses-cargos-defensa-honduras/entrada.json,docs,.json,7274,23,cb95808cae1baa03be92b1e44f2669ecdf8d3beb08856c85b41ff5c8182f4cf9,review,MANTENER_Y_REVISAR,P3,Media,,Revisión ordinaria.
docs/audits/fase6/lote-8/tarjetas-credito-intereses-cargos-defensa-honduras/decision-final.json,docs,.json,1331,42,f1344f61626025dbaa1e3fc73c4b7aba979c691c988dba89486a2397a33b4c97,review,MANTENER_Y_REVISAR,P3,Media,,Revisión ordinaria.
docs/audits/fase6/lote-8/tarjetas-credito-intereses-cargos-defensa-honduras/pasada-b.json,docs,.json,21247,270,968f8469f83faf9cfdfce44c33b5b4696e0b678286fa7cdd4b32599a65aa54ce,review,MANTENER_Y_REVISAR,P3,Media,,Revisión ordinaria.
docs/audits/fase6/lote-8/tarjetas-credito-intereses-cargos-defensa-honduras/pasada-a.json,docs,.json,12328,128,2758fe29702f8b6eb27445f4f6869b4c42fefc2e14ad73324730ecd25f31fc2e,review,MANTENER_Y_REVISAR,P3,Media,,Revisión ordinaria.
docs/audits/fase6/lote-8/derecho-de-peticion-instituciones-honduras/entrada.json,docs,.json,8106,23,4f25a619899ff067246e57ceaa1f536f8443b0eed38e4476640c2f96c5c5e9f2,review,MANTENER_Y_REVISAR,P3,Media,,Revisión ordinaria.
docs/audits/fase6/lote-8/derecho-de-peticion-instituciones-honduras/decision-final.json,docs,.json,1390,42,31b739418d2a8d83e2056e83a0110ebe804b6058d3ee3725dc6fa63ea97526a0,review,MANTENER_Y_REVISAR,P3,Media,,Revisión ordinaria.
docs/audits/fase6/lote-8/derecho-de-peticion-instituciones-honduras/pasada-b.json,docs,.json,5766,46,6728617143fb0cb01f8a89a6f68f4dffcc27ffe262567c928ca3299614f40f9a,review,MANTENER_Y_REVISAR,P3,Media,,Revisión ordinaria.
docs/audits/fase6/lote-8/derecho-de-peticion-instituciones-honduras/pasada-a.json,docs,.json,8653,152,6e9f8d6de8fc3b2cb93d8b2571d77be613be0e6cd2b92cf93cf3dceb68c54a39,review,MANTENER_Y_REVISAR,P3,Media,,Revisión ordinaria.
docs/audits/fase6/lote-8/asuntos-familiares-honduras-espana/entrada.json,docs,.json,7558,22,ef697163ae951547b8dd9867ddebbcedd3ee607510e2e96bfa92f2c23d2b1849,review,MANTENER_Y_REVISAR,P3,Media,,Revisión ordinaria.
docs/audits/fase6/lote-8/asuntos-familiares-honduras-espana/decision-final.json,docs,.json,1315,42,bd7e8e62accd7ad45d6eccccfc6351ed5e44ba62e86dc5fa30371cdee33b27b6,review,MANTENER_Y_REVISAR,P3,Media,,Revisión ordinaria.
docs/audits/fase6/lote-8/asuntos-familiares-honduras-espana/pasada-b.json,docs,.json,23199,306,41b4f8162d3b120eda4fdabf29f9fc0ff9d4b3157102d6336e612acb514da330,review,MANTENER_Y_REVISAR,P3,Media,,Revisión ordinaria.
docs/audits/fase6/lote-8/asuntos-familiares-honduras-espana/pasada-a.json,docs,.json,20844,206,192517d16876260ae06a655454352506d5a2caa8677b54053ecd907feadf2f43,review,MANTENER_Y_REVISAR,P3,Media,,Revisión ordinaria.
docs/audits/fase6/lote-8/hondurenos-en-espana-guia-legal-completa/entrada.json,docs,.json,969,22,16cf58905475bab9084ef82ad342a4b1b872dbb423f0a7d3b280478003529cc8,review,MANTENER_Y_REVISAR,P3,Media,,Revisión ordinaria.
docs/audits/fase6/lote-8/hondurenos-en-espana-guia-legal-completa/decision-final.json,docs,.json,473,14,0926f6eba1498d1f57855afb46ddb9c0c2544223463ab1dd7710a21780cdd39a,review,MANTENER_Y_REVISAR,P3,Media,,Revisión ordinaria.
docs/audits/fase6/lote-8/hondurenos-en-espana-guia-legal-completa/pasada-b.json,docs,.json,3543,62,36e4b7d7f028ef613f6414f8cca443867ad2572066b2c2eb8f7a03c1cbc50ddb,review,MANTENER_Y_REVISAR,P3,Media,,Revisión ordinaria.
docs/audits/fase6/lote-8/hondurenos-en-espana-guia-legal-completa/pasada-a.json,docs,.json,1718,41,a869041ffff4af227a4a3e87fcee55295e9315cdea49d88f25839b0d6b17c6c0,review,MANTENER_Y_REVISAR,P3,Media,,Revisión ordinaria.
docs/audits/fase6/lote-8/derechos-del-detenido-guia-constitucional-honduras/entrada.json,docs,.json,4679,22,15026ff7c85ef5225c720fcdc5f9b8f9ec037ffe7edc800ccb0f4cac2c602991,review,MANTENER_Y_REVISAR,P3,Media,,Revisión ordinaria.
docs/audits/fase6/lote-8/derechos-del-detenido-guia-constitucional-honduras/decision-final.json,docs,.json,1335,42,175c8fa5ff45850f9727d55e6f845977c635543fb634748851d05c528ecfb7be,review,MANTENER_Y_REVISAR,P3,Media,,Revisión ordinaria.
docs/audits/fase6/lote-8/derechos-del-detenido-guia-constitucional-honduras/pasada-b.json,docs,.json,9413,133,d9a3838f17d5c6e1a83679223c027ed82c64599e22f53724454cd79305b09b91,review,MANTENER_Y_REVISAR,P3,Media,,Revisión ordinaria.
docs/audits/fase6/lote-8/derechos-del-detenido-guia-constitucional-honduras/pasada-a.json,docs,.json,18851,375,d12a487725da0dba273c7dbd53dd1d2d4d63a2202dbe9cf04df2376029ffd09a,review,MANTENER_Y_REVISAR,P3,Media,,Revisión ordinaria.
docs/audits/fase7/_tmp/compraventa-inmuebles-aspectos-legales-honduras.json,docs,.json,6780,1,bfbefa1e3ff8b64a6d41570612a91e131339f9f190bb98b8ec542073a1d1e8e4,review,MANTENER_Y_REVISAR,P3,Media,,Revisión ordinaria.
docs/audits/fase7/_tmp/tramites-legales-nacaome.json,docs,.json,11823,1,3a75f962b7ec1ea1c96edacf360e538a097171cd11474434fb70603a513ce92f,review,MANTENER_Y_REVISAR,P3,Media,,Revisión ordinaria.
docs/audits/fase7/_tmp/errores-contratos-civiles-honduras.json,docs,.json,7147,1,caa1079239e17df00a50fe50fcff979a75f113f829794bd1196f624051718495,review,MANTENER_Y_REVISAR,P3,Media,,Revisión ordinaria.
docs/audits/fase7/_tmp/demanda-laboral-choluteca.json,docs,.json,8495,1,81037da0516649114f90c7048d17998486e16d546508845112d4e8cdf337316b,review,MANTENER_Y_REVISAR,P3,Media,,Revisión ordinaria.
docs/audits/fase7/_tmp/cuando-necesito-abogado-penalista-honduras.json,docs,.json,10065,1,c6807a09aa392c759ce957c7f079f10c49286e5775024375a75ce0acb7019b9e,review,MANTENER_Y_REVISAR,P3,Media,,Revisión ordinaria.
docs/audits/fase7/_tmp/despido-laboral-honduras-guia-completa.json,docs,.json,7881,1,641c47367592f6e29c38f0ea8f5fb2dbc8d19161ea554127c07b28b6c5bdb354,review,MANTENER_Y_REVISAR,P3,Media,,Revisión ordinaria.
docs/audits/fase7/_tmp/danos-perjuicios-indemnizacion-honduras.json,docs,.json,8113,1,068e55702098e17332c503141a9750246e6d41c96cf4666077eb587ddb9ecf8d,review,MANTENER_Y_REVISAR,P3,Media,,Revisión ordinaria.
docs/audits/fase7/_tmp/proceso-consulta-legal-pineda.json,docs,.json,6364,1,c44123a3b36880d45fba613fd09db428d2975df2d58ea179c9f982e7c2ea8db8,review,MANTENER_Y_REVISAR,P3,Media,,Revisión ordinaria.
docs/audits/fase7/_tmp/pension-alimenticia-porcentaje-honduras-2026.json,docs,.json,9893,1,3621006233756fbc1cf4fc3d2402e38db611bf4beb3fe8c6d4043ef367467540,review,MANTENER_Y_REVISAR,P3,Media,,Revisión ordinaria.
docs/audits/fase7/_tmp/medidas-sustitutivas-prision-preventiva-honduras.json,docs,.json,7594,1,d68b110cd470476ed8b040325bbff89a06d8669cb95044aa490247e7b2bcc44d,review,MANTENER_Y_REVISAR,P3,Media,,Revisión ordinaria.
docs/audits/fase7/_tmp/delitos-mas-comunes-honduras.json,docs,.json,6031,1,5f06c2b3007be0edfdb165567a54f51c689e4d82bfdf8c8996d6e64b22a6594e,review,MANTENER_Y_REVISAR,P3,Media,,Revisión ordinaria.
docs/audits/fase7/_tmp/como-elegir-abogado-honduras.json,docs,.json,9136,1,bbdc36419541b4e3d9a963e621371a4b57455030922b18bb897af73b414d3cd6,review,MANTENER_Y_REVISAR,P3,Media,,Revisión ordinaria.
docs/audits/fase7/_tmp/defensa-penal-menores-edad-honduras.json,docs,.json,5812,1,5edcf35d3382e68712461636d655ce7d59cb72e21ecd4e7211cdfe437b69af2e,review,MANTENER_Y_REVISAR,P3,Media,,Revisión ordinaria.
docs/audits/fase7/_tmp/que-hacer-si-me-detienen-en-honduras.json,docs,.json,6980,1,a04d0b0d9edf1202ff97667bfc5bd12ff457d1b5d8a809ac81c29a99aa793c29,review,MANTENER_Y_REVISAR,P3,Media,,Revisión ordinaria.
docs/audits/fase7/_tmp/pineda-asociados-bufete-multidisciplinario-honduras.json,docs,.json,7734,1,123834f71fca647662e85555f19ee7d3e84d0ea22e0a699bae0e81e637a8989f,review,MANTENER_Y_REVISAR,P3,Media,,Revisión ordinaria.
docs/audits/fase7/_tmp/pension-alimenticia-honduras-guia-completa.json,docs,.json,6240,1,56c37c5401109b5601e64a88c42442e557cb0eace3801649b17d82e169269b2e,review,MANTENER_Y_REVISAR,P3,Media,,Revisión ordinaria.
docs/audits/fase7/_tmp/cuando-prescribe-delito-en-honduras.json,docs,.json,7094,1,f184e7cc11921fa590cd071c5510d00b9d368970174b411cf1ad71b3ef600ed9,review,MANTENER_Y_REVISAR,P3,Media,,Revisión ordinaria.
docs/audits/fase7/_tmp/estafas-fraudes-tipos-penales-honduras.json,docs,.json,5980,1,923cd9e76d5599c8e776ee5b4734a3cd360fe7a078727b1f1b78975b4c6295e1,review,MANTENER_Y_REVISAR,P3,Media,,Revisión ordinaria.
docs/audits/fase7/_tmp/divorcio-honduras-guia-completa.json,docs,.json,6631,1,23ffd8319dda719046d7b799b09640fd1551459db71123ccd3bf57db31ac6e9d,review,MANTENER_Y_REVISAR,P3,Media,,Revisión ordinaria.
docs/audits/fase7/_tmp/titulos-valores-cheques-sin-fondo-honduras.json,docs,.json,7632,1,5ce66924a97b23bc5fe5862c9204fde8f029a136d92c5c988d8cfca9114a1ff6,review,MANTENER_Y_REVISAR,P3,Media,,Revisión ordinaria.
docs/audits/fase7/_tmp/defensa-sar-choluteca.json,docs,.json,10021,1,38639e8063bdcf0051a8e313422b17288208ae61af0c9dec24bf1e29f0de59ef,review,MANTENER_Y_REVISAR,P3,Media,,Revisión ordinaria.
docs/audits/fase7/_tmp/tipos-sociedad-mercantil-honduras.json,docs,.json,7415,1,103b3dfef513518909e135dfa38554d89998ba625a904fab3c893fffb5f854c0,review,MANTENER_Y_REVISAR,P3,Media,,Revisión ordinaria.
docs/audits/fase7/_tmp/impuesto-renta-personas-fisicas-honduras.json,docs,.json,8069,1,187d56975605ea70b5e7756e419c8e2051bff7b21dcde416a2c37b293e62aee2,review,MANTENER_Y_REVISAR,P3,Media,,Revisión ordinaria.
docs/audits/fase7/_tmp/cobro-deudas-choluteca.json,docs,.json,8060,1,212d2222acde9edd5456351eef5a2c38ae1d7d8950cc077c8b35bdb2ce37c6a3,review,MANTENER_Y_REVISAR,P3,Media,,Revisión ordinaria.
docs/audits/fase7/_tmp/usucapion-prescripcion-adquisitiva-honduras.json,docs,.json,5087,1,eb975c19ed404ec176b4aff6f366a3f2b70ea6fe0c7d0d310f76ad3123d6cc3e,review,MANTENER_Y_REVISAR,P3,Media,,Revisión ordinaria.
docs/audits/fase7/_tmp/preguntas-frecuentes-antes-contratar-abogado-honduras.json,docs,.json,8795,1,269c06d3806f61cd21caa5fb3861e1636e34316fdc0ab9716e0f93efe99e367f,review,MANTENER_Y_REVISAR,P3,Media,,Revisión ordinaria.
docs/audits/fase7/_tmp/registrar-marca-honduras-paso-a-paso.json,docs,.json,6187,1,fde711e83c0c34580f7dd5d49b6199fae4a3e7e2086850bccc737b22588acb64,review,MANTENER_Y_REVISAR,P3,Media,,Revisión ordinaria.
docs/audits/fase7/_tmp/accidente-transito-choluteca.json,docs,.json,8566,1,8446ef34eb8ff368bd76ef03489fcfd215a39b9f380e56cf865896f7f3a25004,review,MANTENER_Y_REVISAR,P3,Media,,Revisión ordinaria.
docs/audits/fase7/_tmp/derechos-detenido-honduras-guia-constitucional.json,docs,.json,8703,1,8f5e0f4af38db36ca4974ed68a3e9a20f5c27d3de8d0394592ea290119ef9da1,review,MANTENER_Y_REVISAR,P3,Media,,Revisión ordinaria.
docs/audits/fase7/_tmp/derechos-laborales-basicos-honduras.json,docs,.json,5694,1,97abc071f584423ab01e885573df9ff0b008c4964f709e742333152cbabbaaf1,review,MANTENER_Y_REVISAR,P3,Media,,Revisión ordinaria.
docs/audits/fase7/_tmp/pension-alimenticia-choluteca.json,docs,.json,4110,1,5b556708b40b775f50800716f33e4ecf29945f7b6039d9742c7a6b40a3ff1f63,review,MANTENER_Y_REVISAR,P3,Media,,Revisión ordinaria.
docs/audits/fase7/_tmp/servicios-legales-empresas-sur-honduras.json,docs,.json,7264,1,acea74c293b6cb92576c4dde1899d021ea74c7d2d2541acc9a13ab5a9100ef77,review,MANTENER_Y_REVISAR,P3,Media,,Revisión ordinaria.
docs/audits/fase7/_tmp/guia-aduanera-importaciones-honduras.json,docs,.json,14726,1,71a451f1419622c40e789f3463280d8a2cf5584b343d3afa51b2d277e2c0c48f,review,MANTENER_Y_REVISAR,P3,Media,,Revisión ordinaria.
docs/audits/fase7/_tmp/asuntos-familiares-honduras-espana.json,docs,.json,6919,1,dd12bab30e0809c539c83112d268bb2f6bab3f794825678b65410d3a2141352e,review,MANTENER_Y_REVISAR,P3,Media,,Revisión ordinaria.
docs/audits/fase7/_tmp/abogado-laboral-choluteca.json,docs,.json,9014,1,157a6607f9afb960a31271ba1ba30d4828310fa284f0c49b7e4d91349b8723ef,review,MANTENER_Y_REVISAR,P3,Media,,Revisión ordinaria.
docs/audits/fase7/_tmp/abogado-familia-choluteca.json,docs,.json,7762,1,9cc2ab431e633ae75838693229d7b6a8a3ce1d3c34fed50f7b877c73935268df,review,MANTENER_Y_REVISAR,P3,Media,,Revisión ordinaria.
docs/audits/fase7/_tmp/diferencia-denuncia-querella-acusacion-honduras.json,docs,.json,6919,1,226f82c88da488d46feee14b189030ae15f9f55d6fe2019da998e2726dfb7283,review,MANTENER_Y_REVISAR,P3,Media,,Revisión ordinaria.
docs/audits/fase7/_tmp/jornada-laboral-horas-extra-descansos-honduras.json,docs,.json,6856,1,2715fbbe2af4d31c471bd48fcb2808d1ac56476f721ad1cee2794a433b840e27,review,MANTENER_Y_REVISAR,P3,Media,,Revisión ordinaria.
docs/audits/fase7/_tmp/custodia-hijos-honduras-juez.json,docs,.json,7865,1,4219e2ae3206c41161dec3f2fdec8d1156f26664f09663d2acdedac49d9f076a,review,MANTENER_Y_REVISAR,P3,Media,,Revisión ordinaria.
docs/audits/fase7/_tmp/hondurenos-espana-documentos.json,docs,.json,6530,1,4927c5bcab14dbb3b51436ccbc4a0f699e28ed0489b64994c1c3c116e72ef702,review,MANTENER_Y_REVISAR,P3,Media,,Revisión ordinaria.
docs/audits/fase7/_tmp/abogado-empresas-san-lorenzo.json,docs,.json,6485,1,c013ed116ee76c9e8f2df58ecfedc809282d3580be787d0dbb3d1da1e4273f0a,review,MANTENER_Y_REVISAR,P3,Media,,Revisión ordinaria.
docs/audits/fase7/_tmp/abogado-civil-choluteca.json,docs,.json,4922,1,f3b25d232ba50c4a121201a13fc7b66690278da023b8db1757e37923f5cab623,review,MANTENER_Y_REVISAR,P3,Media,,Revisión ordinaria.
docs/audits/fase7/_tmp/divorcio-choluteca.json,docs,.json,6673,1,078655d9a4d06ce8b9b223d1ca0e6e5ffa8dbe91a808ac6e4cbd20159a4f06a5,review,MANTENER_Y_REVISAR,P3,Media,,Revisión ordinaria.
docs/audits/fase7/_tmp/audiencia-inicial-proceso-penal-honduras.json,docs,.json,7285,1,6b762b7883cfaec3f267e913bdb91ba404970faa20fd63b24ca5e8e026448e51,review,MANTENER_Y_REVISAR,P3,Media,,Revisión ordinaria.
docs/audits/fase7/lote-F/resumen-lote.json,docs,.json,305,14,b0fea00df1791084d9157f2642f13e0ae9ecec45b8297c2ffe9b44e8e676cce9,review,MANTENER_Y_REVISAR,P3,Media,,Revisión ordinaria.
docs/audits/fase7/lote-F/decisiones-finales.json,docs,.json,10934,360,3e1ef35ab5596482e43d57ab03f3a0295583c738455d1f3c14a78c676cd09104,review,MANTENER_Y_REVISAR,P3,Media,,Revisión ordinaria.
docs/audits/fase7/lote-G/resumen-lote.json,docs,.json,305,14,2f660700d8caba24bacf2c8cce8d913305aa9357f598c5bf24d327285faf3944,review,MANTENER_Y_REVISAR,P3,Media,,Revisión ordinaria.
docs/audits/fase7/lote-G/decisiones-finales.json,docs,.json,10885,361,51c389e814195a746156cd471056a175348f8b6abaa5bc3ed79760a58c9608f4,review,MANTENER_Y_REVISAR,P3,Media,,Revisión ordinaria.
docs/audits/fase7/lote-A/resumen-lote.json,docs,.json,327,15,4be5dd369656d41217a8071d17b75c9c4a0453b91dd4c0ec38630f57dfef077e,review,MANTENER_Y_REVISAR,P3,Media,,Revisión ordinaria.
docs/audits/fase7/lote-A/decisiones-finales.json,docs,.json,13986,399,b71871d8e6e1a4edd02092e0dfeb285b8addce0f504dbf8fe4e2b5660f126c0a,review,MANTENER_Y_REVISAR,P3,Media,,Revisión ordinaria.
docs/audits/fase7/lote-D/resumen-lote.json,docs,.json,305,14,d10f4f5e0b66f39d0cd6c5ab35fbd6c260839d7e2dcb5edf318d18b8274c0bc5,review,MANTENER_Y_REVISAR,P3,Media,,Revisión ordinaria.
docs/audits/fase7/lote-D/decisiones-finales.json,docs,.json,10638,352,0be024fff1fc507def7f5cfaf9c4d0dfee739c0f3ec81298b933a4b0734178c9,review,MANTENER_Y_REVISAR,P3,Media,,Revisión ordinaria.
docs/audits/fase7/lote-C/resumen-lote.json,docs,.json,305,14,30039c2b224c1336171e759be12e1d02bf2158d65a5dda68e2c9a588488032e8,review,MANTENER_Y_REVISAR,P3,Media,,Revisión ordinaria.
docs/audits/fase7/lote-C/decisiones-finales.json,docs,.json,10644,355,8bd1ed45040f52e17d67ce8421279bb1dcdca22dba432ecd26520b24f4433292,review,MANTENER_Y_REVISAR,P3,Media,,Revisión ordinaria.
docs/audits/fase7/lote-B/resumen-lote.json,docs,.json,305,14,05fdf2656f6846dc9906971b87e3d96a7700394b2793e3b149be65048e56bdc7,review,MANTENER_Y_REVISAR,P3,Media,,Revisión ordinaria.
docs/audits/fase7/lote-B/decisiones-finales.json,docs,.json,10696,356,4f13ba4374a8ddf7e4c55e3606d25fa395ea669cba9591645cbc71a5b751ca9e,review,MANTENER_Y_REVISAR,P3,Media,,Revisión ordinaria.
docs/audits/fase7/lote-H/resumen-lote.json,docs,.json,305,14,97fc57f6ad0995df0edf3e558cc41359ef809073e21cb33fbb89197285652146,review,MANTENER_Y_REVISAR,P3,Media,,Revisión ordinaria.
docs/audits/fase7/lote-H/decisiones-finales.json,docs,.json,10879,362,5bac4701cd356b36bd0f07070c78e754f28ffe2672019705e6ba1f46f7641e32,review,MANTENER_Y_REVISAR,P3,Media,,Revisión ordinaria.
docs/audits/fase7/lote-E/resumen-lote.json,docs,.json,305,14,d750dac1d0c038ace99b4d1b0f8e089c104d742abbbe8c1d0ce0bc3b6d20c25b,review,MANTENER_Y_REVISAR,P3,Media,,Revisión ordinaria.
docs/audits/fase7/lote-E/decisiones-finales.json,docs,.json,11032,361,83809f63203967a0e16d3f5ed72c08c1353aeb5e77d53226ad847b5fa08006dd,review,MANTENER_Y_REVISAR,P3,Media,,Revisión ordinaria.
docs/audits/fase7/lote-I/resumen-lote.json,docs,.json,305,14,47475e23f5fa202b3ed02fc30731609d27d817382f3a9410af1031363d77f687,review,MANTENER_Y_REVISAR,P3,Media,,Revisión ordinaria.
docs/audits/fase7/lote-I/decisiones-finales.json,docs,.json,10050,334,06e09f8af0fb55d7bf1fa19e4c2363a9fce3d5ada793ce1f20920841ce301c4a,review,MANTENER_Y_REVISAR,P3,Media,,Revisión ordinaria.
docs/audits/fase7/lote-I/diferencia-denuncia-querella-acusacion-honduras/seo-geo.json,docs,.json,1727,48,d763f1a11be5be737b15cf819acd4817b26dd5809590b1a6a2a86c4b6ac6bc0f,review,MANTENER_Y_REVISAR,P3,Media,,Revisión ordinaria.
docs/audits/fase7/lote-I/diferencia-denuncia-querella-acusacion-honduras/decision-final.json,docs,.json,674,23,83400c5e1ff56982d92a9e609453e3e5ce9c7518947349669eb0f816d24196ad,review,MANTENER_Y_REVISAR,P3,Media,,Revisión ordinaria.
docs/audits/fase7/lote-I/diferencia-denuncia-querella-acusacion-honduras/legal-a.json,docs,.json,2689,64,8d0023c769635f6b861f9badca1044c31224b8f6011ebb4b2229546a01f1122e,review,MANTENER_Y_REVISAR,P3,Media,,Revisión ordinaria.
docs/audits/fase7/lote-I/diferencia-denuncia-querella-acusacion-honduras/ux-produccion.json,docs,.json,1301,46,81a69b432f19d89744dbcda700cdf8c65d65d01c271249f9470c6ca493dcca7c,review,MANTENER_Y_REVISAR,P3,Media,,Revisión ordinaria.
docs/audits/fase7/lote-I/diferencia-denuncia-querella-acusacion-honduras/_meta.json,docs,.json,370,10,9037ca2310e6c2565dcce9d08452e0522d13ea2fa0f2ecbe2800bc980ed40dae,review,MANTENER_Y_REVISAR,P3,Media,,Revisión ordinaria.
docs/audits/fase7/lote-I/abogado-laboral-choluteca/seo-geo.json,docs,.json,1747,48,dfd7ede34b4971602e30ed310578c0176758cbccccf8bcf9fad6c2b19949e641,review,MANTENER_Y_REVISAR,P3,Media,,Revisión ordinaria.
docs/audits/fase7/lote-I/abogado-laboral-choluteca/decision-final.json,docs,.json,655,24,b9103601a072d80ad5ab7c7e170272a04e5b49e627726a8cd04953f1e6e6e78e,review,MANTENER_Y_REVISAR,P3,Media,,Revisión ordinaria.
docs/audits/fase7/lote-I/abogado-laboral-choluteca/legal-a.json,docs,.json,1691,46,3703d6b8d789723fa7eac9cb7a7c0381e35608b841f877fb82262c3bc6fda87e,review,MANTENER_Y_REVISAR,P3,Media,,Revisión ordinaria.
docs/audits/fase7/lote-I/abogado-laboral-choluteca/ux-produccion.json,docs,.json,1259,46,2d8bf608e2c7a1b10de8c1a2acafe77bda43a5aa26795397fb4a12284b80a9b5,review,MANTENER_Y_REVISAR,P3,Media,,Revisión ordinaria.
docs/audits/fase7/lote-I/abogado-laboral-choluteca/_meta.json,docs,.json,340,10,a661ca56a1df36f2b630bb3c941ff68c5d3abd5f864a66fdaabf24721daf9134,review,MANTENER_Y_REVISAR,P3,Media,,Revisión ordinaria.
docs/audits/fase7/lote-I/cuando-necesito-abogado-penalista-honduras/seo-geo.json,docs,.json,1737,48,e75184d4b1f24627cb890ebb0fb8e8b01db24361fc7a027452db9978bffea572,review,MANTENER_Y_REVISAR,P3,Media,,Revisión ordinaria.
docs/audits/fase7/lote-I/cuando-necesito-abogado-penalista-honduras/decision-final.json,docs,.json,691,24,b7f8d11d52ef267bd02f468f108cc3b725f4aa76d2843c680009b91acdc57149,review,MANTENER_Y_REVISAR,P3,Media,,Revisión ordinaria.
docs/audits/fase7/lote-I/cuando-necesito-abogado-penalista-honduras/legal-a.json,docs,.json,2568,64,3b3a93cc62e79dfc7704d266ddc923991fba674154e7d5c55174f0d5463b62a2,review,MANTENER_Y_REVISAR,P3,Media,,Revisión ordinaria.
docs/audits/fase7/lote-I/cuando-necesito-abogado-penalista-honduras/ux-produccion.json,docs,.json,1291,46,a76c03a46b1becc564a3a8ba88999d8d1613861517398ad30c8c251deeb96e47,review,MANTENER_Y_REVISAR,P3,Media,,Revisión ordinaria.
docs/audits/fase7/lote-I/cuando-necesito-abogado-penalista-honduras/_meta.json,docs,.json,362,10,1cac762945a5b022d6bd6140406a2567c76e4b7f2d657c4767d12f4126196c4c,review,MANTENER_Y_REVISAR,P3,Media,,Revisión ordinaria.
docs/audits/fase7/lote-I/como-elegir-abogado-honduras/seo-geo.json,docs,.json,1754,48,33c85b7f23633a544395785e37fea400d29936efa477b668183de4aafda888fa,review,MANTENER_Y_REVISAR,P3,Media,,Revisión ordinaria.
docs/audits/fase7/lote-I/como-elegir-abogado-honduras/decision-final.json,docs,.json,661,24,b658676ce574f6c9e30e677560e534b4b9a01f9ba6c54f4a69e96cacb88a503e,review,MANTENER_Y_REVISAR,P3,Media,,Revisión ordinaria.
docs/audits/fase7/lote-I/como-elegir-abogado-honduras/legal-a.json,docs,.json,1863,48,8084f1f1620ec0243743d5138302ce20f0084ac37838ca1fab435d7ad8bba779,review,MANTENER_Y_REVISAR,P3,Media,,Revisión ordinaria.
docs/audits/fase7/lote-I/como-elegir-abogado-honduras/ux-produccion.json,docs,.json,1264,46,e80393ae2509b5cd849639417e0a1d7ee12218fe8a2471ac129d5badb7f63393,review,MANTENER_Y_REVISAR,P3,Media,,Revisión ordinaria.
docs/audits/fase7/lote-I/como-elegir-abogado-honduras/_meta.json,docs,.json,334,10,bad835a37ca3cbadf8c5cc168371f5b7c48a704c352cea7189d94e3203372638,review,MANTENER_Y_REVISAR,P3,Media,,Revisión ordinaria.
docs/audits/fase7/lote-I/accidente-transito-choluteca/seo-geo.json,docs,.json,1686,48,5dc9b7b57a3b30aa88ecc3632bc350687c010b197e290c93230b10ba3ff09e42,review,MANTENER_Y_REVISAR,P3,Media,,Revisión ordinaria.
docs/audits/fase7/lote-I/accidente-transito-choluteca/decision-final.json,docs,.json,663,24,97c820f8af01b6851f1157c8b2ab8c1367c9c5633e602a6ddfd132fb352d9fb5,review,MANTENER_Y_REVISAR,P3,Media,,Revisión ordinaria.
docs/audits/fase7/lote-I/accidente-transito-choluteca/legal-a.json,docs,.json,1750,46,b5d565385a5d5b86808f89325efe782aa55f761f0c27497b1b2ca5bff88d7067,review,MANTENER_Y_REVISAR,P3,Media,,Revisión ordinaria.
docs/audits/fase7/lote-I/accidente-transito-choluteca/ux-produccion.json,docs,.json,1263,46,33f0d1bda094f20a373c2d171e564c2976d4854f366ff5269be77bc5fb5ea425,review,MANTENER_Y_REVISAR,P3,Media,,Revisión ordinaria.
docs/audits/fase7/lote-I/accidente-transito-choluteca/_meta.json,docs,.json,328,10,d6202d6362b176ac323f598bb9321c9c8e0392174859e52b9f827786b4168200,review,MANTENER_Y_REVISAR,P3,Media,,Revisión ordinaria.
docs/audits/fase7/lote-I/pension-alimenticia-choluteca/seo-geo.json,docs,.json,1705,48,1e48b5793dacafc0ae67b7d6c2f7896956fb1964505d3e07aa28a2c1001bcf0f,review,MANTENER_Y_REVISAR,P3,Media,,Revisión ordinaria.
docs/audits/fase7/lote-I/pension-alimenticia-choluteca/decision-final.json,docs,.json,664,24,f03aa5e45ea10a8321a4be7cb8097a089f0a2a28b5756a89ec51bd7e4333cda3,review,MANTENER_Y_REVISAR,P3,Media,,Revisión ordinaria.
docs/audits/fase7/lote-I/pension-alimenticia-choluteca/legal-a.json,docs,.json,2706,65,8d29a98f2ed22073fbee82c124669cc41f0f2680aabb5d6c07a7b631010f1d72,review,MANTENER_Y_REVISAR,P3,Media,,Revisión ordinaria.
docs/audits/fase7/lote-I/pension-alimenticia-choluteca/ux-produccion.json,docs,.json,1270,46,851d58de403bf1d3a7185146ab03fc41524c335c359e1ddaf4881aadaa47ae76,review,MANTENER_Y_REVISAR,P3,Media,,Revisión ordinaria.
docs/audits/fase7/lote-I/pension-alimenticia-choluteca/_meta.json,docs,.json,338,10,c71b285d4e16ac8d887823da6f6d2e6d0d2302bfa2aa880f4a0a99da49f1c04d,review,MANTENER_Y_REVISAR,P3,Media,,Revisión ordinaria.
docs/audits/fase7/lote-I/pension-alimenticia-porcentaje-honduras-2026/seo-geo.json,docs,.json,1701,48,0085f137d95c12242607a831ed4f774f5d668197532c066d2f18acda239f0a28,review,MANTENER_Y_REVISAR,P3,Media,,Revisión ordinaria.
docs/audits/fase7/lote-I/pension-alimenticia-porcentaje-honduras-2026/decision-final.json,docs,.json,669,23,02f59fb2d9838d6fe7a2c84e328184502d1524a70def92db94bdc87976aa13c3,review,MANTENER_Y_REVISAR,P3,Media,,Revisión ordinaria.
docs/audits/fase7/lote-I/pension-alimenticia-porcentaje-honduras-2026/legal-a.json,docs,.json,2346,60,64756f44eb8841215366a82f1d6cd6a14280212a6ded54ea4c12f92004c38c83,review,MANTENER_Y_REVISAR,P3,Media,,Revisión ordinaria.
docs/audits/fase7/lote-I/pension-alimenticia-porcentaje-honduras-2026/ux-produccion.json,docs,.json,1300,46,9d0c3022fb90cb2cea7a5ce86fe75fe94c4efc5102d21b5c0b2da2e3fa8e2c49,review,MANTENER_Y_REVISAR,P3,Media,,Revisión ordinaria.
docs/audits/fase7/lote-I/pension-alimenticia-porcentaje-honduras-2026/_meta.json,docs,.json,393,10,748c9e1447337159a1cf1284ab73eb60c49c8fc619565a0482054bcca3987dc3,review,MANTENER_Y_REVISAR,P3,Media,,Revisión ordinaria.
docs/audits/fase7/lote-I/medidas-sustitutivas-prision-preventiva-honduras/seo-geo.json,docs,.json,1744,48,97ff2c2e9b2cbc3c0cb1a7284e5f1fc64b6e2a26dac41859d3698ea010548c65,review,MANTENER_Y_REVISAR,P3,Media,,Revisión ordinaria.
docs/audits/fase7/lote-I/medidas-sustitutivas-prision-preventiva-honduras/decision-final.json,docs,.json,703,24,e7d7841fea2364b077a4bb0882db1b4c928fd83df5a91ea6b0b5a4ec32bc6a3f,review,MANTENER_Y_REVISAR,P3,Media,,Revisión ordinaria.
docs/audits/fase7/lote-I/medidas-sustitutivas-prision-preventiva-honduras/legal-a.json,docs,.json,2233,55,c67780aa99876f5d10b465e87639d4cbed443f155ff7b3893bfef18f7f029be5,review,MANTENER_Y_REVISAR,P3,Media,,Revisión ordinaria.
docs/audits/fase7/lote-I/medidas-sustitutivas-prision-preventiva-honduras/ux-produccion.json,docs,.json,1303,46,614b30f53f7a1c637f0fcce20f4fa678542a73646fa0d8c38c6a387bb923cbca,review,MANTENER_Y_REVISAR,P3,Media,,Revisión ordinaria.
docs/audits/fase7/lote-I/medidas-sustitutivas-prision-preventiva-honduras/_meta.json,docs,.json,360,10,d6748f0b2a7844062a53c26a36052b1787950e00483aed9064cedd71708fd133,review,MANTENER_Y_REVISAR,P3,Media,,Revisión ordinaria.
docs/audits/fase7/lote-I/derechos-detenido-honduras-guia-constitucional/seo-geo.json,docs,.json,1718,48,6277500fb02bcc785df3a095db3338c91cc8c67f264fdfa0faba9e00a07ac585,review,MANTENER_Y_REVISAR,P3,Media,,Revisión ordinaria.
docs/audits/fase7/lote-I/derechos-detenido-honduras-guia-constitucional/decision-final.json,docs,.json,672,23,83fe1a5c8e3ef644d3bda6605e26e9f53e924648282a1aba5f0dbdacb161d83a,review,MANTENER_Y_REVISAR,P3,Media,,Revisión ordinaria.
docs/audits/fase7/lote-I/derechos-detenido-honduras-guia-constitucional/legal-a.json,docs,.json,4010,89,12eb94aeb4c79f279fcb688e5ee63705664250edce194a36ba02ca65b9100686,review,MANTENER_Y_REVISAR,P3,Media,,Revisión ordinaria.
docs/audits/fase7/lote-I/derechos-detenido-honduras-guia-constitucional/ux-produccion.json,docs,.json,1299,46,0e232a4ce57264c95c223114e811039de271c385fdcddb021e7ba4bc03098583,review,MANTENER_Y_REVISAR,P3,Media,,Revisión ordinaria.
docs/audits/fase7/lote-I/derechos-detenido-honduras-guia-constitucional/_meta.json,docs,.json,381,10,f2e0f114a87c7e0437d90f3259c32d677f511a9bb3cb4f4068d78bb45244053c,review,MANTENER_Y_REVISAR,P3,Media,,Revisión ordinaria.
docs/audits/fase7/lote-I/audiencia-inicial-proceso-penal-honduras/seo-geo.json,docs,.json,1707,48,47a5349832deb01292368baefa4e24c14e0fd39203cfe45d6e7d1add6f17af50,review,MANTENER_Y_REVISAR,P3,Media,,Revisión ordinaria.
docs/audits/fase7/lote-I/audiencia-inicial-proceso-penal-honduras/decision-final.json,docs,.json,660,23,690a71bc70e1f491bc72b88587c7cd4206090af863f4c9ce51321ca0f2476327,review,MANTENER_Y_REVISAR,P3,Media,,Revisión ordinaria.
docs/audits/fase7/lote-I/audiencia-inicial-proceso-penal-honduras/legal-a.json,docs,.json,2545,62,16f3d234074df8ee0c6ad9959b42bfd5ccd4c1983cb8b7fe4361bea16ecef647,review,MANTENER_Y_REVISAR,P3,Media,,Revisión ordinaria.
docs/audits/fase7/lote-I/audiencia-inicial-proceso-penal-honduras/ux-produccion.json,docs,.json,1287,46,645fbbeb1189e370782f5a0b6d3264808d86258adb205e8f26f5d09d57f79c3f,review,MANTENER_Y_REVISAR,P3,Media,,Revisión ordinaria.
docs/audits/fase7/lote-I/audiencia-inicial-proceso-penal-honduras/_meta.json,docs,.json,372,10,e6c6dba0289f6a41deb938a50b5c87ae60c07cf26e1e24e22318291b7ef27668,review,MANTENER_Y_REVISAR,P3,Media,,Revisión ordinaria.
docs/audits/fase7/lote-I/cobro-deudas-choluteca/seo-geo.json,docs,.json,1677,48,f6a9ddb8e5b5113fe62c17bb4e6e745082b75c9ca7c603996f22aece943b1959,review,MANTENER_Y_REVISAR,P3,Media,,Revisión ordinaria.
docs/audits/fase7/lote-I/cobro-deudas-choluteca/decision-final.json,docs,.json,651,24,122e03d331239d76b2ad5935750faf53957c4ff411c340e788129edb15fec885,review,MANTENER_Y_REVISAR,P3,Media,,Revisión ordinaria.
docs/audits/fase7/lote-I/cobro-deudas-choluteca/legal-a.json,docs,.json,3076,80,c6f25b56f30f2611e87f3d5f13bd7a855e44914ccde96c08200c92286a1bc282,review,MANTENER_Y_REVISAR,P3,Media,,Revisión ordinaria.
docs/audits/fase7/lote-I/cobro-deudas-choluteca/ux-produccion.json,docs,.json,1251,46,49786770208f8e64df7c4405a9dc3f2114afc6e7376b728a1e9c00f37fb22222,review,MANTENER_Y_REVISAR,P3,Media,,Revisión ordinaria.
docs/audits/fase7/lote-I/cobro-deudas-choluteca/_meta.json,docs,.json,324,10,7e8062344f213b2f282899e4f39c2953d9fa6d809019ed3516df922dd3cf7fb3,review,MANTENER_Y_REVISAR,P3,Media,,Revisión ordinaria.
docs/audits/fase7/lote-I/tramites-legales-nacaome/seo-geo.json,docs,.json,1739,48,b14281cb974ca61f7ed92688442618b3487989dd5522b3b91c005bd25433ed95,review,MANTENER_Y_REVISAR,P3,Media,,Revisión ordinaria.
docs/audits/fase7/lote-I/tramites-legales-nacaome/decision-final.json,docs,.json,653,24,82e616155b476f2b80d2f543a615c08cfe84dbc4de97176f4386ff5ac0588b53,review,MANTENER_Y_REVISAR,P3,Media,,Revisión ordinaria.
docs/audits/fase7/lote-I/tramites-legales-nacaome/legal-a.json,docs,.json,2397,64,035f9ee8a295c1c74561894e9d9926d484287c5d358eea377d2dcbb280baf5b9,review,MANTENER_Y_REVISAR,P3,Media,,Revisión ordinaria.
docs/audits/fase7/lote-I/tramites-legales-nacaome/ux-produccion.json,docs,.json,1256,46,a12bfd63c4264542214b8e7a4890faa952c109b5edc730c4b2d2e2cc73691855,review,MANTENER_Y_REVISAR,P3,Media,,Revisión ordinaria.
docs/audits/fase7/lote-I/tramites-legales-nacaome/_meta.json,docs,.json,328,10,b8c1d0fdb400b29313bc79a6898cd4c9fce3eaf42056e3e4c32124e95b5bf2ad,review,MANTENER_Y_REVISAR,P3,Media,,Revisión ordinaria.
docs/audits/fase7/lote-I/demanda-laboral-choluteca/seo-geo.json,docs,.json,1685,48,6f6b116f95e739176672a8314b2a1141d66c6912f4a0a6d58f8eda0f8ed24f77,review,MANTENER_Y_REVISAR,P3,Media,,Revisión ordinaria.
docs/audits/fase7/lote-I/demanda-laboral-choluteca/decision-final.json,docs,.json,657,24,0bdb8f980acd34ec3e1cc873f88308a529b249eaecfe14e3fcc1b0d4f6d27302,review,MANTENER_Y_REVISAR,P3,Media,,Revisión ordinaria.
docs/audits/fase7/lote-I/demanda-laboral-choluteca/legal-a.json,docs,.json,2642,65,09b4fa5885c98cf9b607ee46bb19071df15c91b87d2880c7f5f4ada280ac3b75,review,MANTENER_Y_REVISAR,P3,Media,,Revisión ordinaria.
docs/audits/fase7/lote-I/demanda-laboral-choluteca/ux-produccion.json,docs,.json,1259,46,5bbcd299c377c0eb82a2b5291f463b4dffd5bd8e58dd672a2fa1888cfa74c248,review,MANTENER_Y_REVISAR,P3,Media,,Revisión ordinaria.
docs/audits/fase7/lote-I/demanda-laboral-choluteca/_meta.json,docs,.json,331,10,16631b6772f62253de428917fe882efcd77cf85f1b0d065d4c97df41c876d383,review,MANTENER_Y_REVISAR,P3,Media,,Revisión ordinaria.
docs/audits/fase7/lote-I/despido-laboral-honduras-guia-completa/seo-geo.json,docs,.json,1717,48,a05c449df02ae440ca6d73cff17d1bcbc6f03ced12d610bb9fc183e80932b77b,review,MANTENER_Y_REVISAR,P3,Media,,Revisión ordinaria.
docs/audits/fase7/lote-I/despido-laboral-honduras-guia-completa/decision-final.json,docs,.json,683,24,606fe54b480713fe5676fdf1a6b25bbdb9c5c50faf5e7b604561c41415cb772f,review,MANTENER_Y_REVISAR,P3,Media,,Revisión ordinaria.
docs/audits/fase7/lote-I/despido-laboral-honduras-guia-completa/legal-a.json,docs,.json,2907,71,2a2775d10f9dfe16c385227a2d82e25a3478bc445299ce33be568a761b24110c,review,MANTENER_Y_REVISAR,P3,Media,,Revisión ordinaria.
docs/audits/fase7/lote-I/despido-laboral-honduras-guia-completa/ux-produccion.json,docs,.json,1285,46,a00277b1504b6089e15ce3c1d5177f261058c14e36abcc9cd9b2a95d4e0a45c2,review,MANTENER_Y_REVISAR,P3,Media,,Revisión ordinaria.
docs/audits/fase7/lote-I/despido-laboral-honduras-guia-completa/_meta.json,docs,.json,344,10,9eb61114c7ebe7f5e4143fa7aac2effc6b7d3f2fdf9c2a3af411b03160554f17,review,MANTENER_Y_REVISAR,P3,Media,,Revisión ordinaria.
docs/audits/fase7/lote-E/contratos-confidencialidad-nda-secreto-comercial-honduras/seo-geo.json,docs,.json,1764,48,3f602ed7623d6eaa30c723fc4ee7034bacc9d45dc5bf019b6f17ae789329fa34,review,MANTENER_Y_REVISAR,P3,Media,,Revisión ordinaria.
docs/audits/fase7/lote-E/contratos-confidencialidad-nda-secreto-comercial-honduras/decision-final.json,docs,.json,721,24,c3167d45da29b1e0743857a6d9393c32ecd5678de7407594b41cfafce295df67,review,MANTENER_Y_REVISAR,P3,Media,,Revisión ordinaria.
docs/audits/fase7/lote-E/contratos-confidencialidad-nda-secreto-comercial-honduras/legal-a.json,docs,.json,2344,52,d9c34290f94577bde193156b2ea328d5ed047d46d6b73af284d5ac2ad6e9d434,review,MANTENER_Y_REVISAR,P3,Media,,Revisión ordinaria.
docs/audits/fase7/lote-E/contratos-confidencialidad-nda-secreto-comercial-honduras/ux-produccion.json,docs,.json,1329,46,c6c714ad5845ff88a362c50359a4d10586cc601975563dbf81490d327297601a,review,MANTENER_Y_REVISAR,P3,Media,,Revisión ordinaria.
docs/audits/fase7/lote-E/costos-honorarios-abogados-como-funcionan-honduras/seo-geo.json,docs,.json,1740,48,35d5ccbcd24edb80d76de6ee23e0a7add1ad0f20055d5410eb4989b419953150,review,MANTENER_Y_REVISAR,P3,Media,,Revisión ordinaria.
docs/audits/fase7/lote-E/costos-honorarios-abogados-como-funcionan-honduras/decision-final.json,docs,.json,707,24,848192e7175262756e1137e266534ee59227347201f2b16a0aa678fbf5fedbc6,review,MANTENER_Y_REVISAR,P3,Media,,Revisión ordinaria.
docs/audits/fase7/lote-E/costos-honorarios-abogados-como-funcionan-honduras/legal-a.json,docs,.json,2431,52,58b2439a45648dd447f9a848df16599690c62bfab6827d7bd0f02585e79fcfce,review,MANTENER_Y_REVISAR,P3,Media,,Revisión ordinaria.
docs/audits/fase7/lote-E/costos-honorarios-abogados-como-funcionan-honduras/ux-produccion.json,docs,.json,1308,46,c51f3798d99c729266010bea8a18ada1e61755fee565ac673ca6de114a8a1dcf,review,MANTENER_Y_REVISAR,P3,Media,,Revisión ordinaria.
docs/audits/fase7/lote-E/visas-inversion-rentista-pensionado/seo-geo.json,docs,.json,1731,48,6dfcc9dd61948db86346f333ad8646c07e02cd7b062124ac7d577154b10c223b,review,MANTENER_Y_REVISAR,P3,Media,,Revisión ordinaria.
docs/audits/fase7/lote-E/visas-inversion-rentista-pensionado/decision-final.json,docs,.json,677,24,170a8109e0e999116304930af655238e2893923f22385f65d1e858e3cb2d17d8,review,MANTENER_Y_REVISAR,P3,Media,,Revisión ordinaria.
docs/audits/fase7/lote-E/visas-inversion-rentista-pensionado/legal-a.json,docs,.json,3665,66,cb9ec5b282776e10e280e4546405a3d93b1f39ab83ca8271eac7dd2bfec737bb,review,MANTENER_Y_REVISAR,P3,Media,,Revisión ordinaria.
docs/audits/fase7/lote-E/visas-inversion-rentista-pensionado/ux-produccion.json,docs,.json,1285,46,edb3a06139cfccaea491ec3e2b8ba29d75b2096dc53f9ec3d3b0bfbae3d47a67,review,MANTENER_Y_REVISAR,P3,Media,,Revisión ordinaria.
docs/audits/fase7/lote-E/adopcion-requisitos-proceso-honduras/seo-geo.json,docs,.json,1732,48,ade8f9711c206b1bc115f16a0e6d1e32f90718c334f27d00964caac2b7e93361,review,MANTENER_Y_REVISAR,P3,Media,,Revisión ordinaria.
docs/audits/fase7/lote-E/adopcion-requisitos-proceso-honduras/decision-final.json,docs,.json,679,24,05199417f1b1c2d1e61b9fe7ac156aa9366820d5e25b5a1efcf8796a94376135,review,MANTENER_Y_REVISAR,P3,Media,,Revisión ordinaria.
docs/audits/fase7/lote-E/adopcion-requisitos-proceso-honduras/legal-a.json,docs,.json,2863,60,410122854cb3586ac355d85999e66aad0783ca84dc1e6587e6d7739869da5b50,review,MANTENER_Y_REVISAR,P3,Media,,Revisión ordinaria.
docs/audits/fase7/lote-E/adopcion-requisitos-proceso-honduras/ux-produccion.json,docs,.json,1284,46,d8a456408b3c83e96d2102b61033cdb1217386e331af082157653a811ecc7197,review,MANTENER_Y_REVISAR,P3,Media,,Revisión ordinaria.
docs/audits/fase7/lote-E/etapa-investigacion-proceso-penal-honduras/seo-geo.json,docs,.json,1787,48,23883f2e8f7784c6a83910b95ef38fa24114d9086884c1aba76e7a2f25468a45,review,MANTENER_Y_REVISAR,P3,Media,,Revisión ordinaria.
docs/audits/fase7/lote-E/etapa-investigacion-proceso-penal-honduras/decision-final.json,docs,.json,689,24,ff0922736817cd24580b7a284f9b4322fd99623774676b4dab6cba7592359322,review,MANTENER_Y_REVISAR,P3,Media,,Revisión ordinaria.
docs/audits/fase7/lote-E/etapa-investigacion-proceso-penal-honduras/legal-a.json,docs,.json,2785,61,99bc48fd0c94f6e2f01ce42b860c5849a31fa64708f67bccc557f7f007e0827a,review,MANTENER_Y_REVISAR,P3,Media,,Revisión ordinaria.
docs/audits/fase7/lote-E/etapa-investigacion-proceso-penal-honduras/ux-produccion.json,docs,.json,1291,46,9f1e544fb00df3967ded98ed66ced10593d4d2e1a28b68f54e7968eecb12f911,review,MANTENER_Y_REVISAR,P3,Media,,Revisión ordinaria.
docs/audits/fase7/lote-E/derechos-consumidor-financiero-honduras-cnbs/seo-geo.json,docs,.json,1728,48,63a92a40bfe8745a4643f387399797879985571de7fc44d7fc5e9bb0ce124c9d,review,MANTENER_Y_REVISAR,P3,Media,,Revisión ordinaria.
docs/audits/fase7/lote-E/derechos-consumidor-financiero-honduras-cnbs/decision-final.json,docs,.json,695,24,6c702ddafbfa8bf74bdf45e170c55021ab8ef06b1ba2df511e788eda6b2aa110,review,MANTENER_Y_REVISAR,P3,Media,,Revisión ordinaria.
docs/audits/fase7/lote-E/derechos-consumidor-financiero-honduras-cnbs/legal-a.json,docs,.json,2186,52,62f1c25ee8287955393409fe3078aa5ea23fd67991e988c29cdaa9d593c09b14,review,MANTENER_Y_REVISAR,P3,Media,,Revisión ordinaria.
docs/audits/fase7/lote-E/derechos-consumidor-financiero-honduras-cnbs/ux-produccion.json,docs,.json,1298,46,84a3ba4d758be517f1307f984cf77333a787806a441d5fb8d5efcfe3f4075129,review,MANTENER_Y_REVISAR,P3,Media,,Revisión ordinaria.
docs/audits/fase7/lote-E/impuestos-pequenas-empresas-guia-basica-honduras/seo-geo.json,docs,.json,1740,48,845a4e48a6aca313efd48f7a2950126e82932b12a6af6c21db6d39fd1bc9512c,review,MANTENER_Y_REVISAR,P3,Media,,Revisión ordinaria.
docs/audits/fase7/lote-E/impuestos-pequenas-empresas-guia-basica-honduras/decision-final.json,docs,.json,702,24,8d8b284df3e8d2ba5f9284cb4f6304fff4ee206842eb7b9727041b2b4179bdb4,review,MANTENER_Y_REVISAR,P3,Media,,Revisión ordinaria.
docs/audits/fase7/lote-E/impuestos-pequenas-empresas-guia-basica-honduras/legal-a.json,docs,.json,2069,56,27d02c1697b831a766ca6c37635b7a63d7015ec780b07ed3cdaefffffd443ec5,review,MANTENER_Y_REVISAR,P3,Media,,Revisión ordinaria.
docs/audits/fase7/lote-E/impuestos-pequenas-empresas-guia-basica-honduras/ux-produccion.json,docs,.json,1300,46,5099c2dfa1fb5c1b24850ef5d7e1321382b782fe7972513684270155fb902447,review,MANTENER_Y_REVISAR,P3,Media,,Revisión ordinaria.
docs/audits/fase7/lote-E/derechos-trabajadora-embarazada-honduras/seo-geo.json,docs,.json,1704,48,81313f751e186eb6b5ce88a778efa1c9c2d8f68582c1ebb5b84c7eaa96f1138f,review,MANTENER_Y_REVISAR,P3,Media,,Revisión ordinaria.
docs/audits/fase7/lote-E/derechos-trabajadora-embarazada-honduras/decision-final.json,docs,.json,660,23,e65c596f054cc9c436c1a91425df3cc942915a5a014e2a53a8e97b2d57e094bc,review,MANTENER_Y_REVISAR,P3,Media,,Revisión ordinaria.
docs/audits/fase7/lote-E/derechos-trabajadora-embarazada-honduras/legal-a.json,docs,.json,2991,66,4aae9cdd3be9047776c7e553ca50054c753622e49f7990bec485e7221cd2584d,review,MANTENER_Y_REVISAR,P3,Media,,Revisión ordinaria.
docs/audits/fase7/lote-E/derechos-trabajadora-embarazada-honduras/ux-produccion.json,docs,.json,1289,46,888b91b1c2ff36004b938f3cf1f08ccad5c9e042a454e846b2b588ba71e824f6,review,MANTENER_Y_REVISAR,P3,Media,,Revisión ordinaria.
docs/audits/fase7/lote-E/competencia-desleal-como-denunciar-honduras/seo-geo.json,docs,.json,1769,48,c4f22dd3d99632885ba58accdf5e481c1f2190ce01083d8926ebdb432933431d,review,MANTENER_Y_REVISAR,P3,Media,,Revisión ordinaria.
docs/audits/fase7/lote-E/competencia-desleal-como-denunciar-honduras/decision-final.json,docs,.json,691,24,ecbe199254cb4a7e5eb3d490a83fab60ce83d60babf91580b3330117ce9ea946,review,MANTENER_Y_REVISAR,P3,Media,,Revisión ordinaria.
docs/audits/fase7/lote-E/competencia-desleal-como-denunciar-honduras/legal-a.json,docs,.json,2374,52,cc12e7e4de52c720a0b7fa196bbf443dc9f06ca33112d0371ee19428982a6c37,review,MANTENER_Y_REVISAR,P3,Media,,Revisión ordinaria.
docs/audits/fase7/lote-E/competencia-desleal-como-denunciar-honduras/ux-produccion.json,docs,.json,1297,46,26559d72468c3b59c2d82a22a0419c011f76f80846553e9fc9781804891cedb0,review,MANTENER_Y_REVISAR,P3,Media,,Revisión ordinaria.
docs/audits/fase7/lote-E/responsabilidad-medica-mala-praxis-honduras/seo-geo.json,docs,.json,1730,48,82045e50f5cd955c97af8aaae6eff9ec76a3966db6f87d0a3200b77903b967c0,review,MANTENER_Y_REVISAR,P3,Media,,Revisión ordinaria.
docs/audits/fase7/lote-E/responsabilidad-medica-mala-praxis-honduras/decision-final.json,docs,.json,693,24,f6c8108e0e3f02f75490a9cc7fc7a024b6af3c8fe9274744bb89efb1901a0053,review,MANTENER_Y_REVISAR,P3,Media,,Revisión ordinaria.
docs/audits/fase7/lote-E/responsabilidad-medica-mala-praxis-honduras/legal-a.json,docs,.json,2350,53,5c7bb6b4376224fe33e9696887ed04bce7e4d1399d28648c34ad089f821afc40,review,MANTENER_Y_REVISAR,P3,Media,,Revisión ordinaria.
docs/audits/fase7/lote-E/responsabilidad-medica-mala-praxis-honduras/ux-produccion.json,docs,.json,1300,46,2177e1fcca842bcfcc6ae1cac83d8773755aa1a87ab8a612f6db2a9f5302b100,review,MANTENER_Y_REVISAR,P3,Media,,Revisión ordinaria.
docs/audits/fase7/lote-E/despido-empleados-publicos-honduras/seo-geo.json,docs,.json,1723,48,f6caffc942a4a2df85350ca567b8f16efe0c417a79b22bb186cb2a2ff8cef247,review,MANTENER_Y_REVISAR,P3,Media,,Revisión ordinaria.
docs/audits/fase7/lote-E/despido-empleados-publicos-honduras/decision-final.json,docs,.json,677,24,689b6af3e93b77e15028840f444535d535f099e81a87933aca7b08abc68c19d8,review,MANTENER_Y_REVISAR,P3,Media,,Revisión ordinaria.
docs/audits/fase7/lote-E/despido-empleados-publicos-honduras/legal-a.json,docs,.json,2477,54,6f83ea1f8cd085beb362e5b0846d79ebeea895a2c0d119a4084a9d17c6c35591,review,MANTENER_Y_REVISAR,P3,Media,,Revisión ordinaria.
docs/audits/fase7/lote-E/despido-empleados-publicos-honduras/ux-produccion.json,docs,.json,1336,48,cb023a3cdd5a8bbc342348f4608c33fa5fbe01f824a7b3621bee45b32626bf52,review,MANTENER_Y_REVISAR,P3,Media,,Revisión ordinaria.
docs/audits/fase7/lote-E/testamentos-sucesiones-herencia-honduras/seo-geo.json,docs,.json,1779,48,189a6862b75f6d08d6a66e1699ccb4e191021006a6cbc1146cadc9412a5e9de2,review,MANTENER_Y_REVISAR,P3,Media,,Revisión ordinaria.
docs/audits/fase7/lote-E/testamentos-sucesiones-herencia-honduras/decision-final.json,docs,.json,685,24,716ceddf2683ca744c769e75069d676e774f34207a13c0ab8b3f76baba112f9a,review,MANTENER_Y_REVISAR,P3,Media,,Revisión ordinaria.
docs/audits/fase7/lote-E/testamentos-sucesiones-herencia-honduras/legal-a.json,docs,.json,2682,60,7683935ab3272663d4139f29cf656cdaf8780a4326311697a3895f4b4f771717,review,MANTENER_Y_REVISAR,P3,Media,,Revisión ordinaria.
docs/audits/fase7/lote-E/testamentos-sucesiones-herencia-honduras/ux-produccion.json,docs,.json,1287,46,e1baf82f2c5aa4ad31bcbd4715658455c4d7e53058bb3fba5fb55f4a34729686,review,MANTENER_Y_REVISAR,P3,Media,,Revisión ordinaria.
docs/audits/fase7/lote-E/abogado-aduanero-san-lorenzo/seo-geo.json,docs,.json,1735,48,935d106fdc704f7ec5f50b4fa981b1fc6bedc6c47a07b2bf246031aa67940555,review,MANTENER_Y_REVISAR,P3,Media,,Revisión ordinaria.
docs/audits/fase7/lote-E/abogado-aduanero-san-lorenzo/decision-final.json,docs,.json,664,24,f080fd00e8ded63b5a10417b10025795ac11dd5738b431bff6422e6f6892af9c,review,MANTENER_Y_REVISAR,P3,Media,,Revisión ordinaria.
docs/audits/fase7/lote-E/abogado-aduanero-san-lorenzo/legal-a.json,docs,.json,1957,51,2073ae8872a9e28963b2e85ab842293ca7087b83270edc158e6c2cd8fff69e3f,review,MANTENER_Y_REVISAR,P3,Media,,Revisión ordinaria.
docs/audits/fase7/lote-E/abogado-aduanero-san-lorenzo/ux-produccion.json,docs,.json,1266,46,bb8636a8e1d975b5bc7c9d88f5ce4cd2ae3e0e52d776cbcc547b673cc0ca52e5,review,MANTENER_Y_REVISAR,P3,Media,,Revisión ordinaria.
docs/audits/fase7/lote-E/derecho-ambiental-honduras/seo-geo.json,docs,.json,1744,48,f46c337b483f4aa4adf96aa3575fcb396e0134df1d1186caa57be33b30af7b0d,review,MANTENER_Y_REVISAR,P3,Media,,Revisión ordinaria.
docs/audits/fase7/lote-E/derecho-ambiental-honduras/decision-final.json,docs,.json,657,24,35da952d13c0bc58eb947865923405d8213fd1761c69724aced4a9c32cc2bf97,review,MANTENER_Y_REVISAR,P3,Media,,Revisión ordinaria.
docs/audits/fase7/lote-E/derecho-ambiental-honduras/legal-a.json,docs,.json,2507,59,64201852cde062099b4fe657a6e5343d3d99efeccea1da9cce1e49c4bd91db18,review,MANTENER_Y_REVISAR,P3,Media,,Revisión ordinaria.
docs/audits/fase7/lote-E/derecho-ambiental-honduras/ux-produccion.json,docs,.json,1263,46,abebce4a1f09917ded97baeddbf6f28f5f03dfcb1a8b04718edcd85b1411180e,review,MANTENER_Y_REVISAR,P3,Media,,Revisión ordinaria.
docs/audits/fase7/lote-E/reagrupacion-familiar-hondurenos-espana/seo-geo.json,docs,.json,1738,48,9daacd904f7a218b45a66236f57fa058b1dd23280046d2d05f707747465b33b1,review,MANTENER_Y_REVISAR,P3,Media,,Revisión ordinaria.
docs/audits/fase7/lote-E/reagrupacion-familiar-hondurenos-espana/decision-final.json,docs,.json,685,24,18a329aca4f7a9cca6b11a8f6973c9c37aaedcfb6ee54fcaf0cda001193bad54,review,MANTENER_Y_REVISAR,P3,Media,,Revisión ordinaria.
docs/audits/fase7/lote-E/reagrupacion-familiar-hondurenos-espana/legal-a.json,docs,.json,2973,65,7a1b969381251469fb8599b53dd183fa06bfb720a8b584c2be01dbb092c829d6,review,MANTENER_Y_REVISAR,P3,Media,,Revisión ordinaria.
docs/audits/fase7/lote-E/reagrupacion-familiar-hondurenos-espana/ux-produccion.json,docs,.json,1292,46,138a4a9e10067431dbf17c21b1addb7d775bb1daafd3e9224a072bae4e3e94a2,review,MANTENER_Y_REVISAR,P3,Media,,Revisión ordinaria.
docs/audits/fase7/lote-H/estafas-fraudes-tipos-penales-honduras/seo-geo.json,docs,.json,1713,48,e4e8459029c4972805375b8e5341523ad7ab43706688b675668bc45cc582eac3,review,MANTENER_Y_REVISAR,P3,Media,,Revisión ordinaria.
docs/audits/fase7/lote-H/estafas-fraudes-tipos-penales-honduras/decision-final.json,docs,.json,683,24,d7afb2bcf179d2a8afbc50ca7dfd6705627db309516b6a416c66a0d5da787108,review,MANTENER_Y_REVISAR,P3,Media,,Revisión ordinaria.
docs/audits/fase7/lote-H/estafas-fraudes-tipos-penales-honduras/legal-a.json,docs,.json,2083,53,1cbbf739a3e6c363c37a580764c6c075d75b7a83eb01be351918656371919a9f,review,MANTENER_Y_REVISAR,P3,Media,,Revisión ordinaria.
docs/audits/fase7/lote-H/estafas-fraudes-tipos-penales-honduras/ux-produccion.json,docs,.json,1283,46,d11a4bb46ea0f01b370a2a0f5c8ee7bfe4985c57e6bdee006961e81a79287f74,review,MANTENER_Y_REVISAR,P3,Media,,Revisión ordinaria.
docs/audits/fase7/lote-H/estafas-fraudes-tipos-penales-honduras/_meta.json,docs,.json,350,10,1fe1c5ce2d2a1bdae132e11bedee7dbaaeb7c2e1b2fd7e1e20bf2303a8b1ccc5,review,MANTENER_Y_REVISAR,P3,Media,,Revisión ordinaria.
docs/audits/fase7/lote-H/preguntas-frecuentes-antes-contratar-abogado-honduras/seo-geo.json,docs,.json,1749,48,70cc1589820fe149c7c8ff65ce235e4e7a465be7cbb6319324e981cfa6f201ed,review,MANTENER_Y_REVISAR,P3,Media,,Revisión ordinaria.
docs/audits/fase7/lote-H/preguntas-frecuentes-antes-contratar-abogado-honduras/decision-final.json,docs,.json,712,24,722b5bc243641a95c53ec502343eff58ef98004daf5a8add071b79b3f3fcf6d5,review,MANTENER_Y_REVISAR,P3,Media,,Revisión ordinaria.
docs/audits/fase7/lote-H/preguntas-frecuentes-antes-contratar-abogado-honduras/legal-a.json,docs,.json,2524,62,52643e554bba1bc898c973dc153d98192bb6da761fd77088ecc502908eff0472,review,MANTENER_Y_REVISAR,P3,Media,,Revisión ordinaria.
docs/audits/fase7/lote-H/preguntas-frecuentes-antes-contratar-abogado-honduras/ux-produccion.json,docs,.json,1314,46,0d63064b630dd54b076b3721996b1c09552a3e4e882f7c3c03a3e4ac390941d2,review,MANTENER_Y_REVISAR,P3,Media,,Revisión ordinaria.
docs/audits/fase7/lote-H/preguntas-frecuentes-antes-contratar-abogado-honduras/_meta.json,docs,.json,365,10,32d3302dd106d6fbed90c0f505c4221728ce31e2d8531db1f294bb98c52069dc,review,MANTENER_Y_REVISAR,P3,Media,,Revisión ordinaria.
docs/audits/fase7/lote-H/delitos-mas-comunes-honduras/seo-geo.json,docs,.json,1684,48,b975f0b3394548e6cf025539b4b9e14c83398e3cd3c02446bdbc633767bc4a8d,review,MANTENER_Y_REVISAR,P3,Media,,Revisión ordinaria.
docs/audits/fase7/lote-H/delitos-mas-comunes-honduras/decision-final.json,docs,.json,663,24,0072cd256a6b1946594d3e0ff5dae03085225e501ff1482a438c35d45b63368f,review,MANTENER_Y_REVISAR,P3,Media,,Revisión ordinaria.
docs/audits/fase7/lote-H/delitos-mas-comunes-honduras/legal-a.json,docs,.json,3477,90,be1e5c760e4c3d9d1baa51ad79176e7effa419fa4aec166663dd72203cd2d6cf,review,MANTENER_Y_REVISAR,P3,Media,,Revisión ordinaria.
docs/audits/fase7/lote-H/delitos-mas-comunes-honduras/ux-produccion.json,docs,.json,1263,46,52b4ca0b8b47dfe4e30ebfb935e40a3fdd71f86c5fd2500a60f369e0e2a80610,review,MANTENER_Y_REVISAR,P3,Media,,Revisión ordinaria.
docs/audits/fase7/lote-H/delitos-mas-comunes-honduras/_meta.json,docs,.json,354,10,53017b5fc774c67dd985c34f3703fc49739134650f94130ab330b9be001cd5dc,review,MANTENER_Y_REVISAR,P3,Media,,Revisión ordinaria.
docs/audits/fase7/lote-H/pineda-asociados-bufete-multidisciplinario-honduras/seo-geo.json,docs,.json,1734,48,0f889e57e32f0a15722362d85bf10840f0c1a26eed1cb3279fb0e4d0fa2b44a7,review,MANTENER_Y_REVISAR,P3,Media,,Revisión ordinaria.
docs/audits/fase7/lote-H/pineda-asociados-bufete-multidisciplinario-honduras/decision-final.json,docs,.json,709,24,21a3a90eaef85648e3f1c5c6c523782804c9065f1e415f607a82218e05433605,review,MANTENER_Y_REVISAR,P3,Media,,Revisión ordinaria.
docs/audits/fase7/lote-H/pineda-asociados-bufete-multidisciplinario-honduras/legal-a.json,docs,.json,1795,46,6fe5b145edddfcafae2df85152dd710c60ea919d96f6ccd054cd66090032c823,review,MANTENER_Y_REVISAR,P3,Media,,Revisión ordinaria.
docs/audits/fase7/lote-H/pineda-asociados-bufete-multidisciplinario-honduras/ux-produccion.json,docs,.json,1310,46,28f9a77b3c3bfb777a46ff36d5f97ee41c621fa5086eba9582dc9b0b4fa814ba,review,MANTENER_Y_REVISAR,P3,Media,,Revisión ordinaria.
docs/audits/fase7/lote-H/pineda-asociados-bufete-multidisciplinario-honduras/_meta.json,docs,.json,354,10,72c2261379727803df8ff691055375be1398bd37b1664b53888fc155b0bf7b47,review,MANTENER_Y_REVISAR,P3,Media,,Revisión ordinaria.
docs/audits/fase7/lote-H/que-hacer-si-me-detienen-en-honduras/seo-geo.json,docs,.json,1711,48,0875b2228b109fb8669067db57c2267ac4c1b70ac60e7bae58a58274fcf31bb2,review,MANTENER_Y_REVISAR,P3,Media,,Revisión ordinaria.
docs/audits/fase7/lote-H/que-hacer-si-me-detienen-en-honduras/decision-final.json,docs,.json,679,24,360ff1f4764f85ffdf1ce7740a69100e1bb9c90e6da7c3905a4e9dd2ea02ff93,review,MANTENER_Y_REVISAR,P3,Media,,Revisión ordinaria.
docs/audits/fase7/lote-H/que-hacer-si-me-detienen-en-honduras/legal-a.json,docs,.json,3550,79,939843a34b7eeff2122534672b3518fb40eb5fa0fde4da8460b198be2e153e68,review,MANTENER_Y_REVISAR,P3,Media,,Revisión ordinaria.
docs/audits/fase7/lote-H/que-hacer-si-me-detienen-en-honduras/ux-produccion.json,docs,.json,1279,46,f1567539120fbf1e361a883c6b4ba435ba8be8f78025e5bdac3cb51d90ba2409,review,MANTENER_Y_REVISAR,P3,Media,,Revisión ordinaria.
docs/audits/fase7/lote-H/que-hacer-si-me-detienen-en-honduras/_meta.json,docs,.json,353,10,ce8ea9b55fb7342674d2fa5c9b48b5038805ffd38108966043b9480d03f6dc4d,review,MANTENER_Y_REVISAR,P3,Media,,Revisión ordinaria.
docs/audits/fase7/lote-H/errores-contratos-civiles-honduras/seo-geo.json,docs,.json,1760,48,35f443064c9ad656c43f83d595e123f585a884d2f3221c54f5c8954fafe929b4,review,MANTENER_Y_REVISAR,P3,Media,,Revisión ordinaria.
docs/audits/fase7/lote-H/errores-contratos-civiles-honduras/decision-final.json,docs,.json,673,24,25378bf54af71c50c443341c280f25053d3e1f0a37d1049eb16eeee82e17f12c,review,MANTENER_Y_REVISAR,P3,Media,,Revisión ordinaria.
docs/audits/fase7/lote-H/errores-contratos-civiles-honduras/legal-a.json,docs,.json,2229,55,0ca1c163afaefeb62d8f55fdbe1f309b452ebfae1611d47c004229e2979bdbd3,review,MANTENER_Y_REVISAR,P3,Media,,Revisión ordinaria.
docs/audits/fase7/lote-H/errores-contratos-civiles-honduras/ux-produccion.json,docs,.json,1275,46,52bbce46d3def9a76da38092b4cc4a72d786ca9355fbd818aa3513102d0d27d2,review,MANTENER_Y_REVISAR,P3,Media,,Revisión ordinaria.
docs/audits/fase7/lote-H/errores-contratos-civiles-honduras/_meta.json,docs,.json,329,10,758c6a68417323e2f9b33297e8a10470931afd336ce40371ddf035d2e1312c73,review,MANTENER_Y_REVISAR,P3,Media,,Revisión ordinaria.
docs/audits/fase7/lote-H/pension-alimenticia-honduras-guia-completa/seo-geo.json,docs,.json,1790,48,177bfdeb1eaec5f9bb7e0545da88efd4b6902acb56d9ad778b12ef140dbbb7b0,review,MANTENER_Y_REVISAR,P3,Media,,Revisión ordinaria.
docs/audits/fase7/lote-H/pension-alimenticia-honduras-guia-completa/decision-final.json,docs,.json,689,24,e1e98a29d2bd4ec638e5052ce702510d1c5617b97aef80523ec835743ac6ebb3,review,MANTENER_Y_REVISAR,P3,Media,,Revisión ordinaria.
docs/audits/fase7/lote-H/pension-alimenticia-honduras-guia-completa/legal-a.json,docs,.json,2485,64,5d7d976730ac2cfc756a45e8a701c90d96f5c5cfa6c511e346fb127739d25f18,review,MANTENER_Y_REVISAR,P3,Media,,Revisión ordinaria.
docs/audits/fase7/lote-H/pension-alimenticia-honduras-guia-completa/ux-produccion.json,docs,.json,1296,46,7c75de73c2f4d7c15a490e2d3bb7415201f4c7cf3898c823bbdb402edd78eead,review,MANTENER_Y_REVISAR,P3,Media,,Revisión ordinaria.
docs/audits/fase7/lote-H/pension-alimenticia-honduras-guia-completa/_meta.json,docs,.json,367,10,3abfd81fae979c5aaa25f8de91e69b24c7ca9bfabbcea8461fa1752fec02f24b,review,MANTENER_Y_REVISAR,P3,Media,,Revisión ordinaria.
docs/audits/fase7/lote-H/abogado-empresas-san-lorenzo/seo-geo.json,docs,.json,1691,48,067e3079cc23bc0e85c6aaa50daa844031105018283a3423354fdc416cb95b15,review,MANTENER_Y_REVISAR,P3,Media,,Revisión ordinaria.
docs/audits/fase7/lote-H/abogado-empresas-san-lorenzo/decision-final.json,docs,.json,663,24,6ba85747e0ee4d607f6168f2602da1039e3b7090ee30dcc1a4989ee53b2e61e1,review,MANTENER_Y_REVISAR,P3,Media,,Revisión ordinaria.
docs/audits/fase7/lote-H/abogado-empresas-san-lorenzo/legal-a.json,docs,.json,1772,44,1c39908639328669d673156983e3d91924012e37d8ac11e010433a8d6e778a92,review,MANTENER_Y_REVISAR,P3,Media,,Revisión ordinaria.
docs/audits/fase7/lote-H/abogado-empresas-san-lorenzo/ux-produccion.json,docs,.json,1267,46,001b7bcf68400163aea14b9be6ce19e211df4315080ebb64558cee0127f37fa5,review,MANTENER_Y_REVISAR,P3,Media,,Revisión ordinaria.
docs/audits/fase7/lote-H/abogado-empresas-san-lorenzo/_meta.json,docs,.json,331,10,19a193ef4dc78e913ac6becef0af5b4bb2b01a213dbbd27d45de03e5a0cd12e0,review,MANTENER_Y_REVISAR,P3,Media,,Revisión ordinaria.
docs/audits/fase7/lote-H/abogado-familia-choluteca/seo-geo.json,docs,.json,1749,48,9f9113469f12a06d34c29bfe62f7e7dddf6fa246a4decf6fded335eb72b10cf7,review,MANTENER_Y_REVISAR,P3,Media,,Revisión ordinaria.
docs/audits/fase7/lote-H/abogado-familia-choluteca/decision-final.json,docs,.json,655,24,0e71066a54d7d672ceb40329de830d02b37ff41ea375c3bf8cdc09d5b02159df,review,MANTENER_Y_REVISAR,P3,Media,,Revisión ordinaria.
docs/audits/fase7/lote-H/abogado-familia-choluteca/legal-a.json,docs,.json,1563,46,7aff9792e21638790389583e2e79e0dd08df98476ccbc35346bb26ff56d5abad,review,MANTENER_Y_REVISAR,P3,Media,,Revisión ordinaria.
docs/audits/fase7/lote-H/abogado-familia-choluteca/ux-produccion.json,docs,.json,1262,46,d3cb4e0f378765b313fb52868896a043036e7b139be56718df9a71f65f91b6ff,review,MANTENER_Y_REVISAR,P3,Media,,Revisión ordinaria.
docs/audits/fase7/lote-H/abogado-familia-choluteca/_meta.json,docs,.json,326,10,3244ecac000174d4b8ddd0bd74758914b292a54a7415a8888ef4143ebd7e5d71,review,MANTENER_Y_REVISAR,P3,Media,,Revisión ordinaria.
docs/audits/fase7/lote-H/usucapion-prescripcion-adquisitiva-honduras/seo-geo.json,docs,.json,1721,48,853e6c938fa929dd459ff79ca6867106d08bfa785c14fb2a6e74d7748b02b922,review,MANTENER_Y_REVISAR,P3,Media,,Revisión ordinaria.
docs/audits/fase7/lote-H/usucapion-prescripcion-adquisitiva-honduras/decision-final.json,docs,.json,692,24,4814a49166aed074a28504cf749f0161d6bb402d3728c7f47b956d35b4839afe,review,MANTENER_Y_REVISAR,P3,Media,,Revisión ordinaria.
docs/audits/fase7/lote-H/usucapion-prescripcion-adquisitiva-honduras/legal-a.json,docs,.json,2851,65,bf1391fe7b7ced335ceb88813f0de96b911be035a3b6076fba6b3a3918e5f1eb,review,MANTENER_Y_REVISAR,P3,Media,,Revisión ordinaria.
docs/audits/fase7/lote-H/usucapion-prescripcion-adquisitiva-honduras/ux-produccion.json,docs,.json,1293,46,0239c12415ae2d45cfbda65ba281253c62b44f2007ad810ee31e15828806c3a0,review,MANTENER_Y_REVISAR,P3,Media,,Revisión ordinaria.
docs/audits/fase7/lote-H/usucapion-prescripcion-adquisitiva-honduras/_meta.json,docs,.json,350,10,5619b410b97c845a480a55f80f64710762c08e98d19685f6a3c1d52a68e83145,review,MANTENER_Y_REVISAR,P3,Media,,Revisión ordinaria.
docs/audits/fase7/lote-H/servicios-legales-empresas-sur-honduras/seo-geo.json,docs,.json,1718,48,832389b6c90c1bc1aeeafb96889281b0e5e9da50afe2a4b2e69f1f7361a9d318,review,MANTENER_Y_REVISAR,P3,Media,,Revisión ordinaria.
docs/audits/fase7/lote-H/servicios-legales-empresas-sur-honduras/decision-final.json,docs,.json,684,24,a05bb83720e2719dcee8b583a6be0a5065c853316a81dda3db029a67657653b9,review,MANTENER_Y_REVISAR,P3,Media,,Revisión ordinaria.
docs/audits/fase7/lote-H/servicios-legales-empresas-sur-honduras/legal-a.json,docs,.json,2517,58,edad1e02f464af5624b56395cb2839ae7903e061532d72d11eaa5dcc064b9f6e,review,MANTENER_Y_REVISAR,P3,Media,,Revisión ordinaria.
docs/audits/fase7/lote-H/servicios-legales-empresas-sur-honduras/ux-produccion.json,docs,.json,1285,46,4c4f678f92b6177852df022d8bccbaa9ad335cfa5e2068204436f6d0338f8606,review,MANTENER_Y_REVISAR,P3,Media,,Revisión ordinaria.
docs/audits/fase7/lote-H/servicios-legales-empresas-sur-honduras/_meta.json,docs,.json,354,10,858d3b76b389e6bac88691aa8f04fbd173dcae544fc9ba02e9b079d776717221,review,MANTENER_Y_REVISAR,P3,Media,,Revisión ordinaria.
docs/audits/fase7/lote-H/proceso-consulta-legal-pineda/seo-geo.json,docs,.json,1757,48,9439367124324687a522d5684600a0345ff4e9180d53e4b549fad5998ab2f6f8,review,MANTENER_Y_REVISAR,P3,Media,,Revisión ordinaria.
docs/audits/fase7/lote-H/proceso-consulta-legal-pineda/decision-final.json,docs,.json,663,24,f75dd2e0395feb264fc2a2a195f70234e105d44d1146903e60d21cdbf9a7c961,review,MANTENER_Y_REVISAR,P3,Media,,Revisión ordinaria.
docs/audits/fase7/lote-H/proceso-consulta-legal-pineda/legal-a.json,docs,.json,1072,30,4d4f7002756faf58e3742c279aa515138a7b7fe6d3b75782b7e67ae7b5c40169,review,MANTENER_Y_REVISAR,P3,Media,,Revisión ordinaria.
docs/audits/fase7/lote-H/proceso-consulta-legal-pineda/ux-produccion.json,docs,.json,1266,46,c5d9bfcb9fca7f00cdba6633cc4775a959b228a0e8236d01296f7169eec8c5c8,review,MANTENER_Y_REVISAR,P3,Media,,Revisión ordinaria.
docs/audits/fase7/lote-H/proceso-consulta-legal-pineda/_meta.json,docs,.json,339,10,340a9a606e773730fa282b08b225b649126cf37d833bcd11de817501cd4dd1d7,review,MANTENER_Y_REVISAR,P3,Media,,Revisión ordinaria.
docs/audits/fase7/lote-H/divorcio-choluteca/seo-geo.json,docs,.json,1659,48,21817b62b75209441b6bdc8557e1444c7dd62a1cbe2df450f2649a4c42578918,review,MANTENER_Y_REVISAR,P3,Media,,Revisión ordinaria.
docs/audits/fase7/lote-H/divorcio-choluteca/decision-final.json,docs,.json,642,24,f30560280217407964af1e11bbc404dd6f882cbb90e765ed5b912881491942b0,review,MANTENER_Y_REVISAR,P3,Media,,Revisión ordinaria.
docs/audits/fase7/lote-H/divorcio-choluteca/legal-a.json,docs,.json,1918,48,91b584746467f99ab20c587de1b1085de215dd08f3ad59e07ca15f0cd67f88e4,review,MANTENER_Y_REVISAR,P3,Media,,Revisión ordinaria.
docs/audits/fase7/lote-H/divorcio-choluteca/ux-produccion.json,docs,.json,1248,46,803e5f0ed362b986ee1c4597ad8a5ae4b086d193af35ddf0020f3b90822c04e0,review,MANTENER_Y_REVISAR,P3,Media,,Revisión ordinaria.
docs/audits/fase7/lote-H/divorcio-choluteca/_meta.json,docs,.json,309,10,45df1d81a3d9f19b18f228f594eb5cd805a65eb9d7adcd8dc957b46c5c42697e,review,MANTENER_Y_REVISAR,P3,Media,,Revisión ordinaria.
docs/audits/fase7/lote-H/abogado-civil-choluteca/seo-geo.json,docs,.json,1685,48,7ef75f59be89df6363aeaf281cb4f92b63dbe5a6e4eeaf6f252f0577e3858c3b,review,MANTENER_Y_REVISAR,P3,Media,,Revisión ordinaria.
docs/audits/fase7/lote-H/abogado-civil-choluteca/decision-final.json,docs,.json,653,24,fc30dc33bdd5445f62025b69f07b49534130a90851d47013aeb9f17f8afb2d7b,review,MANTENER_Y_REVISAR,P3,Media,,Revisión ordinaria.
docs/audits/fase7/lote-H/abogado-civil-choluteca/legal-a.json,docs,.json,1889,48,9d1bf15d7a49d5e94d9321d6e674ad033c3052a37238e43e7ae8ae964e502545,review,MANTENER_Y_REVISAR,P3,Media,,Revisión ordinaria.
docs/audits/fase7/lote-H/abogado-civil-choluteca/ux-produccion.json,docs,.json,1253,46,112695652c7d4993838793e0e64d3673418dc93b5482681d7e159c64275bb1b4,review,MANTENER_Y_REVISAR,P3,Media,,Revisión ordinaria.
docs/audits/fase7/lote-H/abogado-civil-choluteca/_meta.json,docs,.json,314,10,21b11a427466338e6ff3e386b8eb175a44f73c45b545ee93269b496e5febeb95,review,MANTENER_Y_REVISAR,P3,Media,,Revisión ordinaria.
docs/audits/fase7/lote-H/divorcio-honduras-guia-completa/seo-geo.json,docs,.json,1765,48,0fa076b91822d25bb2c630c0af925733cdb79c9afb93838dc2fbeb85e396201b,review,MANTENER_Y_REVISAR,P3,Media,,Revisión ordinaria.
docs/audits/fase7/lote-H/divorcio-honduras-guia-completa/decision-final.json,docs,.json,667,24,f612f8e2e3e09aa98b0513575d8a15059df9f84d5344fcd5080b24640f91b6e8,review,MANTENER_Y_REVISAR,P3,Media,,Revisión ordinaria.
docs/audits/fase7/lote-H/divorcio-honduras-guia-completa/legal-a.json,docs,.json,2676,62,4e88558e23b870dd7173049eb0f84671f4ac19fad2ecdaa594dba2fdf3e7c2c7,review,MANTENER_Y_REVISAR,P3,Media,,Revisión ordinaria.
docs/audits/fase7/lote-H/divorcio-honduras-guia-completa/ux-produccion.json,docs,.json,1274,46,b92a9ea5cb3c7b357928552563b7d7e7620913b9ce151951cc07f22b2a70aeff,review,MANTENER_Y_REVISAR,P3,Media,,Revisión ordinaria.
docs/audits/fase7/lote-H/divorcio-honduras-guia-completa/_meta.json,docs,.json,354,10,111060eba30d98cb89c341ac0f00d8f9e9d09780ea99a07912a24eac86c74719,review,MANTENER_Y_REVISAR,P3,Media,,Revisión ordinaria.
docs/audits/fase7/lote-B/libertad-expresion-redes-sociales-honduras/seo-geo.json,docs,.json,1907,51,1a04fb07d40f7e0ed394071cea0ac57259504975a9a1e276d9c48c9d380ae818,review,MANTENER_Y_REVISAR,P3,Media,,Revisión ordinaria.
docs/audits/fase7/lote-B/libertad-expresion-redes-sociales-honduras/decision-final.json,docs,.json,650,23,b277956c2c431240c23c6b5fd143f31978123c79a476f5e7763d8c5495a6e88d,review,MANTENER_Y_REVISAR,P3,Media,,Revisión ordinaria.
docs/audits/fase7/lote-B/libertad-expresion-redes-sociales-honduras/legal-b.json,docs,.json,4206,83,6e579ed6ae1a514df8efd08a150152c2715fb0874937f4dafae8f8cd705226c4,review,MANTENER_Y_REVISAR,P3,Media,,Revisión ordinaria.
docs/audits/fase7/lote-B/libertad-expresion-redes-sociales-honduras/legal-a.json,docs,.json,2266,55,2a8088510ba8c1b5866dd02a7fbf1b9d1cb0dc71851d3f16d853764d3ddd14b0,review,MANTENER_Y_REVISAR,P3,Media,,Revisión ordinaria.
docs/audits/fase7/lote-B/creditos-reestructuracion-deudas/seo-geo.json,docs,.json,1931,52,c892daf18d153e3ef2e47895991953fbc3b6668b4415b5618751d688e7324cbb,review,MANTENER_Y_REVISAR,P3,Media,,Revisión ordinaria.
docs/audits/fase7/lote-B/creditos-reestructuracion-deudas/decision-final.json,docs,.json,656,24,3d3d4c16f7de0f98a2918261e8aed9511877971ba6eea3f3e1915eac5e9326d1,review,MANTENER_Y_REVISAR,P3,Media,,Revisión ordinaria.
docs/audits/fase7/lote-B/creditos-reestructuracion-deudas/legal-b.json,docs,.json,3687,66,9da30337074657589246be90b7dbd144212ba2b02997e527a10a57afaefdf12f,review,MANTENER_Y_REVISAR,P3,Media,,Revisión ordinaria.
docs/audits/fase7/lote-B/creditos-reestructuracion-deudas/legal-a.json,docs,.json,2682,71,3570e3992fbfb27513931416b4deb331d44bdc138b405fe29400de76ca0c176c,review,MANTENER_Y_REVISAR,P3,Media,,Revisión ordinaria.
docs/audits/fase7/lote-B/derechos-de-autor-proteccion-registro-honduras/seo-geo.json,docs,.json,1907,50,0b6aa438c14f27e140cbcf4c94945ece22eb1c52acbb0a743e3fac4ecb52ffea,review,MANTENER_Y_REVISAR,P3,Media,,Revisión ordinaria.
docs/audits/fase7/lote-B/derechos-de-autor-proteccion-registro-honduras/decision-final.json,docs,.json,658,23,7084890169c622f428ddbcaaee226f3b8a721536840a3c9304db12727b4611b5,review,MANTENER_Y_REVISAR,P3,Media,,Revisión ordinaria.
docs/audits/fase7/lote-B/derechos-de-autor-proteccion-registro-honduras/legal-b.json,docs,.json,4491,85,88c61869bffdcf6c3af1964c64359586b51e7b2eff82b779352bf96dd3122daf,review,MANTENER_Y_REVISAR,P3,Media,,Revisión ordinaria.
docs/audits/fase7/lote-B/derechos-de-autor-proteccion-registro-honduras/legal-a.json,docs,.json,1524,39,7de687a05dc221e4b10aa5b300dd1a7bd744e38ba8c1291143450bf3282c5e26,review,MANTENER_Y_REVISAR,P3,Media,,Revisión ordinaria.
docs/audits/fase7/lote-B/importar-china-guia-aduanera/seo-geo.json,docs,.json,1947,54,4d17ee0fd5d169a7840b293c0f27c9aa35c2acc22b8583181fb1946339512dd8,review,MANTENER_Y_REVISAR,P3,Media,,Revisión ordinaria.
docs/audits/fase7/lote-B/importar-china-guia-aduanera/decision-final.json,docs,.json,648,24,44d8ec34dbb7d21a6437d00509f0462d857c576a9284cc9966764a9fe2cb09ad,review,MANTENER_Y_REVISAR,P3,Media,,Revisión ordinaria.
docs/audits/fase7/lote-B/importar-china-guia-aduanera/legal-b.json,docs,.json,3545,79,501d13bcd86061e004db091cf0e9f73ff773a2cd9d0fcd06f90012c5d955a51e,review,MANTENER_Y_REVISAR,P3,Media,,Revisión ordinaria.
docs/audits/fase7/lote-B/importar-china-guia-aduanera/legal-a.json,docs,.json,3770,92,b4e36f6bfb178df6f57a8f3755964822c618472fce41ce3acf32c9f712a22034,review,MANTENER_Y_REVISAR,P3,Media,,Revisión ordinaria.
docs/audits/fase7/lote-B/contratos-trabajo-tipos-clausulas-honduras/seo-geo.json,docs,.json,1915,50,46229bdccc1e1db7dd3f5e0f10fb86cc0bf1ddc65379a8bcc350705134c8be38,review,MANTENER_Y_REVISAR,P3,Media,,Revisión ordinaria.
docs/audits/fase7/lote-B/contratos-trabajo-tipos-clausulas-honduras/decision-final.json,docs,.json,676,24,fef556495b1e64567a8b18747ded2f8aa54ab6abe6dba7cc94afb1f5f39db663,review,MANTENER_Y_REVISAR,P3,Media,,Revisión ordinaria.
docs/audits/fase7/lote-B/contratos-trabajo-tipos-clausulas-honduras/legal-b.json,docs,.json,7359,118,cbd946c2ffca7995b6cc0e9870882c3e1214638d77184e710cdfab575796abfc,review,MANTENER_Y_REVISAR,P3,Media,,Revisión ordinaria.
docs/audits/fase7/lote-B/contratos-trabajo-tipos-clausulas-honduras/legal-a.json,docs,.json,2026,55,33c9ef5cce0ce9ee68758048d9d84c34ad6582af1210fb5fba6412dade9e420c,review,MANTENER_Y_REVISAR,P3,Media,,Revisión ordinaria.
docs/audits/fase7/lote-B/poder-legal-honduras-cuando-se-necesita/seo-geo.json,docs,.json,1800,49,31a2c097d10d89bcf43255109877ea683f5c1a40c4ab62e86c967ba719b98e6f,review,MANTENER_Y_REVISAR,P3,Media,,Revisión ordinaria.
docs/audits/fase7/lote-B/poder-legal-honduras-cuando-se-necesita/decision-final.json,docs,.json,644,23,52bf0783b4a93b017489994021b8902db8be98b6cbc8213536e9cca78aadeecc,review,MANTENER_Y_REVISAR,P3,Media,,Revisión ordinaria.
docs/audits/fase7/lote-B/poder-legal-honduras-cuando-se-necesita/legal-b.json,docs,.json,3180,64,728719d5e650200185ae2adf09c9816e16a2dc2aa756f4e3b353d296041759a8,review,MANTENER_Y_REVISAR,P3,Media,,Revisión ordinaria.
docs/audits/fase7/lote-B/poder-legal-honduras-cuando-se-necesita/legal-a.json,docs,.json,3699,90,a1cfa0ccb52908a94085377e4c886c3e185672b60888a0b82ac3a50087a8ec73,review,MANTENER_Y_REVISAR,P3,Media,,Revisión ordinaria.
docs/audits/fase7/lote-B/centro-conciliacion-arbitraje-ccic/seo-geo.json,docs,.json,1958,52,e7df8764fd0f620ebdfee628cb12d070bf80a6731bc7b1b36f17e11ca928c1cb,review,MANTENER_Y_REVISAR,P3,Media,,Revisión ordinaria.
docs/audits/fase7/lote-B/centro-conciliacion-arbitraje-ccic/decision-final.json,docs,.json,660,24,d369409b6d17ef46a031ee434c0bd4a26adb91226e294b29fb846e3537c4f3bb,review,MANTENER_Y_REVISAR,P3,Media,,Revisión ordinaria.
docs/audits/fase7/lote-B/centro-conciliacion-arbitraje-ccic/legal-b.json,docs,.json,3067,58,12ef39446cc625ca36cbfb9dd5e1f2a7cd1bf361c0c99d72c8afe8aa54ac740f,review,MANTENER_Y_REVISAR,P3,Media,,Revisión ordinaria.
docs/audits/fase7/lote-B/centro-conciliacion-arbitraje-ccic/legal-a.json,docs,.json,2404,62,a52638e2fc85fa3484b6454b29fcf464d93bc7dd6ad56b36d328288bb3c700fa,review,MANTENER_Y_REVISAR,P3,Media,,Revisión ordinaria.
docs/audits/fase7/lote-B/facturacion-electronica-requisitos-sar/seo-geo.json,docs,.json,1828,51,e8942ef2fe0ce12f1825ed1b39f763dde2e60248b98fce06c4221eb79201f3ee,review,MANTENER_Y_REVISAR,P3,Media,,Revisión ordinaria.
docs/audits/fase7/lote-B/facturacion-electronica-requisitos-sar/decision-final.json,docs,.json,642,23,8677bc7fb1e2938431d61188e6fff6ad8580573537bb6b8604ea80e4a8b107f7,review,MANTENER_Y_REVISAR,P3,Media,,Revisión ordinaria.
docs/audits/fase7/lote-B/facturacion-electronica-requisitos-sar/legal-b.json,docs,.json,4733,86,81eed0f80f983d41968e722f850e3e02f90ff7cdb390cbaa77b173deb64b801e,review,MANTENER_Y_REVISAR,P3,Media,,Revisión ordinaria.
docs/audits/fase7/lote-B/facturacion-electronica-requisitos-sar/legal-a.json,docs,.json,2032,55,e4ab59b061fb6dc82b4bc264600b3fb4766e444105e90b0fe69d6cd1ca0c08d1,review,MANTENER_Y_REVISAR,P3,Media,,Revisión ordinaria.
docs/audits/fase7/lote-B/tributar-espana-bienes-guia/seo-geo.json,docs,.json,1704,45,c15b5d8c51e4b1d79eb81c379c083e97bf9702ad34311aa26cdd5193e388dce0,review,MANTENER_Y_REVISAR,P3,Media,,Revisión ordinaria.
docs/audits/fase7/lote-B/tributar-espana-bienes-guia/decision-final.json,docs,.json,620,23,652e6adba887a827a568cd3993b3e00b2ac7c6c032a05b826c9b1c0ba9d26e92,review,MANTENER_Y_REVISAR,P3,Media,,Revisión ordinaria.
docs/audits/fase7/lote-B/tributar-espana-bienes-guia/legal-b.json,docs,.json,3434,66,3e60a0df268cf640b78731eb2826aedca7faeeb8fe6254a6c5ca9f86c7275e78,review,MANTENER_Y_REVISAR,P3,Media,,Revisión ordinaria.
docs/audits/fase7/lote-B/tributar-espana-bienes-guia/legal-a.json,docs,.json,1755,47,12e79f25c27df9e3ecf50e62316eba5cd5509fd92ef2047bb109af4ae1c7bd6d,review,MANTENER_Y_REVISAR,P3,Media,,Revisión ordinaria.
docs/audits/fase7/lote-B/como-preparar-demanda-guia-no-abogados-honduras/seo-geo.json,docs,.json,2042,56,4587e7627ea4aaf451b31216ef270a5e1dc23ebfb6a919bf4fd826cbd4e39b75,review,MANTENER_Y_REVISAR,P3,Media,,Revisión ordinaria.
docs/audits/fase7/lote-B/como-preparar-demanda-guia-no-abogados-honduras/decision-final.json,docs,.json,660,23,a3d4d02188db1aea449c6bcc3ecde0741e83c7f16cfe91b969480a363220eaf9,review,MANTENER_Y_REVISAR,P3,Media,,Revisión ordinaria.
docs/audits/fase7/lote-B/como-preparar-demanda-guia-no-abogados-honduras/legal-b.json,docs,.json,4082,76,e5d4a9084e1f0058f41d1abc64d833528de7856710e9ea1ff2fe7e6975bf0eba,review,MANTENER_Y_REVISAR,P3,Media,,Revisión ordinaria.
docs/audits/fase7/lote-B/como-preparar-demanda-guia-no-abogados-honduras/legal-a.json,docs,.json,3773,75,7a45d5eef21bde65b40c8cfd75870a1d321078e5e82ffc00074c0f87ce952c57,review,MANTENER_Y_REVISAR,P3,Media,,Revisión ordinaria.
docs/audits/fase7/lote-B/licencia-ambiental-categorias-plazos-honduras/seo-geo.json,docs,.json,1904,52,1b4d71182ea884329f8c0729e09cf99be74fccbce72f63eff110c9e7a72c3391,review,MANTENER_Y_REVISAR,P3,Media,,Revisión ordinaria.
docs/audits/fase7/lote-B/licencia-ambiental-categorias-plazos-honduras/decision-final.json,docs,.json,656,23,3eab09a5931625599f133a6fc85ccefd9766c8be1dce21a29288727ec7374916,review,MANTENER_Y_REVISAR,P3,Media,,Revisión ordinaria.
docs/audits/fase7/lote-B/licencia-ambiental-categorias-plazos-honduras/legal-b.json,docs,.json,2878,58,c30437ff3dec46abed03a94b506d738b217c5e8b4989966d33cafbe5da1a68da,review,MANTENER_Y_REVISAR,P3,Media,,Revisión ordinaria.
docs/audits/fase7/lote-B/licencia-ambiental-categorias-plazos-honduras/legal-a.json,docs,.json,2478,69,31c63447c1154e7082a6d1629e16c63f3e4490b5cb43cdcbe8bf1190ab1533b9,review,MANTENER_Y_REVISAR,P3,Media,,Revisión ordinaria.
docs/audits/fase7/lote-B/expropiacion-forzosa-derechos-propietario-honduras/seo-geo.json,docs,.json,2011,51,2341d048da8d8f8f3e387d76746e06635b8fc9da4257060c2df326dfb86495b4,review,MANTENER_Y_REVISAR,P3,Media,,Revisión ordinaria.
docs/audits/fase7/lote-B/expropiacion-forzosa-derechos-propietario-honduras/decision-final.json,docs,.json,692,24,b2c6e8d4a93d613b6182c4315aea25af232ed92855ede5727d912d77c9053ea9,review,MANTENER_Y_REVISAR,P3,Media,,Revisión ordinaria.
docs/audits/fase7/lote-B/expropiacion-forzosa-derechos-propietario-honduras/legal-b.json,docs,.json,5013,76,8d28d4130e3aec037333fc91ac82f7b1a72d31759c063ea82717f4beaf358b83,review,MANTENER_Y_REVISAR,P3,Media,,Revisión ordinaria.
docs/audits/fase7/lote-B/expropiacion-forzosa-derechos-propietario-honduras/legal-a.json,docs,.json,3042,71,153cb8dee3a2649da4211cec89df0707dc0b9aece33c12557532482ac5fe1d49,review,MANTENER_Y_REVISAR,P3,Media,,Revisión ordinaria.
docs/audits/fase7/lote-B/residencia-temporal-requisitos-plazos-honduras/seo-geo.json,docs,.json,1949,50,e370a33173a6806414aa6648f8d1ee8b52df75c8cc544f04127d25084153e2d7,review,MANTENER_Y_REVISAR,P3,Media,,Revisión ordinaria.
docs/audits/fase7/lote-B/residencia-temporal-requisitos-plazos-honduras/decision-final.json,docs,.json,684,24,ddfc601ca14a20a1bea8cb0fb61f6237163027635149e9d8c202715efcd26bda,review,MANTENER_Y_REVISAR,P3,Media,,Revisión ordinaria.
docs/audits/fase7/lote-B/residencia-temporal-requisitos-plazos-honduras/legal-b.json,docs,.json,3420,68,4f169f132f1e51dc8a70563b8ea059d42d95fc0389d1095105c6aabe030494a5,review,MANTENER_Y_REVISAR,P3,Media,,Revisión ordinaria.
docs/audits/fase7/lote-B/residencia-temporal-requisitos-plazos-honduras/legal-a.json,docs,.json,1421,39,3689862f82daa673683359d04d82785e849507901f7e3e89cb757b636d414c24,review,MANTENER_Y_REVISAR,P3,Media,,Revisión ordinaria.
docs/audits/fase7/lote-B/allanamiento-ilegal-violacion-domicilio-honduras/seo-geo.json,docs,.json,2152,55,da812585974af6c50dfb4c3fa5306809c17631963cb635d3e595fa96c133853e,review,MANTENER_Y_REVISAR,P3,Media,,Revisión ordinaria.
docs/audits/fase7/lote-B/allanamiento-ilegal-violacion-domicilio-honduras/decision-final.json,docs,.json,714,25,225e64e7584475bf0841f168dd66c33ac8bab92b5b5d125e76268062e19e12c3,review,MANTENER_Y_REVISAR,P3,Media,,Revisión ordinaria.
docs/audits/fase7/lote-B/allanamiento-ilegal-violacion-domicilio-honduras/legal-b.json,docs,.json,5438,90,7f0683b33282ea200bfcc9fcc04ac7f1aa8f02d5ae01657ccfe94916d3aa4e75,review,MANTENER_Y_REVISAR,P3,Media,,Revisión ordinaria.
docs/audits/fase7/lote-B/allanamiento-ilegal-violacion-domicilio-honduras/legal-a.json,docs,.json,3636,79,70d1da9d21842aff95a7a01c2cbd3ea23b9046e4e19f201ad3964912513b897e,review,MANTENER_Y_REVISAR,P3,Media,,Revisión ordinaria.
docs/audits/fase7/lote-B/recursos-sentencia-penal-apelacion-casacion-honduras/seo-geo.json,docs,.json,1951,50,9c34cd41bf36c185a999345291b93a0327a7bd5026aa5a2f477bca594226fd53,review,MANTENER_Y_REVISAR,P3,Media,,Revisión ordinaria.
docs/audits/fase7/lote-B/recursos-sentencia-penal-apelacion-casacion-honduras/decision-final.json,docs,.json,696,24,ffa96a77c392f2639a621e0f38df79e27a70168483db02f9f090a9c4ed2aa7ce,review,MANTENER_Y_REVISAR,P3,Media,,Revisión ordinaria.
docs/audits/fase7/lote-B/recursos-sentencia-penal-apelacion-casacion-honduras/legal-b.json,docs,.json,4828,85,00e8e1b28994951b1cedefdc4659c28970b0fd9c23b01fc8c5aba51410301333,review,MANTENER_Y_REVISAR,P3,Media,,Revisión ordinaria.
docs/audits/fase7/lote-B/recursos-sentencia-penal-apelacion-casacion-honduras/legal-a.json,docs,.json,3971,90,09a6ed49d1c926fe7636058504d220e9778d2bb5d0d8f0dc316dcda52c77c303,review,MANTENER_Y_REVISAR,P3,Media,,Revisión ordinaria.
docs/audits/fase7/lote-C/mediacion-familiar-cuando-funciona-honduras/seo-geo.json,docs,.json,1919,51,a7688f587a70a3adc1f9f4198d98e54d84145f970a90c046c12c477a0db12cae,review,MANTENER_Y_REVISAR,P3,Media,,Revisión ordinaria.
docs/audits/fase7/lote-C/mediacion-familiar-cuando-funciona-honduras/decision-final.json,docs,.json,652,23,8316bf18b6f2954a6871cbd454633bd72158446d141ed9502741a11841561898,review,MANTENER_Y_REVISAR,P3,Media,,Revisión ordinaria.
docs/audits/fase7/lote-C/mediacion-familiar-cuando-funciona-honduras/legal-b.json,docs,.json,2367,58,746dd020ac8f196a6e14d96610f35ca9af8d7cdc24daee0c2e5620346c09a3d2,review,MANTENER_Y_REVISAR,P3,Media,,Revisión ordinaria.
docs/audits/fase7/lote-C/mediacion-familiar-cuando-funciona-honduras/legal-a.json,docs,.json,1553,39,2334d777bbe29166a0f74ac09a65bd3e71958d86344dad68fdc5ed3d0bf32304,review,MANTENER_Y_REVISAR,P3,Media,,Revisión ordinaria.
docs/audits/fase7/lote-C/registro-medicamentos-productos-farmaceuticos-honduras/seo-geo.json,docs,.json,1912,48,1f7a5eae932e6ecc22c74ca3f4f6c72e38087811ae1649ff9c3654190bc00997,review,MANTENER_Y_REVISAR,P3,Media,,Revisión ordinaria.
docs/audits/fase7/lote-C/registro-medicamentos-productos-farmaceuticos-honduras/decision-final.json,docs,.json,700,24,62a9220ab8ce21de8eeaf946e6f25d58ab4609534fe420d53d4aea720a8e8548,review,MANTENER_Y_REVISAR,P3,Media,,Revisión ordinaria.
docs/audits/fase7/lote-C/registro-medicamentos-productos-farmaceuticos-honduras/legal-b.json,docs,.json,2517,60,ee1f32915027d02bf783853ba357872b2535cefe0e5b5ef5275ba91bf82aa0c2,review,MANTENER_Y_REVISAR,P3,Media,,Revisión ordinaria.
docs/audits/fase7/lote-C/registro-medicamentos-productos-farmaceuticos-honduras/legal-a.json,docs,.json,1880,55,9e7ed0125a4a06bcce4347f138ef1437aed086db168a7c20fe4e6be52de113c0,review,MANTENER_Y_REVISAR,P3,Media,,Revisión ordinaria.
docs/audits/fase7/lote-C/arraigo-social-laboral-hondurenos-espana/seo-geo.json,docs,.json,1883,47,66a8ffc9550bdb3bb957bfe8d2684cdf15431577c1895d9f0e7159b08a6c1d2b,review,MANTENER_Y_REVISAR,P3,Media,,Revisión ordinaria.
docs/audits/fase7/lote-C/arraigo-social-laboral-hondurenos-espana/decision-final.json,docs,.json,672,24,d7e89d8c914f102c48ec99e093265ac9dc3112fe6f3a4c6a487aaec56cac3608,review,MANTENER_Y_REVISAR,P3,Media,,Revisión ordinaria.
docs/audits/fase7/lote-C/arraigo-social-laboral-hondurenos-espana/legal-b.json,docs,.json,2198,48,eca27594a20da00a477617e918c6761575d51676f4e69b71378a795b635288d6,review,MANTENER_Y_REVISAR,P3,Media,,Revisión ordinaria.
docs/audits/fase7/lote-C/arraigo-social-laboral-hondurenos-espana/legal-a.json,docs,.json,2387,55,9013b96f9816b0f5d36b44504e0aa83d5c99ac51fe915ee29ecdc663db030e20,review,MANTENER_Y_REVISAR,P3,Media,,Revisión ordinaria.
docs/audits/fase7/lote-C/permiso-trabajo-extranjeros-honduras/seo-geo.json,docs,.json,1896,52,2c8632e96c88112e08add9af2699b2f6ce1dc5146abbcbc6b5d41ab81ca8e0f8,review,MANTENER_Y_REVISAR,P3,Media,,Revisión ordinaria.
docs/audits/fase7/lote-C/permiso-trabajo-extranjeros-honduras/decision-final.json,docs,.json,638,23,252709a5b4372f6a58d96ba98f12849faaecfe36e724a1b07ee6041cd018a298,review,MANTENER_Y_REVISAR,P3,Media,,Revisión ordinaria.
docs/audits/fase7/lote-C/permiso-trabajo-extranjeros-honduras/legal-b.json,docs,.json,1578,43,33629120985a995107e6d9b8b01e68fb8bac0e3ac02351881ac90176f46fef6f,review,MANTENER_Y_REVISAR,P3,Media,,Revisión ordinaria.
docs/audits/fase7/lote-C/permiso-trabajo-extranjeros-honduras/legal-a.json,docs,.json,1403,39,2cc77b4b0be36eb1d8e84bc50c2f662bec27c6aa8bb6e4e747004375f2474684,review,MANTENER_Y_REVISAR,P3,Media,,Revisión ordinaria.
docs/audits/fase7/lote-C/prescripcion-deudas-plazos-honduras/seo-geo.json,docs,.json,1973,53,1b1f5b9d2a0172e078c1e0afeee8e316dba784e3f602924cfa979846e56ac90d,review,MANTENER_Y_REVISAR,P3,Media,,Revisión ordinaria.
docs/audits/fase7/lote-C/prescripcion-deudas-plazos-honduras/decision-final.json,docs,.json,636,23,826e433544c3435fe5d69bba53a78f629ac369d39f7d4655e999a1bf2f905631,review,MANTENER_Y_REVISAR,P3,Media,,Revisión ordinaria.
docs/audits/fase7/lote-C/prescripcion-deudas-plazos-honduras/legal-b.json,docs,.json,2396,57,b598fc251e60cf57725a3b84a5498a451bf9493c131c7e9aa69d75befece98f8,review,MANTENER_Y_REVISAR,P3,Media,,Revisión ordinaria.
docs/audits/fase7/lote-C/prescripcion-deudas-plazos-honduras/legal-a.json,docs,.json,3804,91,e1e134944d38ba83c0be02d735a0dbd1f9fc162db2f9f4598a285ac5ae864e93,review,MANTENER_Y_REVISAR,P3,Media,,Revisión ordinaria.
docs/audits/fase7/lote-C/incumplimiento-contrato-comercial-honduras/seo-geo.json,docs,.json,1910,49,66559c854b345892e9c6db53f2a8e979e37349b84a2d1c62d2df3acb05401ba8,review,MANTENER_Y_REVISAR,P3,Media,,Revisión ordinaria.
docs/audits/fase7/lote-C/incumplimiento-contrato-comercial-honduras/decision-final.json,docs,.json,676,24,e9207b41b70f45ece737be530aae1a5e18be809bc1c8a369c976cbf99f50fe6f,review,MANTENER_Y_REVISAR,P3,Media,,Revisión ordinaria.
docs/audits/fase7/lote-C/incumplimiento-contrato-comercial-honduras/legal-b.json,docs,.json,1935,48,7482f12842cbce25552ee31f0a48ca2592a0d6e01b36f0e958ad5f72c790eeec,review,MANTENER_Y_REVISAR,P3,Media,,Revisión ordinaria.
docs/audits/fase7/lote-C/incumplimiento-contrato-comercial-honduras/legal-a.json,docs,.json,1481,39,83ef54d1d8ce9bebc2dad8544a1cc238e38920dbbdc0efdc0575d70d589e8c23,review,MANTENER_Y_REVISAR,P3,Media,,Revisión ordinaria.
docs/audits/fase7/lote-C/importar-mercancias-guia-aduanera/seo-geo.json,docs,.json,2087,60,05a33924b31cbd2aedb4e9d1c347058c200dc2359ce85fbcf9d5f21438ea17dc,review,MANTENER_Y_REVISAR,P3,Media,,Revisión ordinaria.
docs/audits/fase7/lote-C/importar-mercancias-guia-aduanera/decision-final.json,docs,.json,658,24,e328cbcab68333d01df80b9f9a1d7ed7fd53b1f885dd4cdd806c951f104eff0f,review,MANTENER_Y_REVISAR,P3,Media,,Revisión ordinaria.
docs/audits/fase7/lote-C/importar-mercancias-guia-aduanera/legal-b.json,docs,.json,2065,53,90dea4f768f4a85319e1ca618ee69d01731255f69d5942ee4b04aaa61e8d504d,review,MANTENER_Y_REVISAR,P3,Media,,Revisión ordinaria.
docs/audits/fase7/lote-C/importar-mercancias-guia-aduanera/legal-a.json,docs,.json,2750,67,cd8197a7b151ad2cc2555d71b99c2d16f67388b5490cc3a807b77e517140c64a,review,MANTENER_Y_REVISAR,P3,Media,,Revisión ordinaria.
docs/audits/fase7/lote-C/presentar-denuncia-conadeh-honduras/seo-geo.json,docs,.json,1917,51,e9a2b733cf9f995dc81689ed456d62e980ed0bd911756c7e758c0c85cc9583be,review,MANTENER_Y_REVISAR,P3,Media,,Revisión ordinaria.
docs/audits/fase7/lote-C/presentar-denuncia-conadeh-honduras/decision-final.json,docs,.json,636,23,5609537e1238950ad0e359872152ebe80c784011d59a9c24bdd470cbf33c8161,review,MANTENER_Y_REVISAR,P3,Media,,Revisión ordinaria.
docs/audits/fase7/lote-C/presentar-denuncia-conadeh-honduras/legal-b.json,docs,.json,1698,47,247e5b155c0e7d2bdd1b82b4e8fc088c6dff39c8d37f41f6781284cfbb5c25a6,review,MANTENER_Y_REVISAR,P3,Media,,Revisión ordinaria.
docs/audits/fase7/lote-C/presentar-denuncia-conadeh-honduras/legal-a.json,docs,.json,1284,37,c067106add8afc40abad6b7a1abf24fa63644cc7042026e96678ef3e2247de73,review,MANTENER_Y_REVISAR,P3,Media,,Revisión ordinaria.
docs/audits/fase7/lote-C/calcular-liquidacion-laboral-honduras/seo-geo.json,docs,.json,1845,49,71b0db6797efd75878b48f63c8969536cd4c4ca1202394c6a16637429b55ab08,review,MANTENER_Y_REVISAR,P3,Media,,Revisión ordinaria.
docs/audits/fase7/lote-C/calcular-liquidacion-laboral-honduras/decision-final.json,docs,.json,640,23,90ddc85d1344ec7e8d42aa9a8c7e4d3481420d15c4a01f2a7c40feba9ffcbdd9,review,MANTENER_Y_REVISAR,P3,Media,,Revisión ordinaria.
docs/audits/fase7/lote-C/calcular-liquidacion-laboral-honduras/legal-b.json,docs,.json,2917,61,43eaae73ff91c09fdbbe27ab8f4d0265d46e5773e449f8949a0e48535763501a,review,MANTENER_Y_REVISAR,P3,Media,,Revisión ordinaria.
docs/audits/fase7/lote-C/calcular-liquidacion-laboral-honduras/legal-a.json,docs,.json,1511,39,19ef9e252f12c6d1c4cd868c1ddfa863153c7e69b33cf4469c321361adf2ab42,review,MANTENER_Y_REVISAR,P3,Media,,Revisión ordinaria.
docs/audits/fase7/lote-C/tarjetas-credito-intereses-cargos-defensa-honduras/seo-geo.json,docs,.json,1879,50,62545da476a91b7702b3b6598fb66b9b7e0de7052864e643664e38085ff77926,review,MANTENER_Y_REVISAR,P3,Media,,Revisión ordinaria.
docs/audits/fase7/lote-C/tarjetas-credito-intereses-cargos-defensa-honduras/decision-final.json,docs,.json,666,23,f2c53898c17a73b0e67fdc0b992602e4538ab6ac309a17f1da3a9aaa69196883,review,MANTENER_Y_REVISAR,P3,Media,,Revisión ordinaria.
docs/audits/fase7/lote-C/tarjetas-credito-intereses-cargos-defensa-honduras/legal-b.json,docs,.json,2048,49,39270854744a26e7b4f831497b32f617c69dbd1a19d9b8bc3a58e4babf793a77,review,MANTENER_Y_REVISAR,P3,Media,,Revisión ordinaria.
docs/audits/fase7/lote-C/tarjetas-credito-intereses-cargos-defensa-honduras/legal-a.json,docs,.json,1974,55,c11c31e3d1e227650211360835bc332e4f965cc40257f32603b1e5f3b68c5412,review,MANTENER_Y_REVISAR,P3,Media,,Revisión ordinaria.
docs/audits/fase7/lote-C/antejuicio-en-honduras/seo-geo.json,docs,.json,2055,56,4a7979dcb92a7cd270e32a7683b8210d2110313df022e94d9e24a24edb90faaf,review,MANTENER_Y_REVISAR,P3,Media,,Revisión ordinaria.
docs/audits/fase7/lote-C/antejuicio-en-honduras/decision-final.json,docs,.json,636,24,e6223eea8727c82e5ad2ae77e3a2a1b475e53554c9f1ce09aff1d6a119abab65,review,MANTENER_Y_REVISAR,P3,Media,,Revisión ordinaria.
docs/audits/fase7/lote-C/antejuicio-en-honduras/legal-b.json,docs,.json,2270,50,00ac0be0b4819d3054a8fdd9e02a0541cbb5ee32e495d0e474e726537af76147,review,MANTENER_Y_REVISAR,P3,Media,,Revisión ordinaria.
docs/audits/fase7/lote-C/antejuicio-en-honduras/legal-a.json,docs,.json,3088,71,505b7a2c6761a5e42a1bc9d932ad971c997a919791946d0ca81bec1cc4f63a33,review,MANTENER_Y_REVISAR,P3,Media,,Revisión ordinaria.
docs/audits/fase7/lote-C/constituir-empresa-guia-paso-a-paso-honduras/seo-geo.json,docs,.json,1967,53,b1446a32db069656ec9988836bf185d4289a45fba69bc03d369b5b484e438a02,review,MANTENER_Y_REVISAR,P3,Media,,Revisión ordinaria.
docs/audits/fase7/lote-C/constituir-empresa-guia-paso-a-paso-honduras/decision-final.json,docs,.json,680,24,4e36322bcb1987c3273ec41f5d502e70a142e21945287f06eafbfc6702c5281e,review,MANTENER_Y_REVISAR,P3,Media,,Revisión ordinaria.
docs/audits/fase7/lote-C/constituir-empresa-guia-paso-a-paso-honduras/legal-b.json,docs,.json,1550,40,549a53bafdae53efe7a7182ccb694c491591742cf909089ad07d528d5f6b8a36,review,MANTENER_Y_REVISAR,P3,Media,,Revisión ordinaria.
docs/audits/fase7/lote-C/constituir-empresa-guia-paso-a-paso-honduras/legal-a.json,docs,.json,1424,39,a9ba9fbe193164f9ec7745762e477f3f47fb3a413066593e549a1a9ec8a45511,review,MANTENER_Y_REVISAR,P3,Media,,Revisión ordinaria.
docs/audits/fase7/lote-C/sanciones-administrativas-como-defenderse-honduras/seo-geo.json,docs,.json,1977,52,6e5fe9fe41be80ffa4deb0458f8c96eb4faa33f67208be0987d497b75f7ffc44,review,MANTENER_Y_REVISAR,P3,Media,,Revisión ordinaria.
docs/audits/fase7/lote-C/sanciones-administrativas-como-defenderse-honduras/decision-final.json,docs,.json,692,24,7ee0e650a1a0cb87100854569606a3ee2eea22ea16bc2d8840b212d134d59c0a,review,MANTENER_Y_REVISAR,P3,Media,,Revisión ordinaria.
docs/audits/fase7/lote-C/sanciones-administrativas-como-defenderse-honduras/legal-b.json,docs,.json,2304,50,d045a71f37cdc43a216ba6faf0e953c2d0497e7a70db1a12f66cd1984f05af03,review,MANTENER_Y_REVISAR,P3,Media,,Revisión ordinaria.
docs/audits/fase7/lote-C/sanciones-administrativas-como-defenderse-honduras/legal-a.json,docs,.json,1472,39,4d9428e70c6f603ac2d8faf36a66c00beaa696403f57e47279ae8cf07059135e,review,MANTENER_Y_REVISAR,P3,Media,,Revisión ordinaria.
docs/audits/fase7/lote-C/derechos-indigenas-consulta-previa-honduras/seo-geo.json,docs,.json,1910,53,b3affc83deda739183a698e4467a1e65c7e6328adfe8832dbaf1ac8dfb047656,review,MANTENER_Y_REVISAR,P3,Media,,Revisión ordinaria.
docs/audits/fase7/lote-C/derechos-indigenas-consulta-previa-honduras/decision-final.json,docs,.json,652,23,633f889f5443a4998760bb245c3f6ff2dd30d0edbf1facf5c36cee2f64658f26,review,MANTENER_Y_REVISAR,P3,Media,,Revisión ordinaria.
docs/audits/fase7/lote-C/derechos-indigenas-consulta-previa-honduras/legal-b.json,docs,.json,3739,72,544188fd249d7d7167b2e037ba08f99f92045219599bc7a0910817a5d95f8a43,review,MANTENER_Y_REVISAR,P3,Media,,Revisión ordinaria.
docs/audits/fase7/lote-C/derechos-indigenas-consulta-previa-honduras/legal-a.json,docs,.json,3553,88,95362f276085e0d4851d4fead3c9065da69deb46187a2314f165ae8f87f7ef9d,review,MANTENER_Y_REVISAR,P3,Media,,Revisión ordinaria.
docs/audits/fase7/lote-C/poder-notarial-honduras-tipos-requisitos/seo-geo.json,docs,.json,1907,50,1ad9227fad9b790d7275cba905d9640cfcbe303464d4baba878fff318dcf207f,review,MANTENER_Y_REVISAR,P3,Media,,Revisión ordinaria.
docs/audits/fase7/lote-C/poder-notarial-honduras-tipos-requisitos/decision-final.json,docs,.json,672,24,663a778543a21f4200a0a63e99b7c12325e1cc7acce407b987bb6e8910ae3f15,review,MANTENER_Y_REVISAR,P3,Media,,Revisión ordinaria.
docs/audits/fase7/lote-C/poder-notarial-honduras-tipos-requisitos/legal-b.json,docs,.json,1690,41,8d578812aeec76bf7393ac7dd9c5c5045844fd858f0def22ccfab5416015cd5f,review,MANTENER_Y_REVISAR,P3,Media,,Revisión ordinaria.
docs/audits/fase7/lote-C/poder-notarial-honduras-tipos-requisitos/legal-a.json,docs,.json,1407,39,d592bee91d87f6ff29e75314722e7e83721186c5d423d8588a7a374343f6f84f,review,MANTENER_Y_REVISAR,P3,Media,,Revisión ordinaria.
docs/audits/fase7/lote-D/proteccion-marcas-competencia-desleal/seo-geo.json,docs,.json,1998,55,5d7995c06e7409b6db4971f89a100f27095251b1ffbb3d2fa37950fc834c5c9e,review,MANTENER_Y_REVISAR,P3,Media,,Revisión ordinaria.
docs/audits/fase7/lote-D/proteccion-marcas-competencia-desleal/decision-final.json,docs,.json,640,23,7bfdd865139e9927d40367f1af7030e85926604873dec136185b0fa2fa6bff2a,review,MANTENER_Y_REVISAR,P3,Media,,Revisión ordinaria.
docs/audits/fase7/lote-D/proteccion-marcas-competencia-desleal/legal-b.json,docs,.json,2051,50,185f414d69fa0973b584b44ddc949884256cccdf0b8eaf26d277f3ec39081b08,review,MANTENER_Y_REVISAR,P3,Media,,Revisión ordinaria.
docs/audits/fase7/lote-D/proteccion-marcas-competencia-desleal/legal-a.json,docs,.json,1303,39,d3f927b84f2a3c103d9b8a4d58e749133d17d9c12d0e56549bd407239944ecde,review,MANTENER_Y_REVISAR,P3,Media,,Revisión ordinaria.
docs/audits/fase7/lote-D/ejecucion-hipotecaria-honduras-que-hacer/seo-geo.json,docs,.json,1865,47,42db3536f2b9c24de2cf13e7e20f8df7d7c96850fa72e21652e399af29ef004b,review,MANTENER_Y_REVISAR,P3,Media,,Revisión ordinaria.
docs/audits/fase7/lote-D/ejecucion-hipotecaria-honduras-que-hacer/decision-final.json,docs,.json,672,24,3f383f2044ea20bdc6c20989d2f1a6a62824a34ad16169e65e12031d3cd4a364,review,MANTENER_Y_REVISAR,P3,Media,,Revisión ordinaria.
docs/audits/fase7/lote-D/ejecucion-hipotecaria-honduras-que-hacer/legal-b.json,docs,.json,1464,34,0040a0c8fde9a20fd85ab21b995e5ae05b4967bddb5a4efec4dba9149054b3d6,review,MANTENER_Y_REVISAR,P3,Media,,Revisión ordinaria.
docs/audits/fase7/lote-D/ejecucion-hipotecaria-honduras-que-hacer/legal-a.json,docs,.json,1371,39,2ccd492099b2f5cd5123b4158b5048471ce94ca3a0e6971372541f5705abe3c8,review,MANTENER_Y_REVISAR,P3,Media,,Revisión ordinaria.
docs/audits/fase7/lote-D/evaluacion-impacto-ambiental-honduras/seo-geo.json,docs,.json,1900,52,2da7d931f947fca675bc2cd17ebb6677ad5ad8d0c6fb86ef8909f4b8b00af2ae,review,MANTENER_Y_REVISAR,P3,Media,,Revisión ordinaria.
docs/audits/fase7/lote-D/evaluacion-impacto-ambiental-honduras/decision-final.json,docs,.json,640,23,f1faefb3aaebc3f2e9a8fdfadb1d6ed5eccfde2cb457ec778c152e0559c24d0a,review,MANTENER_Y_REVISAR,P3,Media,,Revisión ordinaria.
docs/audits/fase7/lote-D/evaluacion-impacto-ambiental-honduras/legal-b.json,docs,.json,1481,35,364a79904c4ea9d3fed9d50ba05a02e24cb45a32f7656475de4b49ac968c1b63,review,MANTENER_Y_REVISAR,P3,Media,,Revisión ordinaria.
docs/audits/fase7/lote-D/evaluacion-impacto-ambiental-honduras/legal-a.json,docs,.json,1290,39,1c1742b5374c2d686d3c329157cbf0c3ab5e9ea1c6a36db3d1be57ade85ae121,review,MANTENER_Y_REVISAR,P3,Media,,Revisión ordinaria.
docs/audits/fase7/lote-D/arbitraje-honduras-guia-completa/seo-geo.json,docs,.json,1859,50,b904855b3c5099f3f2d9bb3f2d5df46bcbd1af37ed1b0206753d014298a31151,review,MANTENER_Y_REVISAR,P3,Media,,Revisión ordinaria.
docs/audits/fase7/lote-D/arbitraje-honduras-guia-completa/decision-final.json,docs,.json,630,23,0e25945b6932ba573cc57d9497dc56dbe40383707b29bd29d043c33123f73efe,review,MANTENER_Y_REVISAR,P3,Media,,Revisión ordinaria.
docs/audits/fase7/lote-D/arbitraje-honduras-guia-completa/legal-b.json,docs,.json,1311,33,1b65f8785a1d4ff8db34a90b329745f3d910ea35d8764cd1e222f4aea65fa563,review,MANTENER_Y_REVISAR,P3,Media,,Revisión ordinaria.
docs/audits/fase7/lote-D/arbitraje-honduras-guia-completa/legal-a.json,docs,.json,1207,37,d478905a6dca06b21a73ab1526af2fbea8cd4521009fb26558a029eaaa7b240d,review,MANTENER_Y_REVISAR,P3,Media,,Revisión ordinaria.
docs/audits/fase7/lote-D/habilitacion-clinicas-hospitales/seo-geo.json,docs,.json,1866,51,98391c9e8de5ca56b93d31c5d39e5efe20f1a07936abac27b18acc039847d7b8,review,MANTENER_Y_REVISAR,P3,Media,,Revisión ordinaria.
docs/audits/fase7/lote-D/habilitacion-clinicas-hospitales/decision-final.json,docs,.json,630,23,e4087e63d7c020db1f9c4dc542e7890390a9e3fff694a196e91ebb91068c2d7d,review,MANTENER_Y_REVISAR,P3,Media,,Revisión ordinaria.
docs/audits/fase7/lote-D/habilitacion-clinicas-hospitales/legal-b.json,docs,.json,1115,33,457b7cbfdbb8ff76cd21d59be20f206a6cf1b22e26a5fba05a5afbe85e50887a,review,MANTENER_Y_REVISAR,P3,Media,,Revisión ordinaria.
docs/audits/fase7/lote-D/habilitacion-clinicas-hospitales/legal-a.json,docs,.json,1914,55,e8a7f2c9e1ffe1c18740adf140d3264769a2d57d19744e1fea95313984ee59c4,review,MANTENER_Y_REVISAR,P3,Media,,Revisión ordinaria.
docs/audits/fase7/lote-D/sar-notifica-fiscalizacion-que-hacer-honduras/seo-geo.json,docs,.json,1900,53,779156f2ef893a0c1f9d6b0a65b121d0b23bde3e243059353c6741471484179f,review,MANTENER_Y_REVISAR,P3,Media,,Revisión ordinaria.
docs/audits/fase7/lote-D/sar-notifica-fiscalizacion-que-hacer-honduras/decision-final.json,docs,.json,656,23,b46eb555d95f8a5e4cc79a266d781502c41d668422d85f08d349f5a4bd9d530d,review,MANTENER_Y_REVISAR,P3,Media,,Revisión ordinaria.
docs/audits/fase7/lote-D/sar-notifica-fiscalizacion-que-hacer-honduras/legal-b.json,docs,.json,1600,36,a28edda4aa60a05ca38cb9c33de081114d406389f5d487e871ced5afac84d0ee,review,MANTENER_Y_REVISAR,P3,Media,,Revisión ordinaria.
docs/audits/fase7/lote-D/sar-notifica-fiscalizacion-que-hacer-honduras/legal-a.json,docs,.json,1399,39,8790c54d6c6851f54ca41049a6619c364803da50d31bb6e3649b1d7058d9f829,review,MANTENER_Y_REVISAR,P3,Media,,Revisión ordinaria.
docs/audits/fase7/lote-D/zonas-libres-zoli-beneficios-fiscales-honduras/seo-geo.json,docs,.json,1967,56,7a7a740471884eef377607115b69daecd7a83a3ee4976b15c35a9ab73005b637,review,MANTENER_Y_REVISAR,P3,Media,,Revisión ordinaria.
docs/audits/fase7/lote-D/zonas-libres-zoli-beneficios-fiscales-honduras/decision-final.json,docs,.json,658,23,b3a7422c9e3669af3308a528ffc04abd1dd9442341bf50e0f47223b665c4949a,review,MANTENER_Y_REVISAR,P3,Media,,Revisión ordinaria.
docs/audits/fase7/lote-D/zonas-libres-zoli-beneficios-fiscales-honduras/legal-b.json,docs,.json,1446,36,b8ccde7193e93cee0339985459a48d69a1616840563fab275a3b12c1bb321a14,review,MANTENER_Y_REVISAR,P3,Media,,Revisión ordinaria.
docs/audits/fase7/lote-D/zonas-libres-zoli-beneficios-fiscales-honduras/legal-a.json,docs,.json,2223,55,af162fd295fe30a13047ef49fc962f8d4bbe1ce22d9649a58d884cfd664828a5,review,MANTENER_Y_REVISAR,P3,Media,,Revisión ordinaria.
docs/audits/fase7/lote-D/proteccion-datos-personales-derechos-arco-honduras/seo-geo.json,docs,.json,1928,52,c41191386141ce19d226499fdfa8bfd8a2dfab0b1374b60b3c2c4d141ec96331,review,MANTENER_Y_REVISAR,P3,Media,,Revisión ordinaria.
docs/audits/fase7/lote-D/proteccion-datos-personales-derechos-arco-honduras/decision-final.json,docs,.json,666,23,133609ec22dbb30f6e7286e2ec07b7aaaf1383fb419b7e22a85c8e48aea6b78d,review,MANTENER_Y_REVISAR,P3,Media,,Revisión ordinaria.
docs/audits/fase7/lote-D/proteccion-datos-personales-derechos-arco-honduras/legal-b.json,docs,.json,2054,38,8c13b7d0675dbf6f7e21fbd1f31e99cf3d5e5af8c2e2d832a598b893210565ca,review,MANTENER_Y_REVISAR,P3,Media,,Revisión ordinaria.
docs/audits/fase7/lote-D/proteccion-datos-personales-derechos-arco-honduras/legal-a.json,docs,.json,2684,58,7651116b0af00b7577f4ee1ebd57ea7d6ee95eeacd6c5fb0a1726d479a33acb6,review,MANTENER_Y_REVISAR,P3,Media,,Revisión ordinaria.
docs/audits/fase7/lote-D/contratos-mercantiles-esenciales-empresas-honduras/seo-geo.json,docs,.json,1902,50,0af5ae5051ec3b837e9f22c0e6182bcc0fd0e631455c5a46520d99b3eefcead0,review,MANTENER_Y_REVISAR,P3,Media,,Revisión ordinaria.
docs/audits/fase7/lote-D/contratos-mercantiles-esenciales-empresas-honduras/decision-final.json,docs,.json,666,23,d172d796b2910109d298c1662b8c89bb49407e06bf4258ab67007d85f10e4cc1,review,MANTENER_Y_REVISAR,P3,Media,,Revisión ordinaria.
docs/audits/fase7/lote-D/contratos-mercantiles-esenciales-empresas-honduras/legal-b.json,docs,.json,1850,35,957779185e017f7ae1854aee3128d484321ac068ae30788964596ae6982a33fc,review,MANTENER_Y_REVISAR,P3,Media,,Revisión ordinaria.
docs/audits/fase7/lote-D/contratos-mercantiles-esenciales-empresas-honduras/legal-a.json,docs,.json,3053,71,471a00c98f8338c74671a0e5b4fa21f722ff46e05bb4df501258fb9a0502199e,review,MANTENER_Y_REVISAR,P3,Media,,Revisión ordinaria.
docs/audits/fase7/lote-D/contratos-arrendamiento-derechos-obligaciones-honduras/seo-geo.json,docs,.json,1819,49,83b6e0d6d43c5a4922ac9dc1c7ece01821535e50ad7ab5393ca025a5c35e79a2,review,MANTENER_Y_REVISAR,P3,Media,,Revisión ordinaria.
docs/audits/fase7/lote-D/contratos-arrendamiento-derechos-obligaciones-honduras/decision-final.json,docs,.json,674,23,7a51b3cae32fe4c0968a7344ae551a4ccce0608360bdd13359e5b8c46521276e,review,MANTENER_Y_REVISAR,P3,Media,,Revisión ordinaria.
docs/audits/fase7/lote-D/contratos-arrendamiento-derechos-obligaciones-honduras/legal-b.json,docs,.json,1746,36,dc712720264c3926649b369bd4ea35cb9273229fabea3b1af6a8e108fa6ed37b,review,MANTENER_Y_REVISAR,P3,Media,,Revisión ordinaria.
docs/audits/fase7/lote-D/contratos-arrendamiento-derechos-obligaciones-honduras/legal-a.json,docs,.json,1405,39,36285ed9448982e1e3bebe576547a616e314046cff0ea1f3b668d1de46206e64,review,MANTENER_Y_REVISAR,P3,Media,,Revisión ordinaria.
docs/audits/fase7/lote-D/fianza-medidas-cautelares-proceso-penal-honduras/seo-geo.json,docs,.json,1950,52,fab420b22dbd23f5c6584ec95dd7d404156b2ef49b0a4911bc35f89b524c2e08,review,MANTENER_Y_REVISAR,P3,Media,,Revisión ordinaria.
docs/audits/fase7/lote-D/fianza-medidas-cautelares-proceso-penal-honduras/decision-final.json,docs,.json,662,23,229da405b573c9cc33163c1f1c195f33ff254f70c690cf7ee4d98c882a1ca34e,review,MANTENER_Y_REVISAR,P3,Media,,Revisión ordinaria.
docs/audits/fase7/lote-D/fianza-medidas-cautelares-proceso-penal-honduras/legal-b.json,docs,.json,2023,38,1d1c457c99ad5061bb8992271365bfe9ffc6a5f1e6e1793b54a052ce2eed5508,review,MANTENER_Y_REVISAR,P3,Media,,Revisión ordinaria.
docs/audits/fase7/lote-D/fianza-medidas-cautelares-proceso-penal-honduras/legal-a.json,docs,.json,2564,57,8545ce2c00107287e62a906a27406185bab9ef7b6cfedc68052faa9cf9425691,review,MANTENER_Y_REVISAR,P3,Media,,Revisión ordinaria.
docs/audits/fase7/lote-D/union-de-hecho-requisitos-derechos-honduras/seo-geo.json,docs,.json,1917,49,c721214e85be833b221d41355bb04cb53df127f71bb33f9a17d07681abf156b4,review,MANTENER_Y_REVISAR,P3,Media,,Revisión ordinaria.
docs/audits/fase7/lote-D/union-de-hecho-requisitos-derechos-honduras/decision-final.json,docs,.json,678,24,49b63f5d9b8760ca607c7320c1d6bda5b873e98c74194d71fd1e0475eff673ee,review,MANTENER_Y_REVISAR,P3,Media,,Revisión ordinaria.
docs/audits/fase7/lote-D/union-de-hecho-requisitos-derechos-honduras/legal-b.json,docs,.json,1839,38,4c68bebe5dfdf46c137977ff9b8929e44bfb2a4440a9c172501441613bbfb936,review,MANTENER_Y_REVISAR,P3,Media,,Revisión ordinaria.
docs/audits/fase7/lote-D/union-de-hecho-requisitos-derechos-honduras/legal-a.json,docs,.json,3143,74,4efee7f56f9450ea3ac0b286bccec7d43035e59ada0db6e088ebc88ed8a6c172,review,MANTENER_Y_REVISAR,P3,Media,,Revisión ordinaria.
docs/audits/fase7/lote-D/sobreseimiento-definitivo-provisional/seo-geo.json,docs,.json,2133,57,87cc468a170e74ed65b3e88f383ff30646e695b3782c3a509805f1c036a93994,review,MANTENER_Y_REVISAR,P3,Media,,Revisión ordinaria.
docs/audits/fase7/lote-D/sobreseimiento-definitivo-provisional/decision-final.json,docs,.json,692,25,12e92204f50799d89967c4bfd1e0ec2a77780704533ecf3d7626f003f2b920b3,review,MANTENER_Y_REVISAR,P3,Media,,Revisión ordinaria.
docs/audits/fase7/lote-D/sobreseimiento-definitivo-provisional/legal-b.json,docs,.json,1845,44,036539580b2045b65c0c6002459ac4733ad14728b98390efa5a4bee647ddacc4,review,MANTENER_Y_REVISAR,P3,Media,,Revisión ordinaria.
docs/audits/fase7/lote-D/sobreseimiento-definitivo-provisional/legal-a.json,docs,.json,1411,39,579147d1bab3bad74f4481ce5e6c93a326b96379e640ded949a0672fc47fffdd,review,MANTENER_Y_REVISAR,P3,Media,,Revisión ordinaria.
docs/audits/fase7/lote-D/recurso-de-amparo-honduras-guia-completa/seo-geo.json,docs,.json,1973,52,fd5a20db6c180518fc9a6a9fa6014500e6b5dd8875907fea284fcf33d8160c5f,review,MANTENER_Y_REVISAR,P3,Media,,Revisión ordinaria.
docs/audits/fase7/lote-D/recurso-de-amparo-honduras-guia-completa/decision-final.json,docs,.json,646,23,600dd46624f6e82b9c87c350903ba90134cc1e4fae67916fe55b1e7ab518a82d,review,MANTENER_Y_REVISAR,P3,Media,,Revisión ordinaria.
docs/audits/fase7/lote-D/recurso-de-amparo-honduras-guia-completa/legal-b.json,docs,.json,2234,50,ecfb6a6916eb391e62bf8df4ed1770009fa09f96d90d48df51f6dd7967976e37,review,MANTENER_Y_REVISAR,P3,Media,,Revisión ordinaria.
docs/audits/fase7/lote-D/recurso-de-amparo-honduras-guia-completa/legal-a.json,docs,.json,2787,72,37b5c0105810266e1656b919f2047d922c091857584625e81b8533773ea35324,review,MANTENER_Y_REVISAR,P3,Media,,Revisión ordinaria.
docs/audits/fase7/lote-D/contratos-empleadas-domesticas-obligaciones-honduras/seo-geo.json,docs,.json,1974,51,25efe08cfc776b711e77934e46fbacf8addb520df21f183b8edd6ef67d4ee561,review,MANTENER_Y_REVISAR,P3,Media,,Revisión ordinaria.
docs/audits/fase7/lote-D/contratos-empleadas-domesticas-obligaciones-honduras/decision-final.json,docs,.json,696,24,2682ad60b215d50039df08e3b2ec1380feeade30ddaafee70706d82e0627fea8,review,MANTENER_Y_REVISAR,P3,Media,,Revisión ordinaria.
docs/audits/fase7/lote-D/contratos-empleadas-domesticas-obligaciones-honduras/legal-b.json,docs,.json,1998,39,01ac02ef380280621bacfb696422ed841ef04782e338c25a0b2d700d97c655be,review,MANTENER_Y_REVISAR,P3,Media,,Revisión ordinaria.
docs/audits/fase7/lote-D/contratos-empleadas-domesticas-obligaciones-honduras/legal-a.json,docs,.json,3836,90,10c054f3544d3158f67449fb7738558f7fcdbd5db421cc3370941de0e0a971c2,review,MANTENER_Y_REVISAR,P3,Media,,Revisión ordinaria.
docs/audits/fase7/lote-A/mediacion-vs-juicio-cual-elegir/seo-geo.json,docs,.json,1677,48,4d57c3495f2c348ae28270114a0235ce2df939c63a5f252cd239027c872db298,review,MANTENER_Y_REVISAR,P3,Media,,Revisión ordinaria.
docs/audits/fase7/lote-A/mediacion-vs-juicio-cual-elegir/decision-final.json,docs,.json,1071,30,1642eddb871b247f6c4929b11a74b77c6f7bb393e135fb72ba335f4be40d9f41,review,MANTENER_Y_REVISAR,P3,Media,,Revisión ordinaria.
docs/audits/fase7/lote-A/mediacion-vs-juicio-cual-elegir/body.txt,docs,.txt,6253,72,c19041c16fb636f9f158eb00f9645e795170f3f9b8d4d4fcb54bda556067710e,review,MANTENER_Y_REVISAR,P3,Media,,Revisión ordinaria.
docs/audits/fase7/lote-A/mediacion-vs-juicio-cual-elegir/legal-b.json,docs,.json,5783,75,3942f262aa250afe7af573df16ea084bfbaf3a4516169875ee113f6ffed8aca5,review,MANTENER_Y_REVISAR,P3,Media,,Revisión ordinaria.
docs/audits/fase7/lote-A/mediacion-vs-juicio-cual-elegir/enlazado.json,docs,.json,2235,54,068d548fb6fac35b3e3df03b9bedf239b19c984001710e1910d6a2c70d0d757f,review,MANTENER_Y_REVISAR,P3,Media,,Revisión ordinaria.
docs/audits/fase7/lote-A/mediacion-vs-juicio-cual-elegir/tecnico-schema.json,docs,.json,4780,90,9300a879e9b3e23aa5644fa66145d8c25608aa9e36c15c0ae4efbd1dd2e084a1,review,MANTENER_Y_REVISAR,P3,Media,,Revisión ordinaria.
docs/audits/fase7/lote-A/mediacion-vs-juicio-cual-elegir/legal-a.json,docs,.json,4513,98,4d90c5af685c122bb1b68a42c43760b706931064b76fde26f60ffa79c414b795,review,MANTENER_Y_REVISAR,P3,Media,,Revisión ordinaria.
docs/audits/fase7/lote-A/mediacion-vs-juicio-cual-elegir/ux-produccion.json,docs,.json,1254,46,da92f4898e932351c315164b2c642d4f778b3733369263756496f14e2e182317,review,MANTENER_Y_REVISAR,P3,Media,,Revisión ordinaria.
docs/audits/fase7/lote-A/herencias-transfronterizas-bienes/seo-geo.json,docs,.json,1658,48,49cafa055c869190b35bd103e956f8bdeab35ed9ccf72639784114585ce78abf,review,MANTENER_Y_REVISAR,P3,Media,,Revisión ordinaria.
docs/audits/fase7/lote-A/herencias-transfronterizas-bienes/decision-final.json,docs,.json,707,25,4cd2906a16b2420bede0dbfa9385160ea90193ef831beb48c9264bb0d64557fc,review,MANTENER_Y_REVISAR,P3,Media,,Revisión ordinaria.
docs/audits/fase7/lote-A/herencias-transfronterizas-bienes/ux-produccion.json,docs,.json,1256,46,623d16588fa4aa6f6dd88ec7c91a1b230f7c262d10194481c9066e0bf1b3a2f0,review,MANTENER_Y_REVISAR,P3,Media,,Revisión ordinaria.
docs/audits/fase7/lote-A/contratacion-publica-licitaciones/seo-geo.json,docs,.json,1704,48,8accda723abe8d1ba31d05a89506a33911aacd5c6ef1e29de77f493b24396161,review,MANTENER_Y_REVISAR,P3,Media,,Revisión ordinaria.
docs/audits/fase7/lote-A/contratacion-publica-licitaciones/decision-final.json,docs,.json,1214,32,53c347108cbf5e5707cede096c4d3bc05cb7c67f9e982229944edaaeeee186f0,review,MANTENER_Y_REVISAR,P3,Media,,Revisión ordinaria.
docs/audits/fase7/lote-A/contratacion-publica-licitaciones/body.txt,docs,.txt,6621,45,6c597aa9631b97e33834b545c30b240bf76660281498c478b415bd681d172581,review,MANTENER_Y_REVISAR,P3,Media,,Revisión ordinaria.
docs/audits/fase7/lote-A/contratacion-publica-licitaciones/legal-b.json,docs,.json,7409,110,4a2e82dc24f7959591dab96082cf46140167682d90565e3fd53ba65d4ded4769,review,MANTENER_Y_REVISAR,P3,Media,,Revisión ordinaria.
docs/audits/fase7/lote-A/contratacion-publica-licitaciones/enlazado.json,docs,.json,2690,54,0a7a078a61c5d04511356597b16e86b2b206f455108c202c5fb735d4f66267db,review,MANTENER_Y_REVISAR,P3,Media,,Revisión ordinaria.
docs/audits/fase7/lote-A/contratacion-publica-licitaciones/tecnico-schema.json,docs,.json,4282,90,dafba9a8f4c3dd3a9ba15b95102c41e1467e6b335e54eaee864beb0b35829045,review,MANTENER_Y_REVISAR,P3,Media,,Revisión ordinaria.
docs/audits/fase7/lote-A/contratacion-publica-licitaciones/legal-a.json,docs,.json,4756,108,e6fddc1da2234ae638bc4eac8048c0902f68494630a18758870da07456b51be9,review,MANTENER_Y_REVISAR,P3,Media,,Revisión ordinaria.
docs/audits/fase7/lote-A/contratacion-publica-licitaciones/ux-produccion.json,docs,.json,1258,46,a852e32464a4f9e42bc201cca6d89e8472e6bd7a6f6c1690ef3975ad6284a863,review,MANTENER_Y_REVISAR,P3,Media,,Revisión ordinaria.
docs/audits/fase7/lote-A/lavado-activos-prevencion-obligaciones-honduras/seo-geo.json,docs,.json,2456,57,c55f5b620814369b664e4c80847d0ff7aee44bd702f5b7659ad64541712af5c1,review,MANTENER_Y_REVISAR,P3,Media,,Revisión ordinaria.
docs/audits/fase7/lote-A/lavado-activos-prevencion-obligaciones-honduras/legal-b.json,docs,.json,7561,104,a8fb0a54c5bb0c25ebd81aff749ef286c25b1acc0a93047a71eddae566168b70,review,MANTENER_Y_REVISAR,P3,Media,,Revisión ordinaria.
docs/audits/fase7/lote-A/lavado-activos-prevencion-obligaciones-honduras/enlazado.json,docs,.json,2138,52,b5980d49accf5a10bb5c183abf88950fdcaca0e169c83249511392b197be6abe,review,MANTENER_Y_REVISAR,P3,Media,,Revisión ordinaria.
docs/audits/fase7/lote-A/lavado-activos-prevencion-obligaciones-honduras/tecnico-schema.json,docs,.json,2419,78,145d811251fc36065615156533d02f9072a32842b0e9db4485ab8e2ecf3bedd8,review,MANTENER_Y_REVISAR,P3,Media,,Revisión ordinaria.
docs/audits/fase7/lote-A/lavado-activos-prevencion-obligaciones-honduras/legal-a.json,docs,.json,1049,22,3926aa01a41acf3f65127e92de74f103054083b8d89885e0ff86935741d12d9c,review,MANTENER_Y_REVISAR,P3,Media,,Revisión ordinaria.
docs/audits/fase7/lote-A/lavado-activos-prevencion-obligaciones-honduras/ux-produccion.json,docs,.json,2453,56,08cf54f00872e937d95b7fe5cc7e3d3e3b4f9b82e16732d853fb4f326d07a6b1,review,MANTENER_Y_REVISAR,P3,Media,,Revisión ordinaria.
docs/audits/fase7/lote-A/jornada-laboral-horas-extras-descansos-honduras/seo-geo.json,docs,.json,2464,57,7c56c1ac3f7a29f95e501acf2606610a3afb2e9736e7281fb9103e3b0ac918ee,review,MANTENER_Y_REVISAR,P3,Media,,Revisión ordinaria.
docs/audits/fase7/lote-A/jornada-laboral-horas-extras-descansos-honduras/legal-b.json,docs,.json,11429,141,3c09f573cd45089c460477f5de78889b6491f6e69d3a8aa68114f782d3816cf3,review,MANTENER_Y_REVISAR,P3,Media,,Revisión ordinaria.
docs/audits/fase7/lote-A/jornada-laboral-horas-extras-descansos-honduras/enlazado.json,docs,.json,2236,53,321331a95eccd5228dc5ff28fbdb32a527d28dd0142b1efff2dce1cf910aa63b,review,MANTENER_Y_REVISAR,P3,Media,,Revisión ordinaria.
docs/audits/fase7/lote-A/jornada-laboral-horas-extras-descansos-honduras/tecnico-schema.json,docs,.json,2423,78,9ce435486bda4ee4f04db4034b313864163fd387e385121bd29c8a3773ccc0d2,review,MANTENER_Y_REVISAR,P3,Media,,Revisión ordinaria.
docs/audits/fase7/lote-A/jornada-laboral-horas-extras-descansos-honduras/legal-a.json,docs,.json,1241,22,7eed4fb046345934e224459877c6dcc7c0579034d66b85cfa19176cbfc756f39,review,MANTENER_Y_REVISAR,P3,Media,,Revisión ordinaria.
docs/audits/fase7/lote-A/jornada-laboral-horas-extras-descansos-honduras/ux-produccion.json,docs,.json,2381,56,9a4b07dd1f2cc6e04d7c956187f41a0d6b0cecaf26a29cd5cda32c574d6b71ef,review,MANTENER_Y_REVISAR,P3,Media,,Revisión ordinaria.
docs/audits/fase7/lote-A/acoso-laboral-mobbing-honduras/seo-geo.json,docs,.json,1660,48,48bbc9490875cb2fc6e31cb868dd68531bdc356ede7c8c10072cf43f609db6e3,review,MANTENER_Y_REVISAR,P3,Media,,Revisión ordinaria.
docs/audits/fase7/lote-A/acoso-laboral-mobbing-honduras/decision-final.json,docs,.json,667,24,cc809c12f62a3bcbeda8261e80cad05dd8df6955a11076160414fa402c602b83,review,MANTENER_Y_REVISAR,P3,Media,,Revisión ordinaria.
docs/audits/fase7/lote-A/acoso-laboral-mobbing-honduras/ux-produccion.json,docs,.json,1245,46,80c5dad33072c30ec9b12ef9d46e8b983122e7203792dd25f16908b78da882fc,review,MANTENER_Y_REVISAR,P3,Media,,Revisión ordinaria.
docs/audits/fase7/lote-A/defensa-legal-detencion-flagrancia-honduras/seo-geo.json,docs,.json,2469,57,25bc9f6b132c8d4c2bbbdb4e1d43227694e76655600caf61b41acfa2d50ac87c,review,MANTENER_Y_REVISAR,P3,Media,,Revisión ordinaria.
docs/audits/fase7/lote-A/defensa-legal-detencion-flagrancia-honduras/legal-b.json,docs,.json,668,1,623dba59054b00c4c2a288c2a6cb4873e5dbf621ccc520ffdc9b8bbf7deb57a4,review,MANTENER_Y_REVISAR,P3,Media,,Revisión ordinaria.
docs/audits/fase7/lote-A/defensa-legal-detencion-flagrancia-honduras/enlazado.json,docs,.json,1513,42,eed2a0a075ee4b952372b2f70f513049d6bfe7eec49947ac37c2e49e7d8a71dc,review,MANTENER_Y_REVISAR,P3,Media,,Revisión ordinaria.
docs/audits/fase7/lote-A/defensa-legal-detencion-flagrancia-honduras/tecnico-schema.json,docs,.json,2407,78,a860f9be8c47dc6658fa881ce58d340e5b442f32a7e95e63fef858b6824734f2,review,MANTENER_Y_REVISAR,P3,Media,,Revisión ordinaria.
docs/audits/fase7/lote-A/defensa-legal-detencion-flagrancia-honduras/legal-a.json,docs,.json,1173,26,cd7fb4c5e47092717e3ae57a6383d240d6c40cf311ae5e951119ed8f402be2fc,review,MANTENER_Y_REVISAR,P3,Media,,Revisión ordinaria.
docs/audits/fase7/lote-A/defensa-legal-detencion-flagrancia-honduras/ux-produccion.json,docs,.json,1736,52,6c1e66dd7c846b73e44b8bb9b9258e8aaeafcb06c411c7fc0cfb8fe0cea3d91b,review,MANTENER_Y_REVISAR,P3,Media,,Revisión ordinaria.
docs/audits/fase7/lote-A/jubilaciones-pensiones-derechos-laborales-honduras/seo-geo.json,docs,.json,2455,57,f8b7cec37695bdbc1a0076e09bb89dbf6c31fade99aff9d4b23ebf73e29031ad,review,MANTENER_Y_REVISAR,P3,Media,,Revisión ordinaria.
docs/audits/fase7/lote-A/jubilaciones-pensiones-derechos-laborales-honduras/legal-b.json,docs,.json,803,1,57a10c4d8e1f0865750d490089165093ec8de14860d0a6309f588d14f956a553,review,MANTENER_Y_REVISAR,P3,Media,,Revisión ordinaria.
docs/audits/fase7/lote-A/jubilaciones-pensiones-derechos-laborales-honduras/enlazado.json,docs,.json,1387,42,641df79f01210e13e8eca1b7b4b7ef28444ded1d396d00c5f0b6ae2d47034380,review,MANTENER_Y_REVISAR,P3,Media,,Revisión ordinaria.
docs/audits/fase7/lote-A/jubilaciones-pensiones-derechos-laborales-honduras/tecnico-schema.json,docs,.json,2432,78,648cad4be9fde55bb2f86d5f0efcf935a7baf14949ec5fcd935c917ef99de984,review,MANTENER_Y_REVISAR,P3,Media,,Revisión ordinaria.
docs/audits/fase7/lote-A/jubilaciones-pensiones-derechos-laborales-honduras/legal-a.json,docs,.json,1082,21,e7c21cc1d953e0997728a623d254614fdfc7fdac974c0b1ed564590d0a0631bb,review,MANTENER_Y_REVISAR,P3,Media,,Revisión ordinaria.
docs/audits/fase7/lote-A/jubilaciones-pensiones-derechos-laborales-honduras/ux-produccion.json,docs,.json,1752,52,31f7e64b3807f921339dbbd97c3c4651ecbd13c0bceffe923d2b0199250ede13,review,MANTENER_Y_REVISAR,P3,Media,,Revisión ordinaria.
docs/audits/fase7/lote-A/naturalizacion-nacionalidad-hondurena/seo-geo.json,docs,.json,1708,48,4fe495f1d0973545b86374b4d2140fe674e21fd92bb2ad4ab215aebcdd0956b3,review,MANTENER_Y_REVISAR,P3,Media,,Revisión ordinaria.
docs/audits/fase7/lote-A/naturalizacion-nacionalidad-hondurena/decision-final.json,docs,.json,679,24,e74ee3883e74c7d173edc4025c67fca94c3fc5b563759eca645bddaa699738d4,review,MANTENER_Y_REVISAR,P3,Media,,Revisión ordinaria.
docs/audits/fase7/lote-A/naturalizacion-nacionalidad-hondurena/ux-produccion.json,docs,.json,1265,46,fd981ad2698050b684d32fb724d5c87bd00630a30ce67c76d62be6e2ce3ba2b9,review,MANTENER_Y_REVISAR,P3,Media,,Revisión ordinaria.
docs/audits/fase7/lote-A/regimenes-aduaneros-suspensivos-honduras/seo-geo.json,docs,.json,2477,57,bf6b9dc8f4a82cbc105cb0810667c7be0fb971a078d35ca81898ecea65c0ea4e,review,MANTENER_Y_REVISAR,P3,Media,,Revisión ordinaria.
docs/audits/fase7/lote-A/regimenes-aduaneros-suspensivos-honduras/legal-b.json,docs,.json,665,1,1bc74a80aa6bca9e6ad63a4d2aea462a93c6d61037d66ca0680cdeb35c68ca0a,review,MANTENER_Y_REVISAR,P3,Media,,Revisión ordinaria.
docs/audits/fase7/lote-A/regimenes-aduaneros-suspensivos-honduras/enlazado.json,docs,.json,1347,42,f3ef5b84db2b2e13bba76fae4a016a03f8c54c91e2bd7bb6cbe658e25c029c95,review,MANTENER_Y_REVISAR,P3,Media,,Revisión ordinaria.
docs/audits/fase7/lote-A/regimenes-aduaneros-suspensivos-honduras/tecnico-schema.json,docs,.json,2404,78,aa184fc5ecd6cab643d47da74bf75e7a47616746a215b846417fa8736a91054e,review,MANTENER_Y_REVISAR,P3,Media,,Revisión ordinaria.
docs/audits/fase7/lote-A/regimenes-aduaneros-suspensivos-honduras/legal-a.json,docs,.json,949,21,0daa9b9aa968c6a32798a5d0e0095fc314cac7a5dc3527a10fc3a5f5413c218d,review,MANTENER_Y_REVISAR,P3,Media,,Revisión ordinaria.
docs/audits/fase7/lote-A/regimenes-aduaneros-suspensivos-honduras/ux-produccion.json,docs,.json,1733,52,1f64bb2945e8c80b2b5d3d31d737696bb2058f100a27ed7617bff21792c87a0e,review,MANTENER_Y_REVISAR,P3,Media,,Revisión ordinaria.
docs/audits/fase7/lote-A/registro-sanitario-alimentos-arsa-paso-a-paso-honduras/seo-geo.json,docs,.json,1684,48,7f7506c38a355e2ef8a9171e8f57397a66be160a1f789f0b5ec450aecafd689c,review,MANTENER_Y_REVISAR,P3,Media,,Revisión ordinaria.
docs/audits/fase7/lote-A/registro-sanitario-alimentos-arsa-paso-a-paso-honduras/decision-final.json,docs,.json,687,23,84af4ac4c6e09c95ecd1da9924d9049be6cf28c20225869460445125996dbb78,review,MANTENER_Y_REVISAR,P3,Media,,Revisión ordinaria.
docs/audits/fase7/lote-A/registro-sanitario-alimentos-arsa-paso-a-paso-honduras/ux-produccion.json,docs,.json,1298,46,638118c9bae7b99888d2b941a16b0275f11ebfd51904d40506fa0d78a14b939e,review,MANTENER_Y_REVISAR,P3,Media,,Revisión ordinaria.
docs/audits/fase7/lote-A/reformas-legales-recientes-honduras/seo-geo.json,docs,.json,1669,48,30f8c16481ce288946eb61367af6651e7467e741c600628fedeb1e34135bb99f,review,MANTENER_Y_REVISAR,P3,Media,,Revisión ordinaria.
docs/audits/fase7/lote-A/reformas-legales-recientes-honduras/decision-final.json,docs,.json,676,24,ad523854864ff63a27a40d3d9acc23c8f59d10070f90bbd7af3d731b3f4c3d62,review,MANTENER_Y_REVISAR,P3,Media,,Revisión ordinaria.
docs/audits/fase7/lote-A/reformas-legales-recientes-honduras/ux-produccion.json,docs,.json,1256,46,b8995c925984b6865998ad710e1d6da80aca66a1b3eb58f300f6ba881b5a7315,review,MANTENER_Y_REVISAR,P3,Media,,Revisión ordinaria.
docs/audits/fase7/lote-A/usura-delito-intereses-abusivos-honduras/seo-geo.json,docs,.json,2434,57,e3d1c9377bb92e7913635625ce902995d77b2f20774d0151b21eb387694d3bf6,review,MANTENER_Y_REVISAR,P3,Media,,Revisión ordinaria.
docs/audits/fase7/lote-A/usura-delito-intereses-abusivos-honduras/legal-b.json,docs,.json,665,1,f12614196dc60a62d63a814613d3eabd466eed4a3837bbd2f0623e163e61387c,review,MANTENER_Y_REVISAR,P3,Media,,Revisión ordinaria.
docs/audits/fase7/lote-A/usura-delito-intereses-abusivos-honduras/enlazado.json,docs,.json,1360,42,cdfac2d08822ead45ba045b20f23bd1803b9514c19af6ababbdf64bb6cd32d9e,review,MANTENER_Y_REVISAR,P3,Media,,Revisión ordinaria.
docs/audits/fase7/lote-A/usura-delito-intereses-abusivos-honduras/tecnico-schema.json,docs,.json,2398,78,d81cdb4ef9040cdf6afee8b8c6e14ce0115f196e2df14ec9e46f6873a0833615,review,MANTENER_Y_REVISAR,P3,Media,,Revisión ordinaria.
docs/audits/fase7/lote-A/usura-delito-intereses-abusivos-honduras/legal-a.json,docs,.json,1003,21,efdfe7fee4e2253dbc94e86b523b506885a645d8c510520cff95a20f2bf79370,review,MANTENER_Y_REVISAR,P3,Media,,Revisión ordinaria.
docs/audits/fase7/lote-A/usura-delito-intereses-abusivos-honduras/ux-produccion.json,docs,.json,1730,52,879cc2088564ee82c077e46a48dcc278df66c354ffb7a0544cad1720fc40368d,review,MANTENER_Y_REVISAR,P3,Media,,Revisión ordinaria.
docs/audits/fase7/lote-A/juicio-oral-etapas-que-esperar-honduras/seo-geo.json,docs,.json,1685,48,46e6726760004029c8429a9c77c7d6f487436bf1f85cff3c878e1c4386fd7a8e,review,MANTENER_Y_REVISAR,P3,Media,,Revisión ordinaria.
docs/audits/fase7/lote-A/juicio-oral-etapas-que-esperar-honduras/decision-final.json,docs,.json,683,24,e3c90b54883b399c67f07ad7b8653629991185dedef9768cae9dc4b2173e82ea,review,MANTENER_Y_REVISAR,P3,Media,,Revisión ordinaria.
docs/audits/fase7/lote-A/juicio-oral-etapas-que-esperar-honduras/ux-produccion.json,docs,.json,1311,48,377f3951d14d2db86721b042c33c0dbf8d591decde5d26013bae14eb08d6f4c7,review,MANTENER_Y_REVISAR,P3,Media,,Revisión ordinaria.
docs/audits/fase7/lote-A/codigo-aduanero-centroamericano/seo-geo.json,docs,.json,1678,48,e961ce6d3142a59c51b2293e711e483e7135d7dfa43c2d50b352d32f3da5f597,review,MANTENER_Y_REVISAR,P3,Media,,Revisión ordinaria.
docs/audits/fase7/lote-A/codigo-aduanero-centroamericano/decision-final.json,docs,.json,1431,32,b4ced2a1f4acd5f973bf3153b3b3d994f9521fe417a388a815fec2d8a7b1068a,review,MANTENER_Y_REVISAR,P3,Media,,Revisión ordinaria.
docs/audits/fase7/lote-A/codigo-aduanero-centroamericano/body.txt,docs,.txt,4893,34,41e1adf554e7bac0219fd2ecd56048148a9909cceac0297a7244066f5b7d4143,review,MANTENER_Y_REVISAR,P3,Media,,Revisión ordinaria.
docs/audits/fase7/lote-A/codigo-aduanero-centroamericano/legal-b.json,docs,.json,6975,96,b691a45d9aee9ef002b78b9377e21b71f8a918afe3959bfe047306088e1a7456,review,MANTENER_Y_REVISAR,P3,Media,,Revisión ordinaria.
docs/audits/fase7/lote-A/codigo-aduanero-centroamericano/enlazado.json,docs,.json,3032,68,adfb1bacb1a86cf10f42c88fbf093de3d8f5ee926a8de09dc3a9f094f20ae53a,review,MANTENER_Y_REVISAR,P3,Media,,Revisión ordinaria.
docs/audits/fase7/lote-A/codigo-aduanero-centroamericano/tecnico-schema.json,docs,.json,3954,89,246f658685de76fe62894d63c7fcc2d2cc78e0ea8ab4194f70969300d47e3e4c,review,MANTENER_Y_REVISAR,P3,Media,,Revisión ordinaria.
docs/audits/fase7/lote-A/codigo-aduanero-centroamericano/legal-a.json,docs,.json,5207,99,400e7a6f4a8be9b229fe584de9c37af2480f94215901ee1200bd19d22d234796,review,MANTENER_Y_REVISAR,P3,Media,,Revisión ordinaria.
docs/audits/fase7/lote-A/codigo-aduanero-centroamericano/ux-produccion.json,docs,.json,1248,46,1623b0193012bdd3fffd4d3320f06e61825edb54c8b8adefd3e3b21e0994d608,review,MANTENER_Y_REVISAR,P3,Media,,Revisión ordinaria.
docs/audits/fase7/lote-A/derecho-de-peticion-instituciones-honduras/seo-geo.json,docs,.json,1717,48,2e21719c9fc0eb40ee3781db9498bb8ee59ae220e22ec6b6d018ad08655a50fe,review,MANTENER_Y_REVISAR,P3,Media,,Revisión ordinaria.
docs/audits/fase7/lote-A/derecho-de-peticion-instituciones-honduras/decision-final.json,docs,.json,689,24,db26d53497c987c8378fdb252883d919f7307d68eea653b8a0334fbe8e95bdd8,review,MANTENER_Y_REVISAR,P3,Media,,Revisión ordinaria.
docs/audits/fase7/lote-A/derecho-de-peticion-instituciones-honduras/ux-produccion.json,docs,.json,1273,46,219bdf1fe1ac1ee765254a55bcd738a0a5aab2873c774388e31a8c35a633c82a,review,MANTENER_Y_REVISAR,P3,Media,,Revisión ordinaria.
docs/audits/fase7/lote-A/delito-falsificacion-documentos-honduras/seo-geo.json,docs,.json,2449,57,b76590fe0495e827540c10759d76576c31f76872058bf4b7c3ac74ed1edd470e,review,MANTENER_Y_REVISAR,P3,Media,,Revisión ordinaria.
docs/audits/fase7/lote-A/delito-falsificacion-documentos-honduras/legal-b.json,docs,.json,665,1,773340bb65477fc6bc08db158842c65caa9a2817a4bfe7d26da2d78647f6baad,review,MANTENER_Y_REVISAR,P3,Media,,Revisión ordinaria.
docs/audits/fase7/lote-A/delito-falsificacion-documentos-honduras/enlazado.json,docs,.json,1381,42,04b8c62d81dfa699ec502b5b909b77067455a19126e1033f5528692d5ca98fd6,review,MANTENER_Y_REVISAR,P3,Media,,Revisión ordinaria.
docs/audits/fase7/lote-A/delito-falsificacion-documentos-honduras/tecnico-schema.json,docs,.json,2398,78,8b590a430276f88d13d81d41b496321e4305054c22de96399e486cc8269147ba,review,MANTENER_Y_REVISAR,P3,Media,,Revisión ordinaria.
docs/audits/fase7/lote-A/delito-falsificacion-documentos-honduras/legal-a.json,docs,.json,1054,21,25c32f808c1a7725fd695e429345305ad6ac253a2e212dcb98a90b3823623b89,review,MANTENER_Y_REVISAR,P3,Media,,Revisión ordinaria.
docs/audits/fase7/lote-A/delito-falsificacion-documentos-honduras/ux-produccion.json,docs,.json,1730,52,7889ed0d457658920571111d199ba1fc00522d7ee7bc4f87935f48f6fd8f42c6,review,MANTENER_Y_REVISAR,P3,Media,,Revisión ordinaria.
docs/audits/fase7/lote-A/reclamar-deuda-legalmente-honduras/seo-geo.json,docs,.json,1675,48,4db4222d9f349c204b57655f0c2e7b9ef732e90a8ed41162671d414c93be990f,review,MANTENER_Y_REVISAR,P3,Media,,Revisión ordinaria.
docs/audits/fase7/lote-A/reclamar-deuda-legalmente-honduras/decision-final.json,docs,.json,675,24,ac9cb3b17278d5d534594e9b0d1126e6dd148901349e5363c666e8192f10860c,review,MANTENER_Y_REVISAR,P3,Media,,Revisión ordinaria.
docs/audits/fase7/lote-A/reclamar-deuda-legalmente-honduras/ux-produccion.json,docs,.json,1251,46,b607f3c585994ad5fc8159e42c331e3e002fb6aafc7773ce0b0c5d9e833b0afd,review,MANTENER_Y_REVISAR,P3,Media,,Revisión ordinaria.
docs/audits/fase7/lote-A/regimen-importacion-temporal-honduras/seo-geo.json,docs,.json,2430,57,843d85e1bf238fe912da34a3a2f67ebff18a482caf25721227ff93b76bab3701,review,MANTENER_Y_REVISAR,P3,Media,,Revisión ordinaria.
docs/audits/fase7/lote-A/regimen-importacion-temporal-honduras/legal-b.json,docs,.json,930,24,b5a9616ec921d30016c0885f292111e855959941355e8e31fef0d4d6673ef946,review,MANTENER_Y_REVISAR,P3,Media,,Revisión ordinaria.
docs/audits/fase7/lote-A/regimen-importacion-temporal-honduras/enlazado.json,docs,.json,1307,42,487d5d8a8999b13e41571b39b6a81c79737a02591e82b6fa41ec4d1819ea615f,review,MANTENER_Y_REVISAR,P3,Media,,Revisión ordinaria.
docs/audits/fase7/lote-A/regimen-importacion-temporal-honduras/tecnico-schema.json,docs,.json,2395,78,90807b2de2c53c421fa1cc8fc34c3d03b1b1e8418fff0c1825c22810125d4474,review,MANTENER_Y_REVISAR,P3,Media,,Revisión ordinaria.
docs/audits/fase7/lote-A/regimen-importacion-temporal-honduras/legal-a.json,docs,.json,939,21,c1bd3d1e6a16463a51295d0346ab7acc67d5376d0e90d61007ba59399935c349,review,MANTENER_Y_REVISAR,P3,Media,,Revisión ordinaria.
docs/audits/fase7/lote-A/regimen-importacion-temporal-honduras/ux-produccion.json,docs,.json,1727,52,d093e35d0b38e4b6dd297676386acc752785ad20c6517364e417e491a49d3010,review,MANTENER_Y_REVISAR,P3,Media,,Revisión ordinaria.
docs/audits/fase7/lote-A/aranceles-comercio-exterior-honduras/seo-geo.json,docs,.json,2430,57,0b9fa275670e00470fc3da551bb362d144a097d4ac455ed6bf2f996ca5c8c792,review,MANTENER_Y_REVISAR,P3,Media,,Revisión ordinaria.
docs/audits/fase7/lote-A/aranceles-comercio-exterior-honduras/legal-b.json,docs,.json,1169,24,d15292b84ce0ccc3acef086ebc52d84be8358ea00d8e81323353b229d70e012c,review,MANTENER_Y_REVISAR,P3,Media,,Revisión ordinaria.
docs/audits/fase7/lote-A/aranceles-comercio-exterior-honduras/enlazado.json,docs,.json,1290,42,8fed153a5ac13c0591807d4e5652445051901e0e4f07bfbf7127fa86c8181ce8,review,MANTENER_Y_REVISAR,P3,Media,,Revisión ordinaria.
docs/audits/fase7/lote-A/aranceles-comercio-exterior-honduras/tecnico-schema.json,docs,.json,2404,68,cdad54386fd3c6bb8d2d05a68c9896bb9d010e38b1c08941631691af3d95417c,review,MANTENER_Y_REVISAR,P3,Media,,Revisión ordinaria.
docs/audits/fase7/lote-A/aranceles-comercio-exterior-honduras/legal-a.json,docs,.json,1011,24,60f91b653a7e9da695ff6edf6ea472eb20fe594b90b85d7fda061c98c7d9ac14,review,MANTENER_Y_REVISAR,P3,Media,,Revisión ordinaria.
docs/audits/fase7/lote-A/aranceles-comercio-exterior-honduras/ux-produccion.json,docs,.json,1725,52,521c3e46a3260c011733fbfa1153d5483556bb7c6efeeebc019365ed5c3a67d7,review,MANTENER_Y_REVISAR,P3,Media,,Revisión ordinaria.
docs/audits/fase7/lote-A/defensa-penal-honduras/seo-geo.json,docs,.json,1655,48,1662b45ca146d79eca9909c2b646819d654a131d219f9d8ac22fc9c0fb2a3ff6,review,MANTENER_Y_REVISAR,P3,Media,,Revisión ordinaria.
docs/audits/fase7/lote-A/defensa-penal-honduras/decision-final.json,docs,.json,649,24,326448e5aec0bea85ff0b5ae5d2f6a13137a837bd83aff32faffbdd6016c7be3,review,MANTENER_Y_REVISAR,P3,Media,,Revisión ordinaria.
docs/audits/fase7/lote-A/defensa-penal-honduras/ux-produccion.json,docs,.json,1277,48,c8a6726eccff36fc80187bf35fd1e9070f39941141385566b7a572d478c0ed24,review,MANTENER_Y_REVISAR,P3,Media,,Revisión ordinaria.
docs/audits/fase7/lote-A/banco-demanda-deuda-defensa-opciones-honduras/seo-geo.json,docs,.json,1702,48,37b24d7ba4d79b43d998c106888bbd2f4f7d6a9def12e87dd364c83fed8471e3,review,MANTENER_Y_REVISAR,P3,Media,,Revisión ordinaria.
docs/audits/fase7/lote-A/banco-demanda-deuda-defensa-opciones-honduras/decision-final.json,docs,.json,1024,29,9cc470576eb6996390afa9ff70431612687953169b443ed34881a2731a6de593,review,MANTENER_Y_REVISAR,P3,Media,,Revisión ordinaria.
docs/audits/fase7/lote-A/banco-demanda-deuda-defensa-opciones-honduras/body.txt,docs,.txt,5967,70,d23071217db748e646f00d587e8d8967c457dc09a6576e127a67e28e9a4b7e37,review,MANTENER_Y_REVISAR,P3,Media,,Revisión ordinaria.
docs/audits/fase7/lote-A/banco-demanda-deuda-defensa-opciones-honduras/legal-b.json,docs,.json,8728,115,926d5af651bc77f64446b42f887d2212030360fdbc737a68619c02023bb3ac4f,review,MANTENER_Y_REVISAR,P3,Media,,Revisión ordinaria.
docs/audits/fase7/lote-A/banco-demanda-deuda-defensa-opciones-honduras/enlazado.json,docs,.json,2521,60,0d49c55f331d08244eb5cba312702cd3d23508cd8f173f74309e11d6616dfdc0,review,MANTENER_Y_REVISAR,P3,Media,,Revisión ordinaria.
docs/audits/fase7/lote-A/banco-demanda-deuda-defensa-opciones-honduras/tecnico-schema.json,docs,.json,4727,93,89626f6727886cacc906dd3895f13901f9280e4cc81bbda355a9d4098eeeecd2,review,MANTENER_Y_REVISAR,P3,Media,,Revisión ordinaria.
docs/audits/fase7/lote-A/banco-demanda-deuda-defensa-opciones-honduras/legal-a.json,docs,.json,5037,110,decbc914226b29e5bba2e7ad9a017a04e76614f358de334d70b0567638040e2e,review,MANTENER_Y_REVISAR,P3,Media,,Revisión ordinaria.
docs/audits/fase7/lote-A/banco-demanda-deuda-defensa-opciones-honduras/ux-produccion.json,docs,.json,1276,46,14c0fb100588802b0ac57901ceb3740c08f487867b40704a112a6c8200dc7588,review,MANTENER_Y_REVISAR,P3,Media,,Revisión ordinaria.
docs/audits/fase7/lote-A/delitos-ambientales-como-denunciarlos-honduras/seo-geo.json,docs,.json,1703,48,d18c6f95c8404219a62e2e735fea4bc823b4cb1d36c47ab9e9bd589e7a8006bc,review,MANTENER_Y_REVISAR,P3,Media,,Revisión ordinaria.
docs/audits/fase7/lote-A/delitos-ambientales-como-denunciarlos-honduras/decision-final.json,docs,.json,1611,34,05f795123aad40cffcb73d01b502b5961534e39940c3308a37cb47e4b1cfd3a9,review,MANTENER_Y_REVISAR,P3,Media,,Revisión ordinaria.
docs/audits/fase7/lote-A/delitos-ambientales-como-denunciarlos-honduras/body.txt,docs,.txt,5604,1,cf7b1dcf7394b63e88b846560e0519e41b35c34e476f033115472a318c5f506d,review,MANTENER_Y_REVISAR,P3,Media,,Revisión ordinaria.
docs/audits/fase7/lote-A/delitos-ambientales-como-denunciarlos-honduras/legal-b.json,docs,.json,11597,133,86eff7bb60a5ff8af77abd8400ff4237feac9b1a675d318178d01f595cc358d9,review,MANTENER_Y_REVISAR,P3,Media,,Revisión ordinaria.
docs/audits/fase7/lote-A/delitos-ambientales-como-denunciarlos-honduras/enlazado.json,docs,.json,2012,51,8a95956903b05f40c199b645acf6942ef28650972e45c66fc9810fb025685326,review,MANTENER_Y_REVISAR,P3,Media,,Revisión ordinaria.
docs/audits/fase7/lote-A/delitos-ambientales-como-denunciarlos-honduras/tecnico-schema.json,docs,.json,3508,85,613d177e73543d5211ebd824ad53f8b1ad7365b90f4d131d4d994b868123c606,review,MANTENER_Y_REVISAR,P3,Media,,Revisión ordinaria.
docs/audits/fase7/lote-A/delitos-ambientales-como-denunciarlos-honduras/legal-a.json,docs,.json,6682,140,9eb8136619c815288dc369cc638a9f3199899c2a3118a18c84c938058bed0764,review,MANTENER_Y_REVISAR,P3,Media,,Revisión ordinaria.
docs/audits/fase7/lote-A/delitos-ambientales-como-denunciarlos-honduras/ux-produccion.json,docs,.json,1279,46,57c603f5b84e27dedc88f2e6e25e4631f577120ace9d82e249116693a63a4a51,review,MANTENER_Y_REVISAR,P3,Media,,Revisión ordinaria.
docs/audits/fase7/lote-A/accidentes-transito-responsabilidad-legal/seo-geo.json,docs,.json,2444,57,1a012fffc2262e977a95bfd68ca3256c088a9fb0ee78b31352a491d9946c3c6e,review,MANTENER_Y_REVISAR,P3,Media,,Revisión ordinaria.
docs/audits/fase7/lote-A/accidentes-transito-responsabilidad-legal/legal-b.json,docs,.json,1061,1,3875df811d2bca5d34bbcd6e38c367a8d864cd6f198b7386579ba5d82aee9f16,review,MANTENER_Y_REVISAR,P3,Media,,Revisión ordinaria.
docs/audits/fase7/lote-A/accidentes-transito-responsabilidad-legal/enlazado.json,docs,.json,1550,42,bc2afe4ee19f6491d4c09bb89c4985cc1b90637cdc958f38e7227113c604fb3a,review,MANTENER_Y_REVISAR,P3,Media,,Revisión ordinaria.
docs/audits/fase7/lote-A/accidentes-transito-responsabilidad-legal/tecnico-schema.json,docs,.json,2401,78,01c836f5bb19847830849ec3b629bb988d45ebb5bfec018e6fe114fd18f36570,review,MANTENER_Y_REVISAR,P3,Media,,Revisión ordinaria.
docs/audits/fase7/lote-A/accidentes-transito-responsabilidad-legal/legal-a.json,docs,.json,1091,22,b194e80484c9e60f78cb7ce788e6ec88653a2072fc29d0e64ff8ff143dda5b07,review,MANTENER_Y_REVISAR,P3,Media,,Revisión ordinaria.
docs/audits/fase7/lote-A/accidentes-transito-responsabilidad-legal/ux-produccion.json,docs,.json,1732,52,aca07a0899a4ad5cb58546a60c25d306bd9c89b1e5640e8b051a44c07725cd65,review,MANTENER_Y_REVISAR,P3,Media,,Revisión ordinaria.
docs/audits/fase7/lote-A/patentes-requisitos-proceso-solicitud-honduras/seo-geo.json,docs,.json,1718,48,f6ffaa69a7c721c40bbfc2393c6cbed5d431415cb8557f0ccbb25d647dd9835b,review,MANTENER_Y_REVISAR,P3,Media,,Revisión ordinaria.
docs/audits/fase7/lote-A/patentes-requisitos-proceso-solicitud-honduras/decision-final.json,docs,.json,697,24,49574de54be3484c8f42ee3692ec21c18348b805b77ff049822116ee982a1b7c,review,MANTENER_Y_REVISAR,P3,Media,,Revisión ordinaria.
docs/audits/fase7/lote-A/patentes-requisitos-proceso-solicitud-honduras/ux-produccion.json,docs,.json,1283,46,ecc900a523456f186f4e62a4024d52722f99965e171ef48054ecba70f134bb43,review,MANTENER_Y_REVISAR,P3,Media,,Revisión ordinaria.
docs/audits/fase7/lote-G/impuesto-renta-personas-fisicas-honduras/seo-geo.json,docs,.json,1753,48,ad3f88b70655f68545439a501b7ef5046f27e2cb3e20eb3ffebe639c39134dce,review,MANTENER_Y_REVISAR,P3,Media,,Revisión ordinaria.
docs/audits/fase7/lote-G/impuesto-renta-personas-fisicas-honduras/decision-final.json,docs,.json,685,24,64488743ddb27931a1d515d0eb2dddca4eb564ade8df44ecbdbde913f33339d2,review,MANTENER_Y_REVISAR,P3,Media,,Revisión ordinaria.
docs/audits/fase7/lote-G/impuesto-renta-personas-fisicas-honduras/legal-a.json,docs,.json,2456,58,1297db345595ee5f767dc58561e1197d1e0e13302ee236048c7443ad43851a8b,review,MANTENER_Y_REVISAR,P3,Media,,Revisión ordinaria.
docs/audits/fase7/lote-G/impuesto-renta-personas-fisicas-honduras/ux-produccion.json,docs,.json,1284,46,64024df400b52113fae32ea133b0d770eb367605e93a1ad29f756ace8ed3d697,review,MANTENER_Y_REVISAR,P3,Media,,Revisión ordinaria.
docs/audits/fase7/lote-G/impuesto-renta-personas-fisicas-honduras/_meta.json,docs,.json,340,10,7a75dc91ecf7bbcef78cd5b700f3ab76a35c5dfbbc5d19d3a2bd27c59cbab6e0,review,MANTENER_Y_REVISAR,P3,Media,,Revisión ordinaria.
docs/audits/fase7/lote-G/defensa-sar-choluteca/seo-geo.json,docs,.json,1664,48,df5ad8b1ad354a4f23be84bf305c01176e80219104e373c1680a52781bc9139e,review,MANTENER_Y_REVISAR,P3,Media,,Revisión ordinaria.
docs/audits/fase7/lote-G/defensa-sar-choluteca/decision-final.json,docs,.json,649,24,25baacd4ec0777a833a94acdbde3445a381782ae20a249a71a74d2db39a13fd3,review,MANTENER_Y_REVISAR,P3,Media,,Revisión ordinaria.
docs/audits/fase7/lote-G/defensa-sar-choluteca/legal-a.json,docs,.json,2237,58,abed3f37fc10f4438849e27053a720c09f233ec7b93a534677881081cbcc7bd0,review,MANTENER_Y_REVISAR,P3,Media,,Revisión ordinaria.
docs/audits/fase7/lote-G/defensa-sar-choluteca/ux-produccion.json,docs,.json,1246,46,f0d2bf934e59682414d2336cb0d49e9f5996cbe5d90f4b54478da0a3775c0bfa,review,MANTENER_Y_REVISAR,P3,Media,,Revisión ordinaria.
docs/audits/fase7/lote-G/defensa-sar-choluteca/_meta.json,docs,.json,315,10,ecdf6499df05c129112c721ba7a10150dbfa79754aad7d912afe58040d64a4f7,review,MANTENER_Y_REVISAR,P3,Media,,Revisión ordinaria.
docs/audits/fase7/lote-G/tipos-sociedad-mercantil-honduras/seo-geo.json,docs,.json,1758,48,b237b30bf4f4f0a4c77874b41402c91e011a6c3a074a6a462394a7f3e535dfb6,review,MANTENER_Y_REVISAR,P3,Media,,Revisión ordinaria.
docs/audits/fase7/lote-G/tipos-sociedad-mercantil-honduras/decision-final.json,docs,.json,671,24,e063581e01f10de4bff2bca4604ec95b90ad8582bef0fe517c8896ed412e1155,review,MANTENER_Y_REVISAR,P3,Media,,Revisión ordinaria.
docs/audits/fase7/lote-G/tipos-sociedad-mercantil-honduras/legal-a.json,docs,.json,2751,69,be9f0e4f3d99cd1454788c8f06eff3fe416249a05555eb66022016e52437e7cd,review,MANTENER_Y_REVISAR,P3,Media,,Revisión ordinaria.
docs/audits/fase7/lote-G/tipos-sociedad-mercantil-honduras/ux-produccion.json,docs,.json,1277,46,08aae749bb7a262580dcdf9101260269d4cb43f0755ed345a691b0f66cef3abb,review,MANTENER_Y_REVISAR,P3,Media,,Revisión ordinaria.
docs/audits/fase7/lote-G/tipos-sociedad-mercantil-honduras/_meta.json,docs,.json,341,10,28fc03bb431a36beec0cd89f55373c5bb12398a9c894b33aea8cedc2e72687b1,review,MANTENER_Y_REVISAR,P3,Media,,Revisión ordinaria.
docs/audits/fase7/lote-G/registrar-marca-honduras-paso-a-paso/seo-geo.json,docs,.json,1728,48,e4500c5ae42449f9b8b7a20079f55650b43472a59c20f267f3c39a734c501b27,review,MANTENER_Y_REVISAR,P3,Media,,Revisión ordinaria.
docs/audits/fase7/lote-G/registrar-marca-honduras-paso-a-paso/decision-final.json,docs,.json,679,24,72a8567e679d12c4364d935bad402024a2dd6205d7ea6e33229ff2876202359e,review,MANTENER_Y_REVISAR,P3,Media,,Revisión ordinaria.
docs/audits/fase7/lote-G/registrar-marca-honduras-paso-a-paso/legal-a.json,docs,.json,3599,89,9d890cea63035678a375356a7fd9c042e7087237ab18586c145fced5fbd5cde4,review,MANTENER_Y_REVISAR,P3,Media,,Revisión ordinaria.
docs/audits/fase7/lote-G/registrar-marca-honduras-paso-a-paso/ux-produccion.json,docs,.json,1287,46,4c7b1414e5dfff6f16bbca937d06d52f99e531b8777dfe8e36cd0a5351428d13,review,MANTENER_Y_REVISAR,P3,Media,,Revisión ordinaria.
docs/audits/fase7/lote-G/registrar-marca-honduras-paso-a-paso/_meta.json,docs,.json,340,10,bad0e3be4b3e711176afa8772db0114c1cced6ea82520e623c5446dd98a25809,review,MANTENER_Y_REVISAR,P3,Media,,Revisión ordinaria.
docs/audits/fase7/lote-G/titulos-valores-cheques-sin-fondo-honduras/seo-geo.json,docs,.json,1719,48,37f6806ce2c10afa8a5b885418bbd1fe52aa4e6d5763a8e98c4628c6a829f0b2,review,MANTENER_Y_REVISAR,P3,Media,,Revisión ordinaria.
docs/audits/fase7/lote-G/titulos-valores-cheques-sin-fondo-honduras/decision-final.json,docs,.json,691,24,e89736e81918b453f621c86164521ced7fa730df73ac6a9397349dc3ef577801,review,MANTENER_Y_REVISAR,P3,Media,,Revisión ordinaria.
docs/audits/fase7/lote-G/titulos-valores-cheques-sin-fondo-honduras/legal-a.json,docs,.json,2699,62,1da91f54d1a53d2f68656b62a588ca2fd8fb5e6e51a144a53f6d8aad7fc208cf,review,MANTENER_Y_REVISAR,P3,Media,,Revisión ordinaria.
docs/audits/fase7/lote-G/titulos-valores-cheques-sin-fondo-honduras/ux-produccion.json,docs,.json,1295,46,d7035621000c5c8182a221599f944b5c4ffe24c60196273ade3e8277ce5fa3ee,review,MANTENER_Y_REVISAR,P3,Media,,Revisión ordinaria.
docs/audits/fase7/lote-G/titulos-valores-cheques-sin-fondo-honduras/_meta.json,docs,.json,359,10,65689e4df5ad5ee9de7ff88b99470aedff65a9fa218bf78def8a19305b5b6916,review,MANTENER_Y_REVISAR,P3,Media,,Revisión ordinaria.
docs/audits/fase7/lote-G/jornada-laboral-horas-extra-descansos-honduras/seo-geo.json,docs,.json,1800,48,a95fd7a81490be829749105c895bb2a2afd8cf25937ce785e3eb7de8c590d1b3,review,MANTENER_Y_REVISAR,P3,Media,,Revisión ordinaria.
docs/audits/fase7/lote-G/jornada-laboral-horas-extra-descansos-honduras/decision-final.json,docs,.json,697,24,8eeb1534d51ffc21c24e51637118014d028cf6d62f85ee8e4f159626db3fa3d4,review,MANTENER_Y_REVISAR,P3,Media,,Revisión ordinaria.
docs/audits/fase7/lote-G/jornada-laboral-horas-extra-descansos-honduras/legal-a.json,docs,.json,3175,81,18e44993f679ef53e9dd726f3a6e8efe49019a573412e34d67b87b866a124249,review,MANTENER_Y_REVISAR,P3,Media,,Revisión ordinaria.
docs/audits/fase7/lote-G/jornada-laboral-horas-extra-descansos-honduras/ux-produccion.json,docs,.json,1301,46,ab5be2b1aa855177ac950b0dc0eefe2be92de04fad4659a591fe68ba88633dc4,review,MANTENER_Y_REVISAR,P3,Media,,Revisión ordinaria.
docs/audits/fase7/lote-G/jornada-laboral-horas-extra-descansos-honduras/_meta.json,docs,.json,353,10,5e0621eafc52582f562562dc49f1599a59dc18c1a81a93e0ba3dd61273f4e7a1,review,MANTENER_Y_REVISAR,P3,Media,,Revisión ordinaria.
docs/audits/fase7/lote-G/compraventa-inmuebles-aspectos-legales-honduras/seo-geo.json,docs,.json,1765,48,be6ea9c2bfade959161e3b79b59e50d49933ace1b1f72d70d2992f2cebd114bd,review,MANTENER_Y_REVISAR,P3,Media,,Revisión ordinaria.
docs/audits/fase7/lote-G/compraventa-inmuebles-aspectos-legales-honduras/decision-final.json,docs,.json,699,24,7cecece758ba9227fa693d4e5673450847fbfb2fc4b7446d7d57b24acc97d55c,review,MANTENER_Y_REVISAR,P3,Media,,Revisión ordinaria.
docs/audits/fase7/lote-G/compraventa-inmuebles-aspectos-legales-honduras/legal-a.json,docs,.json,3109,73,12b87e48ad8ee24054d233609e2557c2c31d0efcd41e541d512a254b20bff32b,review,MANTENER_Y_REVISAR,P3,Media,,Revisión ordinaria.
docs/audits/fase7/lote-G/compraventa-inmuebles-aspectos-legales-honduras/ux-produccion.json,docs,.json,1301,46,98bfe44952ae51cc74217a88b967af856d0ce5d1c65d9ddb7dd2bfa9744b212c,review,MANTENER_Y_REVISAR,P3,Media,,Revisión ordinaria.
docs/audits/fase7/lote-G/compraventa-inmuebles-aspectos-legales-honduras/_meta.json,docs,.json,348,10,4587e1dc033fab2b8ae9b12d8ec518fe826a0d121e14923d2d1d396eabcd46ab,review,MANTENER_Y_REVISAR,P3,Media,,Revisión ordinaria.
docs/audits/fase7/lote-G/cuando-prescribe-delito-en-honduras/seo-geo.json,docs,.json,1767,48,49b545ac4ea82555eed368159dbb655f8e79ebbeb2da921a279c93bb3418bf88,review,MANTENER_Y_REVISAR,P3,Media,,Revisión ordinaria.
docs/audits/fase7/lote-G/cuando-prescribe-delito-en-honduras/decision-final.json,docs,.json,675,24,7bb287d2ec97b054fae3a97bec7b4cebd1a77072cb18deb0f1bfe75a25266fee,review,MANTENER_Y_REVISAR,P3,Media,,Revisión ordinaria.
docs/audits/fase7/lote-G/cuando-prescribe-delito-en-honduras/legal-a.json,docs,.json,4883,106,6a93d1f8cb4ffbe472d9de5f723ea23e486e42d109553d06b9dae3583a16360b,review,MANTENER_Y_REVISAR,P3,Media,,Revisión ordinaria.
docs/audits/fase7/lote-G/cuando-prescribe-delito-en-honduras/ux-produccion.json,docs,.json,1277,46,9cb2cb4c55a39f1f334d18c55f96a1f9cf98a184f752cbaf96a33efe8f6d1948,review,MANTENER_Y_REVISAR,P3,Media,,Revisión ordinaria.
docs/audits/fase7/lote-G/cuando-prescribe-delito-en-honduras/_meta.json,docs,.json,365,10,d55c2297fbd4abb697f9277b434de8b8d66c56bdb18d1debcf83971e58f38d6e,review,MANTENER_Y_REVISAR,P3,Media,,Revisión ordinaria.
docs/audits/fase7/lote-G/custodia-hijos-honduras-juez/seo-geo.json,docs,.json,1711,48,389582dcda481d89d44afcfacf49567c425abaeb3e77a2336e20690c8a2ed36c,review,MANTENER_Y_REVISAR,P3,Media,,Revisión ordinaria.
docs/audits/fase7/lote-G/custodia-hijos-honduras-juez/decision-final.json,docs,.json,663,24,08919f4b291588d34db99bf822a83041403767356df35040a70fd32a2b9f0016,review,MANTENER_Y_REVISAR,P3,Media,,Revisión ordinaria.
docs/audits/fase7/lote-G/custodia-hijos-honduras-juez/legal-a.json,docs,.json,4560,97,d14f654c2e8388fc9a417c5106fe00444274248b2c7100678a85805c62fe422f,review,MANTENER_Y_REVISAR,P3,Media,,Revisión ordinaria.
docs/audits/fase7/lote-G/custodia-hijos-honduras-juez/ux-produccion.json,docs,.json,1268,46,a6ca7c5f9cf4192d21a4953e573de6d7cee44a600a8d9238f41fa14bd80530ac,review,MANTENER_Y_REVISAR,P3,Media,,Revisión ordinaria.
docs/audits/fase7/lote-G/custodia-hijos-honduras-juez/_meta.json,docs,.json,338,10,e869271951077cc909c591078c87a407f107f9da01330eff88b0794d721280e3,review,MANTENER_Y_REVISAR,P3,Media,,Revisión ordinaria.
docs/audits/fase7/lote-G/guia-aduanera-importaciones-honduras/seo-geo.json,docs,.json,1765,48,caa25a67cb0270eec5d41dfaa206fef8f1cbdc08ce2266e6faf095fa8aa38fe0,review,MANTENER_Y_REVISAR,P3,Media,,Revisión ordinaria.
docs/audits/fase7/lote-G/guia-aduanera-importaciones-honduras/decision-final.json,docs,.json,677,24,f5deb375bd8d361fdc974445527fd225cabbc58a3f546cd929a33bb78bca8833,review,MANTENER_Y_REVISAR,P3,Media,,Revisión ordinaria.
docs/audits/fase7/lote-G/guia-aduanera-importaciones-honduras/legal-a.json,docs,.json,2689,71,1cc614a6f05c0c5d47731c759168d1772b63191286a583c7b2366ec5000f7901,review,MANTENER_Y_REVISAR,P3,Media,,Revisión ordinaria.
docs/audits/fase7/lote-G/guia-aduanera-importaciones-honduras/ux-produccion.json,docs,.json,1282,46,3487165a18fa175577e03a6039e9e992779b225c2e2e25d8a095374aad39737c,review,MANTENER_Y_REVISAR,P3,Media,,Revisión ordinaria.
docs/audits/fase7/lote-G/guia-aduanera-importaciones-honduras/_meta.json,docs,.json,346,10,bd242e2f798db9745d9531e50cfe8e332b4b48d3716a5e43c3ad53777eaf688c,review,MANTENER_Y_REVISAR,P3,Media,,Revisión ordinaria.
docs/audits/fase7/lote-G/asuntos-familiares-honduras-espana/seo-geo.json,docs,.json,1727,48,838a460fd5935c241d034c4dcc8f633d4292b8291449074d1815b64140f08713,review,MANTENER_Y_REVISAR,P3,Media,,Revisión ordinaria.
docs/audits/fase7/lote-G/asuntos-familiares-honduras-espana/decision-final.json,docs,.json,675,24,47e1d53c3fb8e1dcae0993a84918336c49e510b7396182ef218e2e5ca7553eac,review,MANTENER_Y_REVISAR,P3,Media,,Revisión ordinaria.
docs/audits/fase7/lote-G/asuntos-familiares-honduras-espana/legal-a.json,docs,.json,2736,71,66dde39e9812c72104ec3fe0b1a8bfd2738253e691eab1435b9d616634d4a1d0,review,MANTENER_Y_REVISAR,P3,Media,,Revisión ordinaria.
docs/audits/fase7/lote-G/asuntos-familiares-honduras-espana/ux-produccion.json,docs,.json,1282,46,ca603ab5347b322563dbfc3963edbb32db5336e9b39ef71ebd671e7d4bef2d42,review,MANTENER_Y_REVISAR,P3,Media,,Revisión ordinaria.
docs/audits/fase7/lote-G/asuntos-familiares-honduras-espana/_meta.json,docs,.json,351,10,c0159a6d74394abb9da6ee1617ea8fae75627d44fa6b438cd31c8db73c788f84,review,MANTENER_Y_REVISAR,P3,Media,,Revisión ordinaria.
docs/audits/fase7/lote-G/defensa-penal-menores-edad-honduras/seo-geo.json,docs,.json,1692,48,84a7eb8c4c6719c1ea4dfe48aab30858205d280ac1af00dfc117367311c40c0c,review,MANTENER_Y_REVISAR,P3,Media,,Revisión ordinaria.
docs/audits/fase7/lote-G/defensa-penal-menores-edad-honduras/decision-final.json,docs,.json,677,24,131b06c4e630b84c7d3acec5f7f95391cb16f31d8c8fdaa45c655bbe167dd2ad,review,MANTENER_Y_REVISAR,P3,Media,,Revisión ordinaria.
docs/audits/fase7/lote-G/defensa-penal-menores-edad-honduras/legal-a.json,docs,.json,2943,69,faaabb2848586339668ba6d8cf3d81b0efc8238218475234956f34594def6840,review,MANTENER_Y_REVISAR,P3,Media,,Revisión ordinaria.
docs/audits/fase7/lote-G/defensa-penal-menores-edad-honduras/ux-produccion.json,docs,.json,1277,46,d9b008694edad88cb69d63fdcd08002e86c5999ea770f7c4c98b70ac24d0755a,review,MANTENER_Y_REVISAR,P3,Media,,Revisión ordinaria.
docs/audits/fase7/lote-G/defensa-penal-menores-edad-honduras/_meta.json,docs,.json,362,10,f5a7ab07c46d29a4e834ea216001fd0578c26369bdf53c53d498d2af6fe969d1,review,MANTENER_Y_REVISAR,P3,Media,,Revisión ordinaria.
docs/audits/fase7/lote-G/derechos-laborales-basicos-honduras/seo-geo.json,docs,.json,1748,48,ddfcb6e134f584630c2163035ab759f2f5c94fc0146046d97de42c1f82abf67e,review,MANTENER_Y_REVISAR,P3,Media,,Revisión ordinaria.
docs/audits/fase7/lote-G/derechos-laborales-basicos-honduras/decision-final.json,docs,.json,675,24,cec7b8b4cef4079cf7ea826a214dbbbff243c08345625392aff4ba4ac79356f7,review,MANTENER_Y_REVISAR,P3,Media,,Revisión ordinaria.
docs/audits/fase7/lote-G/derechos-laborales-basicos-honduras/legal-a.json,docs,.json,4142,91,cd156b40904dd32e9744a752c9b29b56a8651f907b0dace0b626b007a939c818,review,MANTENER_Y_REVISAR,P3,Media,,Revisión ordinaria.
docs/audits/fase7/lote-G/derechos-laborales-basicos-honduras/ux-produccion.json,docs,.json,1279,46,e65944850d7601c0cddb59f03c40bb9a058303a8a4b8b1fb941facfc94a05788,review,MANTENER_Y_REVISAR,P3,Media,,Revisión ordinaria.
docs/audits/fase7/lote-G/derechos-laborales-basicos-honduras/_meta.json,docs,.json,341,10,6e5c53cc5858a3c053291f3463dc52c1f4793af9028194622b2ff46674c9e374,review,MANTENER_Y_REVISAR,P3,Media,,Revisión ordinaria.
docs/audits/fase7/lote-G/danos-perjuicios-indemnizacion-honduras/seo-geo.json,docs,.json,1666,48,4417cb853ff1f195923fab0a262f53785e04b786542d865219b9fdf62cee5716,review,MANTENER_Y_REVISAR,P3,Media,,Revisión ordinaria.
docs/audits/fase7/lote-G/danos-perjuicios-indemnizacion-honduras/decision-final.json,docs,.json,659,23,197e5511814c0b7ca74fbb1910bb82efd230ce56596b1cc4e23eff5cc0ab33a6,review,MANTENER_Y_REVISAR,P3,Media,,Revisión ordinaria.
docs/audits/fase7/lote-G/danos-perjuicios-indemnizacion-honduras/legal-a.json,docs,.json,2608,64,aafdeb5849f23b8ba05645e69429811a373ab4070e2531ba7b423c62ce61534d,review,MANTENER_Y_REVISAR,P3,Media,,Revisión ordinaria.
docs/audits/fase7/lote-G/danos-perjuicios-indemnizacion-honduras/ux-produccion.json,docs,.json,1285,46,221bdffcd39760578f080741fa92dadcd2e7f5ec99f64e0a2efaa6b468ba17b9,review,MANTENER_Y_REVISAR,P3,Media,,Revisión ordinaria.
docs/audits/fase7/lote-G/danos-perjuicios-indemnizacion-honduras/_meta.json,docs,.json,364,10,1b0954b7ae3b99872bbc77c0940bc0a4a3b4fdd67a5653ec6aa82de66c3decdf,review,MANTENER_Y_REVISAR,P3,Media,,Revisión ordinaria.
docs/audits/fase7/lote-G/hondurenos-espana-documentos/seo-geo.json,docs,.json,1708,48,c069ad51d0ddb51d01d5a98ffddb2e96de87be666f62e764a3bd13aef64dce4b,review,MANTENER_Y_REVISAR,P3,Media,,Revisión ordinaria.
docs/audits/fase7/lote-G/hondurenos-espana-documentos/decision-final.json,docs,.json,663,24,a92ba227f2cda8c3146e2adc159c3e3d4238d18da12f9b2e00099bb3bce73e4b,review,MANTENER_Y_REVISAR,P3,Media,,Revisión ordinaria.
docs/audits/fase7/lote-G/hondurenos-espana-documentos/legal-a.json,docs,.json,2945,71,9f7d7fda99411a3877df9b566b094738c45f9ddceaca1234e287de3ddc0ae490,review,MANTENER_Y_REVISAR,P3,Media,,Revisión ordinaria.
docs/audits/fase7/lote-G/hondurenos-espana-documentos/ux-produccion.json,docs,.json,1270,46,0455d90b88a09b0befb6848f8010578659da831f1a40c5c6f46510756f9e2642,review,MANTENER_Y_REVISAR,P3,Media,,Revisión ordinaria.
docs/audits/fase7/lote-G/hondurenos-espana-documentos/_meta.json,docs,.json,344,10,dff6089109597ea237619b7ec4da250346d7f6787be625d325deba7600d36c9d,review,MANTENER_Y_REVISAR,P3,Media,,Revisión ordinaria.
docs/audits/fase7/lote-F/riesgos-profesionales-accidentes/seo-geo.json,docs,.json,1717,48,7514777749c938912b32d0d3a62918e38579924b2e0c8e3e8e08d150b52da505,review,MANTENER_Y_REVISAR,P3,Media,,Revisión ordinaria.
docs/audits/fase7/lote-F/riesgos-profesionales-accidentes/decision-final.json,docs,.json,671,24,1f90be232b79d50c808d9c9197689c77df7e1dc3e22eda7c1e7f3c3071cde467,review,MANTENER_Y_REVISAR,P3,Media,,Revisión ordinaria.
docs/audits/fase7/lote-F/riesgos-profesionales-accidentes/legal-a.json,docs,.json,2755,66,7b7ff8393e48199a02ca6d26541cbf5ae91332518d869900ebda3dedfd6da356,review,MANTENER_Y_REVISAR,P3,Media,,Revisión ordinaria.
docs/audits/fase7/lote-F/riesgos-profesionales-accidentes/ux-produccion.json,docs,.json,1273,46,46850bfa6c916a247c8716c91e69134b01ca082c7ba6235287a09ef1f65eab12,review,MANTENER_Y_REVISAR,P3,Media,,Revisión ordinaria.
docs/audits/fase7/lote-F/lavado-activos-obligaciones/seo-geo.json,docs,.json,1695,48,72961650f630da5cfc20376370a59f5bb54d7d47af0b6549e9c8db3b108026f0,review,MANTENER_Y_REVISAR,P3,Media,,Revisión ordinaria.
docs/audits/fase7/lote-F/lavado-activos-obligaciones/decision-final.json,docs,.json,661,24,425f7166bd644b2c2c0166845c6fbce9cd4264020439a1002c1fedd25c0be09b,review,MANTENER_Y_REVISAR,P3,Media,,Revisión ordinaria.
docs/audits/fase7/lote-F/lavado-activos-obligaciones/legal-a.json,docs,.json,2508,58,4ec70223c75977d7390e0fffac9376c2381163fc9d99c684e8187dedd8bc6af0,review,MANTENER_Y_REVISAR,P3,Media,,Revisión ordinaria.
docs/audits/fase7/lote-F/lavado-activos-obligaciones/ux-produccion.json,docs,.json,1262,46,f09cc93e3f03f31f77c53afb7faf17aa47f1d5b3122aeddc75e6d93c9994aaf5,review,MANTENER_Y_REVISAR,P3,Media,,Revisión ordinaria.
docs/audits/fase7/lote-F/refugio-asilo-solicitarlo/seo-geo.json,docs,.json,1757,48,a15dd1142848fb8768debb194ad0cd48666b16e8c7451645680137defc56c405,review,MANTENER_Y_REVISAR,P3,Media,,Revisión ordinaria.
docs/audits/fase7/lote-F/refugio-asilo-solicitarlo/decision-final.json,docs,.json,655,24,26a1e395b54b43e515287032e54f05f7286eb58b0d5dad088cb1af921cb55a68,review,MANTENER_Y_REVISAR,P3,Media,,Revisión ordinaria.
docs/audits/fase7/lote-F/refugio-asilo-solicitarlo/legal-a.json,docs,.json,2803,59,3baa7b685c39790adbcfd78d17bbe7eff1f0fd8bf53556670a5c2eb231cdf402,review,MANTENER_Y_REVISAR,P3,Media,,Revisión ordinaria.
docs/audits/fase7/lote-F/refugio-asilo-solicitarlo/ux-produccion.json,docs,.json,1265,46,36b303bd31532fe613b747cd41f44ea9477bb00099b745201c1d15ae6809a616,review,MANTENER_Y_REVISAR,P3,Media,,Revisión ordinaria.
docs/audits/fase7/lote-F/devolucion-impuestos-como-solicitarla-honduras/seo-geo.json,docs,.json,1765,48,bbf2f043a21a7041af993290120d765586b4528fb84734cb2695925777dcd2b6,review,MANTENER_Y_REVISAR,P3,Media,,Revisión ordinaria.
docs/audits/fase7/lote-F/devolucion-impuestos-como-solicitarla-honduras/decision-final.json,docs,.json,697,24,d5fca50c10343bf82c2ade8aa15f3fbf352c1fcdc5f612cfa18bfbee5ff96ab3,review,MANTENER_Y_REVISAR,P3,Media,,Revisión ordinaria.
docs/audits/fase7/lote-F/devolucion-impuestos-como-solicitarla-honduras/legal-a.json,docs,.json,2766,67,f9006b6995d3544b31e3477eb5d3359d8d961bcebad2143d98282cbd5bc0286d,review,MANTENER_Y_REVISAR,P3,Media,,Revisión ordinaria.
docs/audits/fase7/lote-F/devolucion-impuestos-como-solicitarla-honduras/ux-produccion.json,docs,.json,1296,46,f1b5431523617190feb74bbf0cc101cff8f34bbc5b792909b35e2e228857a06c,review,MANTENER_Y_REVISAR,P3,Media,,Revisión ordinaria.
docs/audits/fase7/lote-F/contratos-franquicia-aspectos/seo-geo.json,docs,.json,1756,48,a5321458ed561b8e1420522334d8f75f774fa8eb5fe69b82dc8dd6d4b8462478,review,MANTENER_Y_REVISAR,P3,Media,,Revisión ordinaria.
docs/audits/fase7/lote-F/contratos-franquicia-aspectos/decision-final.json,docs,.json,663,24,d1b632670198480615b0c452096da782ba79418aebb999eb48e345dc4bb206f6,review,MANTENER_Y_REVISAR,P3,Media,,Revisión ordinaria.
docs/audits/fase7/lote-F/contratos-franquicia-aspectos/legal-a.json,docs,.json,2207,51,ff66e00565433e8d56eaaf80ecf0a5fc48890d505bcfdc7b35aa79a7b56c5191,review,MANTENER_Y_REVISAR,P3,Media,,Revisión ordinaria.
docs/audits/fase7/lote-F/contratos-franquicia-aspectos/ux-produccion.json,docs,.json,1269,46,bd325cc80885f18b19e43a98e0b538f29a98bdad014595b1474cbf67c32132ec,review,MANTENER_Y_REVISAR,P3,Media,,Revisión ordinaria.
docs/audits/fase7/lote-F/poder-desde-espana-para-tramites-honduras/seo-geo.json,docs,.json,1746,48,4b2ba11a20e5a66b9ef1a031aaf40d833a32163fb6ed36af0f5aa1ac88f5d154,review,MANTENER_Y_REVISAR,P3,Media,,Revisión ordinaria.
docs/audits/fase7/lote-F/poder-desde-espana-para-tramites-honduras/decision-final.json,docs,.json,689,24,ffccda68c53c0e4809cc681a22c7c47028ce42cee9682210f299a4828e76eb6c,review,MANTENER_Y_REVISAR,P3,Media,,Revisión ordinaria.
docs/audits/fase7/lote-F/poder-desde-espana-para-tramites-honduras/legal-a.json,docs,.json,2696,66,348ced9f563905ec23508302979c1262838871188dffc7e72d86d019489a0a38,review,MANTENER_Y_REVISAR,P3,Media,,Revisión ordinaria.
docs/audits/fase7/lote-F/poder-desde-espana-para-tramites-honduras/ux-produccion.json,docs,.json,1296,46,1df42cc0ab988c9aa451572d3a666733bd1ab7c93a39c712cc180ef8c0b6ff51,review,MANTENER_Y_REVISAR,P3,Media,,Revisión ordinaria.
docs/audits/fase7/lote-F/importaciones-san-lorenzo/seo-geo.json,docs,.json,1669,48,0e456d62af2041db99b4a15d5af09e1f2dc4ac15de0f7b2d9811f76458383b79,review,MANTENER_Y_REVISAR,P3,Media,,Revisión ordinaria.
docs/audits/fase7/lote-F/importaciones-san-lorenzo/decision-final.json,docs,.json,656,24,b001f58217580ec10f4847333616f5c5cdad68779c2eaea30e175e87783c174c,review,MANTENER_Y_REVISAR,P3,Media,,Revisión ordinaria.
docs/audits/fase7/lote-F/importaciones-san-lorenzo/legal-a.json,docs,.json,2425,59,02f77cd676b41ecbccc5ef3d166de3ba92e5302b3d1291c61a46600deacca667,review,MANTENER_Y_REVISAR,P3,Media,,Revisión ordinaria.
docs/audits/fase7/lote-F/importaciones-san-lorenzo/ux-produccion.json,docs,.json,1260,46,5a5c1c0a641b317460612e718b879d86421b6600685c389512fe753489db069e,review,MANTENER_Y_REVISAR,P3,Media,,Revisión ordinaria.
docs/audits/fase7/lote-F/nacionalidad-espanola-para-hondurenos-residencia-plazos/seo-geo.json,docs,.json,1771,48,72cce8221b6def6e5fd6922dc8e8949873b4b18ab88fd355d96f2daf935e3b45,review,MANTENER_Y_REVISAR,P3,Media,,Revisión ordinaria.
docs/audits/fase7/lote-F/nacionalidad-espanola-para-hondurenos-residencia-plazos/decision-final.json,docs,.json,717,24,1ed023641e31e5c52d2f266a08cf20a263c367fd46a6aadc98ac88b3278add0f,review,MANTENER_Y_REVISAR,P3,Media,,Revisión ordinaria.
docs/audits/fase7/lote-F/nacionalidad-espanola-para-hondurenos-residencia-plazos/legal-a.json,docs,.json,2510,63,3857d574b43b17064ad9e3131fb8b1448845ec1e95a9bee8ce916251cab842cd,review,MANTENER_Y_REVISAR,P3,Media,,Revisión ordinaria.
docs/audits/fase7/lote-F/nacionalidad-espanola-para-hondurenos-residencia-plazos/ux-produccion.json,docs,.json,1324,46,13902bf720762ba4f016d1cf0eb340e8c9753d6f4a04ec29a95217763cd3261b,review,MANTENER_Y_REVISAR,P3,Media,,Revisión ordinaria.
docs/audits/fase7/lote-F/clausulas-abusivas-contratos-como-detectar-honduras/seo-geo.json,docs,.json,1753,48,58e12dd9e798ffd5da189eed0b74c4b434b164ff1ec16447234480ed6ab71127,review,MANTENER_Y_REVISAR,P3,Media,,Revisión ordinaria.
docs/audits/fase7/lote-F/clausulas-abusivas-contratos-como-detectar-honduras/decision-final.json,docs,.json,709,24,349996f83df0b55afa357f93ba32511ba6e0661c31c4ce03b889b0debbfa31c5,review,MANTENER_Y_REVISAR,P3,Media,,Revisión ordinaria.
docs/audits/fase7/lote-F/clausulas-abusivas-contratos-como-detectar-honduras/legal-a.json,docs,.json,2619,58,2f1bd315f0c9e5be3543668c07197dab128a84cb909ea19e0310f990aad628e4,review,MANTENER_Y_REVISAR,P3,Media,,Revisión ordinaria.
docs/audits/fase7/lote-F/clausulas-abusivas-contratos-como-detectar-honduras/ux-produccion.json,docs,.json,1309,46,78299b60ab3008709928e6ef024d08853eae64b9e7b1ff50141245d4d1049cb7,review,MANTENER_Y_REVISAR,P3,Media,,Revisión ordinaria.
docs/audits/fase7/lote-F/violencia-domestica-ruta-legal-honduras/seo-geo.json,docs,.json,1730,48,9e73df8ac972d12f880b006be90481e719d31a5bdb3e1c634b9bdcbaf000e9ba,review,MANTENER_Y_REVISAR,P3,Media,,Revisión ordinaria.
docs/audits/fase7/lote-F/violencia-domestica-ruta-legal-honduras/decision-final.json,docs,.json,685,24,a6d2c881683624762e6c22d2da69bb22df399cf00f632c7bdb946fca7f5c9d7f,review,MANTENER_Y_REVISAR,P3,Media,,Revisión ordinaria.
docs/audits/fase7/lote-F/violencia-domestica-ruta-legal-honduras/legal-a.json,docs,.json,4469,76,f29c62045695a264b58df0037793aec419352326dfad5059610ef933ee3f6f45,review,MANTENER_Y_REVISAR,P3,Media,,Revisión ordinaria.
docs/audits/fase7/lote-F/violencia-domestica-ruta-legal-honduras/ux-produccion.json,docs,.json,1285,46,f235d673eb83704022a15fa1ae03f891151f2f42f509b03375f674d0a7cb67b3,review,MANTENER_Y_REVISAR,P3,Media,,Revisión ordinaria.
docs/audits/fase7/lote-F/como-obtener-rtn-personas-empresas-honduras/seo-geo.json,docs,.json,1724,48,31d7fba971ea9005821ea41987dbf0afb9ce1af178bd57e344ea56bbd48aef53,review,MANTENER_Y_REVISAR,P3,Media,,Revisión ordinaria.
docs/audits/fase7/lote-F/como-obtener-rtn-personas-empresas-honduras/decision-final.json,docs,.json,693,24,e7c0b39e673fdefacf3cbd4b540edcb0670113ec64eb4fc6242987d5e8422fef,review,MANTENER_Y_REVISAR,P3,Media,,Revisión ordinaria.
docs/audits/fase7/lote-F/como-obtener-rtn-personas-empresas-honduras/legal-a.json,docs,.json,1954,56,752d6baf189aa59db9c74c39b3edaa8b2f1a3cf0c3cec122b3fc348c88729028,review,MANTENER_Y_REVISAR,P3,Media,,Revisión ordinaria.
docs/audits/fase7/lote-F/como-obtener-rtn-personas-empresas-honduras/ux-produccion.json,docs,.json,1294,46,a6e09ec6770b7ccb5fbf3485444496ec61c8d440d90471a872d62a46f357f4a7,review,MANTENER_Y_REVISAR,P3,Media,,Revisión ordinaria.
docs/audits/fase7/lote-F/abogado-penalista-sur-honduras/seo-geo.json,docs,.json,1695,48,82e1c369b723a1f5ba34c7ffed40e6e7b5c458333b3153cd7754d171f117674e,review,MANTENER_Y_REVISAR,P3,Media,,Revisión ordinaria.
docs/audits/fase7/lote-F/abogado-penalista-sur-honduras/decision-final.json,docs,.json,667,24,980bebd2bddcbe2823a2b7b6f8f6d81cae2b4da0a00eda583938f0a235eec5ff,review,MANTENER_Y_REVISAR,P3,Media,,Revisión ordinaria.
docs/audits/fase7/lote-F/abogado-penalista-sur-honduras/legal-a.json,docs,.json,2708,62,4daa54f5a54bd9ad55ea874e77d8c7f55973cd74b668d7bf5db6dfa91ba964e1,review,MANTENER_Y_REVISAR,P3,Media,,Revisión ordinaria.
docs/audits/fase7/lote-F/abogado-penalista-sur-honduras/ux-produccion.json,docs,.json,1267,46,a5cdeedc277bfb0ae2bee5a1f679d044b1eeabbacdf3abb71c017a0568166d85,review,MANTENER_Y_REVISAR,P3,Media,,Revisión ordinaria.
docs/audits/fase7/lote-F/central-riesgos-honduras-consultar-impugnar/seo-geo.json,docs,.json,1724,48,eaadbe4da70c298aa8805f9504b777400fe668f836fcaedbb40d89cf98d1e1c7,review,MANTENER_Y_REVISAR,P3,Media,,Revisión ordinaria.
docs/audits/fase7/lote-F/central-riesgos-honduras-consultar-impugnar/decision-final.json,docs,.json,666,23,fb8110168d9717af63d2d8efe670d57be3d243f7d54def453396373f3fe575b3,review,MANTENER_Y_REVISAR,P3,Media,,Revisión ordinaria.
docs/audits/fase7/lote-F/central-riesgos-honduras-consultar-impugnar/legal-a.json,docs,.json,2687,66,2eb0bb784665859346e6727e0cfaaee5f65dfbae647d6e9a705185d50ccd030d,review,MANTENER_Y_REVISAR,P3,Media,,Revisión ordinaria.
docs/audits/fase7/lote-F/central-riesgos-honduras-consultar-impugnar/ux-produccion.json,docs,.json,1296,46,261b6931f6e76700e652b8e0e9dcd89c89c628a8ba6bb139b7ee25d048f755ed,review,MANTENER_Y_REVISAR,P3,Media,,Revisión ordinaria.
docs/audits/fase7/lote-F/habeas-corpus-cuando-interponer-honduras/seo-geo.json,docs,.json,1787,48,5a4d12540c09fbcbda7a6ed02a7e2b02ee27c72830526acd84c5c4d4c21488cf,review,MANTENER_Y_REVISAR,P3,Media,,Revisión ordinaria.
docs/audits/fase7/lote-F/habeas-corpus-cuando-interponer-honduras/decision-final.json,docs,.json,685,24,cb5efa7f055f38626ec775ec6890b151459e9d3a2225eaa68d0e7d5461531179,review,MANTENER_Y_REVISAR,P3,Media,,Revisión ordinaria.
docs/audits/fase7/lote-F/habeas-corpus-cuando-interponer-honduras/legal-a.json,docs,.json,3170,68,ed7faf34fb8282bda1eec58663bbe191e5509d141a91d9d2743b480125e1f64b,review,MANTENER_Y_REVISAR,P3,Media,,Revisión ordinaria.
docs/audits/fase7/lote-F/habeas-corpus-cuando-interponer-honduras/ux-produccion.json,docs,.json,1287,46,4339f8458efeee785ad35a66979ebf8676dc99781fa3980b97610e4544167dd9,review,MANTENER_Y_REVISAR,P3,Media,,Revisión ordinaria.
docs/audits/fase7/lote-F/isv-impuesto-venta-tasas-obligaciones-honduras/seo-geo.json,docs,.json,1717,48,53d30b519cb2bcc28c219b139c28b69e15b8d1fcff184282545071281d61ed1f,review,MANTENER_Y_REVISAR,P3,Media,,Revisión ordinaria.
docs/audits/fase7/lote-F/isv-impuesto-venta-tasas-obligaciones-honduras/decision-final.json,docs,.json,672,23,e9a5aa003a625a50d874b6b720d2a13c9866d1006782c174393afbe7dee38d5b,review,MANTENER_Y_REVISAR,P3,Media,,Revisión ordinaria.
docs/audits/fase7/lote-F/isv-impuesto-venta-tasas-obligaciones-honduras/legal-a.json,docs,.json,2522,65,6b7f869c724d39b5e5497855fb65a5b51860655f5e26aaaa01391faf76b913ba,review,MANTENER_Y_REVISAR,P3,Media,,Revisión ordinaria.
docs/audits/fase7/lote-F/isv-impuesto-venta-tasas-obligaciones-honduras/ux-produccion.json,docs,.json,1296,46,b28774d6a97ac8b0cf4e57434590755628ec38f95e7031ec2cc0950bb7c86e5b,review,MANTENER_Y_REVISAR,P3,Media,,Revisión ordinaria.
docs/seo/fase-4/checklist-perfiles-locales.md,docs,.md,2229,51,6efbc6c717e077b9f682e55fd59824c1db3850d53e6b81f899836e0b9f96fe81,review,MANTENER_Y_REVISAR,P3,Media,,Revisión ordinaria.
docs/seo/fase-4/fuentes-local-espana.md,docs,.md,2959,61,f52f4af31823af3523c35563c30bce7261bca992714cd6b92ef81516883449f9,review,MANTENER_Y_REVISAR,P3,Media,,Revisión ordinaria.
docs/seo/fase-4/riesgo-paginas-puerta.md,docs,.md,3752,71,dce6f5fbbfa84493fdeb2f7e27c1fbd7826deafad2deb5948591f0adb115e3dc,review,MANTENER_Y_REVISAR,P3,Media,,Revisión ordinaria.
docs/seo/fase-4/cambios-paginas-locales.md,docs,.md,5052,54,1554fa92cb8ab8d205fa8f8f7beef9d83ae6fa947ec22d2916a6484ac52e4c1b,review,MANTENER_Y_REVISAR,P3,Media,,Revisión ordinaria.
docs/seo/fase-4/validacion-final.md,docs,.md,3790,109,b46d8bea600beedef70a00f6d29e677e43d058fc536bf0468c8916e8729f796a,review,MANTENER_Y_REVISAR,P3,Media,,Revisión ordinaria.
docs/seo/fase-4/inventario-local-espana.md,docs,.md,4789,84,a005d49c79c1c5dfab6daaa06780520ed29e7367d27c6e91a8610a951c8c4a54,review,MANTENER_Y_REVISAR,P3,Media,,Revisión ordinaria.
docs/seo/fase-4/cambios-hondurenos-espana.md,docs,.md,4049,65,1cbc3199e6d6cc066408ef4f5e5309e4aa9e9ce1b00764b0b3c547aa2fc99061,review,MANTENER_Y_REVISAR,P3,Media,,Revisión ordinaria.
docs/seo/fase-4/eventos-local-espana.md,docs,.md,2381,58,704638bddf563dbbd03157c117d4ada372770407a1c7c6dd036cdf862848981b,review,MANTENER_Y_REVISAR,P3,Media,,Revisión ordinaria.
docs/seo/fase-3/clasificacion-servicios-secundarios.md,docs,.md,5846,67,ccc5b42e802faf9695919244f2928ed009fd9370e4f49dbdf1c68a1b134ca711,review,MANTENER_Y_REVISAR,P3,Media,,Revisión ordinaria.
docs/seo/fase-3/cambios-servicios-prioritarios.md,docs,.md,8452,116,78e7edfe8a0ca46d530ddcfd072c0c85593a766fef1a52b4a4582ed1ec89c34d,review,MANTENER_Y_REVISAR,P3,Media,,Revisión ordinaria.
docs/seo/fase-3/validacion-final.md,docs,.md,8404,142,0148401b4d623bab97a16fed74c031ce9ea1892dd73f2e7ed7b8aef6d3970b2a,review,MANTENER_Y_REVISAR,P3,Media,,Revisión ordinaria.
docs/seo/fase-3/fuentes-servicios-prioritarios.md,docs,.md,7160,113,a609281a37704189cd477ddbbf791e9c2270d4594323ba04d3e5b78fa003068d,review,MANTENER_Y_REVISAR,P3,Media,,Revisión ordinaria.
docs/seo/fase-3/inventario-servicios-prioritarios.md,docs,.md,10590,123,5861c1802f6baac9fb176c0c724343749f7f8a5b75493950e09539858d331ab8,review,MANTENER_Y_REVISAR,P3,Media,,Revisión ordinaria.
docs/seo/fase-1/matriz-identidad-equipo.md,docs,.md,7725,89,32e2cbd19133af30d36d2760094b80c89fb36eccfa594caaaf0562527bef6a94,review,MANTENER_Y_REVISAR,P3,Media,,Revisión ordinaria.
docs/seo/fase-1/revision-juridica-fase1.md,docs,.md,17903,148,1147739a45e225347e5ebef0d78aaceaebf10a06fc64d10cc64de9a79c08930e,review,MANTENER_Y_REVISAR,P3,Media,,Revisión ordinaria.
docs/seo/fase-1/decisiones-implementacion.md,docs,.md,9750,166,0dba4817b66dcf71db49a3d491524b13bcf326889c77dec3e1fe98644a9623fa,review,MANTENER_Y_REVISAR,P3,Media,,Revisión ordinaria.
docs/seo/fase-1/fuentes-oficiales.md,docs,.md,6835,84,233d7a7583b866fdecc8087e764d9f1a0b4104031e3ace8aea3385cae42fc3b6,review,MANTENER_Y_REVISAR,P3,Media,,Revisión ordinaria.
docs/seo/fase-2/arquitectura-paginas-centrales.md,docs,.md,9916,194,a5d3f999b18806f2f12fe7a4a68ef5c94cc1bf8f75f1c81af27dbe8033248313,review,MANTENER_Y_REVISAR,P3,Media,,Revisión ordinaria.
docs/seo/fase-2/cambios-contenido.md,docs,.md,9173,139,1bed2b78c4993342920a341fa46c8789ab938fee533ff3d4aacc58e03638aa59,review,MANTENER_Y_REVISAR,P3,Media,,Revisión ordinaria.
docs/seo/fase-2/validacion-final.md,docs,.md,6971,122,7f60081303ba4c437f04a0b6592955cb595877ced3b559060dc6e923962c88bb,review,MANTENER_Y_REVISAR,P3,Media,,Revisión ordinaria.
docs/seo/fase-2/eventos-conversion.md,docs,.md,5401,105,73d4db19fa38b05deef402f0ee9a7edd154f65b432ba8c25cc58921fb2e726a5,review,MANTENER_Y_REVISAR,P3,Media,,Revisión ordinaria.
docs/design/fase-5/auditoria-visual-actual.md,docs,.md,11117,189,f8da8c26eb8422a933a6ee25ab8e8711de6bbeed4f22b1f888fd55dfce7ab422,review,MANTENER_Y_REVISAR,P3,Media,,Revisión ordinaria.
docs/design/fase-5/validacion-visual.md,docs,.md,6815,140,62384a912954ceb5125f8101c0c5027fa7d77f44cefc45bcaba2082c127e96ad,review,MANTENER_Y_REVISAR,P3,Media,,Revisión ordinaria.
docs/design/fase-5/cambios-por-pagina.md,docs,.md,6050,99,35b8db7fa8e70ec67b9cb17a4e50e9e9ae2bb0abe81d450239ee0b9e33a01a30,review,MANTENER_Y_REVISAR,P3,Media,,Revisión ordinaria.
docs/design/fase-5/accesibilidad-responsive.md,docs,.md,4896,88,97dcd881d1471ba67215d967f74e0c01f63627ab4938159cce2aea964d90d0df,review,MANTENER_Y_REVISAR,P3,Media,,Revisión ordinaria.
docs/design/fase-5/design-system.md,docs,.md,13139,292,1df7122becec6ccf9206883c0c82d0042c4a98d55bfe593b53c7235a26d58e66,review,MANTENER_Y_REVISAR,P3,Media,,Revisión ordinaria.
docs/design/fase-5/matriz-migracion-componentes.md,docs,.md,6331,103,d72766f8260338546767954557f0bd2b06aee14169762e4b044398a8ab867a29,review,MANTENER_Y_REVISAR,P3,Media,,Revisión ordinaria.
docs/design/fase-5/inventario-componentes.md,docs,.md,10282,119,0fb9941b68ceccf6cc761487ddf2c9646115a1f2a420482529be495c91169c44,review,MANTENER_Y_REVISAR,P3,Media,,Revisión ordinaria.
data/blog/types.ts,data,.ts,1842,83,5c33e8248ea5786cf295dba48962e3e91691fd322ecfcfe1db60b9312d7407a3,review,MANTENER_Y_REVISAR,P3,Media,,No se confirmó obsolescencia en el análisis estático; conservar hasta validación dinámica.
data/blog/categories.ts,data,.ts,5369,130,29a0602a92f1ae0f8c23fc3c26480b11bd982b00f0d705723834876c2a913c2e,review,MANTENER_Y_REVISAR,P3,Media,,No se confirmó obsolescencia en el análisis estático; conservar hasta validación dinámica.
data/pdfs-articulos/Ley de Derecho de Autor y Derechos Conexos D  4-99 E.txt,data,.txt,106225,697,fbb2d40ab09a71ac5ae78ee523a9d3085702728cf9e152c15d495b32dcc8ccd6,review,MANTENER_Y_REVISAR,P3,Media,,No se confirmó obsolescencia en el análisis estático; conservar hasta validación dinámica.
data/pdfs-articulos/codigo_de_familia.txt,data,.txt,158343,1033,294bc498ac3d1135d52cb23b7c94ebc55f165efd68c2b4d1a03a24eefa8f035d,review,MANTENER_Y_REVISAR,P3,Media,,No se confirmó obsolescencia en el análisis estático; conservar hasta validación dinámica.
data/pdfs-articulos/LEY DE PROPIEDAD INDUSTRIAL (actualizada-07).txt,data,.txt,175156,848,24fcb9f7f0ece8cdf3b6a73c7abcbe2cb324fec83950dd6a00de5d1d2c1e9a65,review,MANTENER_Y_REVISAR,P3,Media,,No se confirmó obsolescencia en el análisis estático; conservar hasta validación dinámica.
data/pdfs-articulos/honduras ambiental_104-93.txt,data,.txt,60964,465,7940d1ef21eeda2aff367fcf166fb4076867f5185f83799411d2e13ee58f3e46,review,MANTENER_Y_REVISAR,P3,Media,,No se confirmó obsolescencia en el análisis estático; conservar hasta validación dinámica.
data/pdfs-articulos/Honduras - Ley de Conciliaci#U00f3n y Arbitraje.txt,data,.txt,54196,332,137b21c9ffb47997f6fc83065b670968977dac63d0a9d0841bdc5315499b13f1,review,MANTENER_Y_REVISAR,P3,Media,,No se confirmó obsolescencia en el análisis estático; conservar hasta validación dinámica.
data/pdfs-articulos/C#U00f3digo de Salud Reglamentos 10636.txt,data,.txt,91877,889,e7d6a4dac24e44f5e4f4d434f688cd5113ac2c3620809c982ead703fbb406901,review,MANTENER_Y_REVISAR,P3,Media,,No se confirmó obsolescencia en el análisis estático; conservar hasta validación dinámica.
data/pdfs-articulos/Codigo_Procesal_Penal_2016.txt,data,.txt,357046,2053,18edcd17be5d17ad85477a644f97a45da0ad3b071ad3e4ed29285c379fabea22,review,MANTENER_Y_REVISAR,P3,Media,,No se confirmó obsolescencia en el análisis estático; conservar hasta validación dinámica.
data/pdfs-articulos/LEY DE PROCEDIMIENTO ADMINISTRATIVO.txt,data,.txt,54748,410,eac49d59c256da5bb3b4324d85f0f954296f48761d5e1d44b29454eb84181352,review,MANTENER_Y_REVISAR,P3,Media,,No se confirmó obsolescencia en el análisis estático; conservar hasta validación dinámica.
data/pdfs-articulos/Ley del Sistema Financiero (Reformado por el CPC)2010.txt,data,.txt,172370,870,d70c08fd55700d780dd412b2d83b19a0aa81a5af3337f43366521f277b3717c6,review,MANTENER_Y_REVISAR,P3,Media,,No se confirmó obsolescencia en el análisis estático; conservar hasta validación dinámica.
data/pdfs-articulos/Ley_de_Migraciones_y_extranjeria_Honduras[1].txt,data,.txt,80990,522,3dff4a7dcb4af7a1a3446260d6c28412c4fcb7b57e0e1c6df32bd033697ef11a,review,MANTENER_Y_REVISAR,P3,Media,,No se confirmó obsolescencia en el análisis estático; conservar hasta validación dinámica.
data/pilar/faqs-guia.ts,data,.ts,4334,57,b6ee7f4c1c5b971648ada0554893e226e0edfd4483a98f5af58b7165a994c364,review,MANTENER_Y_REVISAR,P3,Media,,No se confirmó obsolescencia en el análisis estático; conservar hasta validación dinámica.
data/seo/url-indexability-audit.md,data,.md,26765,240,651b15e11d6fed6d18ea8475a08fed1b735880fb750fda5cdf1652d06573a50b,review,MANTENER_Y_REVISAR,P3,Media,,No se confirmó obsolescencia en el análisis estático; conservar hasta validación dinámica.
data/seo/canonical-paths.json,data,.json,8730,334,8b6e3c684b06345175521bcee684ac9c2e3e4dfc6599e5931d793f658f3a8e56,review,MANTENER_Y_REVISAR,P3,Media,,No se confirmó obsolescencia en el análisis estático; conservar hasta validación dinámica.
data/seo/post-deploy-seo-checklist.md,data,.md,2778,43,3a4a3d5720b23b29d43fef1f2a18718c91222d4a74b2e9e3309c8791776fbbbd,review,MANTENER_Y_REVISAR,P3,Media,,No se confirmó obsolescencia en el análisis estático; conservar hasta validación dinámica.
data/seo/seo-snapshot-current.md,data,.md,1591,26,956dbe9fda457ff443088044946b115b0b73c5727a430f0ceea8905964ce19b4,review,MANTENER_Y_REVISAR,P3,Media,,No se confirmó obsolescencia en el análisis estático; conservar hasta validación dinámica.
data/seo/early-impact-seo-report.md,data,.md,6076,78,ae88b4d3fe1d76a56eed43e1f68e7dc962eb997ee360d9fa39dffe9c22d3e407,review,MANTENER_Y_REVISAR,P3,Media,,No se confirmó obsolescencia en el análisis estático; conservar hasta validación dinámica.
data/seo/high-intent-guides.ts,data,.ts,1387,33,ac5f52309ff90dd3c274ae1ecf42e641448bfc80907c9bd5297a249116d9b359,review,MANTENER_Y_REVISAR,P3,Media,,No se confirmó obsolescencia en el análisis estático; conservar hasta validación dinámica.
data/seo/post-deploy-48h-report.md,data,.md,4615,64,90cf43c457b34724e667d96950c257efd653c05fd4784742a874c31aa21356e2,review,MANTENER_Y_REVISAR,P3,Media,,No se confirmó obsolescencia en el análisis estático; conservar hasta validación dinámica.
data/pdfs-extracted/DEPARTAMENTO_DE_INSPECTORIA._ART._614_CODIGO_DEL_TRABAJO.txt,data,.txt,578892,420,b29e8755b7514a491f755ba8b58fc022b3fbcc0df56cb255f5abba1695815776,review,MARCAR_GENERADO_Y_REGENERABLE,P2,Alta,,Derivado de PDFs; separar de la fuente primaria y no editar manualmente.
data/pdfs-extracted/Constitucion de Honduras.txt,data,.txt,226614,1323,70ed9ef94b1e3a796c1ed454426aff49136bd0815cf5465a9b759b8ae120081f,review,MARCAR_GENERADO_Y_REGENERABLE,P2,Alta,,Derivado de PDFs; separar de la fuente primaria y no editar manualmente.
data/pdfs-extracted/Texto_Consolidado_Codigo_Tributario_25JUNIO2018_Y_ANEXOS.txt,data,.txt,647760,4492,26cfc862713f19f978f6c12414afaec723919d52c33715702cab0596cba19b19,review,MARCAR_GENERADO_Y_REGENERABLE,P2,Alta,,Derivado de PDFs; separar de la fuente primaria y no editar manualmente.
data/pdfs-extracted/Codigo Penal (Decreto 130-2017).txt,data,.txt,518108,4172,ab372d1a601403d1457b3c438e189d06084e6de9dcdd124239b7ed9da3432e7a,review,MARCAR_GENERADO_Y_REGENERABLE,P2,Alta,,Derivado de PDFs; separar de la fuente primaria y no editar manualmente.
data/pdfs-extracted/Codigo Penal Decreto 130-2017 fusionado actualizado a julio 2024.txt,data,.txt,74415,2386,e59a99f2f39287536447a0c48a9e8d0a9d8ed3bce5740375a9ea7f06da25d3e6,review,MARCAR_GENERADO_Y_REGENERABLE,P2,Alta,,Derivado de PDFs; separar de la fuente primaria y no editar manualmente.
data/pdfs-extracted/codigo del comercio honduras.txt,data,.txt,653659,4858,e57236ab146832cda3bd067e94de105ef8accf294d0c477be6b629a115e07e8b,review,MARCAR_GENERADO_Y_REGENERABLE,P2,Alta,,Derivado de PDFs; separar de la fuente primaria y no editar manualmente.
data/pdfs-extracted/codigo_civil_honduras.txt,data,.txt,827630,3963,78ce5dc20661a4bad7fcbfc823c1803b4370c632dc82aa19be80165d3996a4c3,review,MARCAR_GENERADO_Y_REGENERABLE,P2,Alta,,Derivado de PDFs; separar de la fuente primaria y no editar manualmente.
data/pdfs-extracted/codigo_de_trabajo.txt,data,.txt,515455,2942,d6d20bff297379260ae5e5d23a5723eb932a7c73d224340947ec70e92dcb2d10,review,MARCAR_GENERADO_Y_REGENERABLE,P2,Alta,,Derivado de PDFs; separar de la fuente primaria y no editar manualmente.
data/pdfs-chunked/chunks-articulos.json,data,.json,93455,371,602c3475a023aa968eafe12a34498b01ecbfc9f104e7b9f92a93038252d2085c,review,MARCAR_GENERADO_Y_REGENERABLE,P2,Alta,,Derivado de PDFs; separar de la fuente primaria y no editar manualmente.
data/pdfs-chunked/chunks-pdfs.json,data,.json,290861,927,f05c9775b9952c78017ffeea5a554d2bf24daf543fc41ec1645536fec3167ea6,review,MARCAR_GENERADO_Y_REGENERABLE,P2,Alta,,Derivado de PDFs; separar de la fuente primaria y no editar manualmente.
data/pdfs-chunked/chunks-articulos-por-articulo.json,data,.json,1259117,17702,a84f6a05d8a5c274832dd9fdbe30d14b57ce7aefed026554c2b34e3751a3dc5f,review,MARCAR_GENERADO_Y_REGENERABLE,P2,Alta,,Derivado de PDFs; separar de la fuente primaria y no editar manualmente.
data/backups/fase3b-links/pension-alimenticia-porcentaje-honduras-2026.html,data,.html,9224,10,6b7fdf4b6eccd69dbffc2a33df47909bd5dd2788dfd0e75d2d2881698ba43e51,review,EXTERNALIZAR_O_ELIMINAR_TRAS_VALIDAR,P1,Alta,,Backup dentro de data.
data/backups/fase3b-links/poder-legal-honduras-cuando-se-necesita.html,data,.html,8156,1,bf3861f286b4ff8cc956c464368d867a8d673c227d59f90fd4f7b49114a12095,review,EXTERNALIZAR_O_ELIMINAR_TRAS_VALIDAR,P1,Alta,,Backup dentro de data.
data/backups/fase3b-links/prescripcion-deudas-plazos-honduras.html,data,.html,8645,50,c803d9f4d1894e712d87c24100a7917578a0a82cb2cbb0c7fa727340b049829b,review,EXTERNALIZAR_O_ELIMINAR_TRAS_VALIDAR,P1,Alta,duplicado_exact:DUP-39,Backup dentro de data. Contenido byte-idéntico a otro archivo; elegir una copia canónica.
data/backups/fase3b-links/danos-perjuicios-indemnizacion-honduras.html,data,.html,7603,57,30d326ce9f52457cae124dab8ce233a946ff0ffc80905bfd20279156f6ad2c8b,review,EXTERNALIZAR_O_ELIMINAR_TRAS_VALIDAR,P1,Alta,,Backup dentro de data.
data/backups/fase3b-links/divorcio-honduras-guia-completa.html,data,.html,5617,60,b0116b7096633c926f6320031a0120ec07d99aeb3d159ff333b237a9030806ae,review,EXTERNALIZAR_O_ELIMINAR_TRAS_VALIDAR,P1,Alta,,Backup dentro de data.
data/backups/fase3b-links/custodia-hijos-honduras-juez.html,data,.html,7471,1,bc7b4155713ad73f0e71f9015dff2e0054f0c20e6f1a638321cd1b8c66d9a444,review,EXTERNALIZAR_O_ELIMINAR_TRAS_VALIDAR,P1,Alta,,Backup dentro de data.
data/backups/fase3b-links/pension-alimenticia-honduras-guia-completa.html,data,.html,5021,34,341f332bf8c44bb64b909a1f120eca0a93c570b8ae6ca526c8671b037dd2d61f,review,EXTERNALIZAR_O_ELIMINAR_TRAS_VALIDAR,P1,Alta,,Backup dentro de data.
e2e/visual-baselines/abogados-en-nacaome.desktop.png,tests,.png,476751,,f53e0a0988a8f85b6042b7a2fd84e7152437550b5ba93ec3e0d5476f00cb5ed0,review,MANTENER_Y_REVISAR,P3,Media,,No se confirmó obsolescencia en el análisis estático; conservar hasta validación dinámica.
e2e/visual-baselines/como-llegar.mobile.png,tests,.png,318100,,e54876941363f58357424d80e226be2f37be07c8eac542abb0808853b8fae986,review,MANTENER_Y_REVISAR,P3,Media,,No se confirmó obsolescencia en el análisis estático; conservar hasta validación dinámica.
e2e/visual-baselines/despacho.desktop.png,tests,.png,1623478,,4b0cb4668dc99cbc08f957499ed06e8a6c8d9924e377ca56268f67288e6bc480,review,MANTENER_Y_REVISAR,P3,Media,,No se confirmó obsolescencia en el análisis estático; conservar hasta validación dinámica.
e2e/visual-baselines/derecho-penal.desktop.png,tests,.png,1524391,,f8f24e83461982e719d9766fbc310384a46a5ae21eff32509980bade7382cdf0,review,MANTENER_Y_REVISAR,P3,Media,,No se confirmó obsolescencia en el análisis estático; conservar hasta validación dinámica.
e2e/visual-baselines/blog.mobile.png,tests,.png,492457,,9c4b4d2eb919c7ae05bfdfdce7bd6abe85a5f3ca18794da47c7448152662474c,review,MANTENER_Y_REVISAR,P3,Media,,No se confirmó obsolescencia en el análisis estático; conservar hasta validación dinámica.
e2e/visual-baselines/solicitar-consulta.mobile.png,tests,.png,446219,,8aaf1d8501b1b9f0b801c47cfc7b05c704cc98d36fce3dd5a777aef1dfdfe349,review,MANTENER_Y_REVISAR,P3,Media,,No se confirmó obsolescencia en el análisis estático; conservar hasta validación dinámica.
e2e/visual-baselines/despacho.mobile.png,tests,.png,665105,,794751f924c8f4d5c6681c9ff691977a14ae553e1a31b2214cf278fb6075536e,review,MANTENER_Y_REVISAR,P3,Media,,No se confirmó obsolescencia en el análisis estático; conservar hasta validación dinámica.
e2e/visual-baselines/servicios.mobile.png,tests,.png,593693,,a1c4bc8a326a99aa08e1293df1fd7ed3bf7440744904a5db8f71bf2313286969,review,MANTENER_Y_REVISAR,P3,Media,,No se confirmó obsolescencia en el análisis estático; conservar hasta validación dinámica.
e2e/visual-baselines/como-llegar.desktop.png,tests,.png,868961,,91946c51886cb97f187bf95cdcb9445509bfe92a47b67ae9196f30605cf955fe,review,MANTENER_Y_REVISAR,P3,Media,,No se confirmó obsolescencia en el análisis estático; conservar hasta validación dinámica.
e2e/visual-baselines/solicitar-consulta.desktop.png,tests,.png,1218458,,a52051c0c03c23615793a629bf7e01339a48daa95526b200880c7af14026b09c,review,MANTENER_Y_REVISAR,P3,Media,,No se confirmó obsolescencia en el análisis estático; conservar hasta validación dinámica.
e2e/visual-baselines/servicios.desktop.png,tests,.png,1431430,,5c00df1d706ef02ecfa02c0977f8452f9d40ea507434cad4d20bd68a583b6bde,review,MANTENER_Y_REVISAR,P3,Media,,No se confirmó obsolescencia en el análisis estático; conservar hasta validación dinámica.
e2e/visual-baselines/blog.desktop.png,tests,.png,1187152,,a5b7463e27bd2048548806c60fb746f878e42600c2ef2560bc7a92e8aaf9b9b6,review,MANTENER_Y_REVISAR,P3,Media,,No se confirmó obsolescencia en el análisis estático; conservar hasta validación dinámica.
e2e/visual-baselines/home.desktop.png,tests,.png,1468491,,f406d2192acc5ffcbcc53e27b8ddeab3e03affe6d3bf9e34442ca104f269324b,review,MANTENER_Y_REVISAR,P3,Media,,No se confirmó obsolescencia en el análisis estático; conservar hasta validación dinámica.
e2e/visual-baselines/derecho-penal.mobile.png,tests,.png,655500,,2a928df4f5c2c94471c4d2fc6cbd86264947311704ac893e33cd89e62840158f,review,MANTENER_Y_REVISAR,P3,Media,,No se confirmó obsolescencia en el análisis estático; conservar hasta validación dinámica.
e2e/visual-baselines/home.mobile.png,tests,.png,621979,,cd73e65ccf6712a681e6ecbac02eaa152a9a8a6783f36e0c642b7aed1673ea0a,review,MANTENER_Y_REVISAR,P3,Media,,No se confirmó obsolescencia en el análisis estático; conservar hasta validación dinámica.
e2e/visual-baselines/abogados-en-nacaome.mobile.png,tests,.png,273128,,7bbf1b650b6a13a4ac6b8f8e59eed1f736ecac9dd4e694279f4df2e4098d186b,review,MANTENER_Y_REVISAR,P3,Media,,No se confirmó obsolescencia en el análisis estático; conservar hasta validación dinámica.
output/pdf/borrador_nomina_junio_2026_roiget_gimenez_alfons.pdf,generated-output,.pdf,89030,,9a55586b94f8f7ce8e47d7c1cef647a28e2608e366070bf20d3ff1a1eee81c49,generated-local,ELIMINAR_Y_REGENERAR,P1,Alta,,Artefacto generado/local.
auditoria-seo/assets/assets-pendientes.md,audit-output,.md,2399,52,75df373f5c7e6f47340966b11dc363c1016726e7d07c09036a3df69542ec26eb,historical-audit-review,ARCHIVAR_FUERA_DE_RAIZ_O_RETENER_RESUMEN,P2,Alta,,Salida puntual de auditoría/exportación; no es runtime.
auditoria-seo/gbp/nap.md,audit-output,.md,1553,54,fe3767fded2fa2a24f1ffbad0f8f7b65546a8a1af225d1cf39e25f219a8403cd,historical-audit-review,ARCHIVAR_FUERA_DE_RAIZ_O_RETENER_RESUMEN,P2,Alta,,Salida puntual de auditoría/exportación; no es runtime.
auditoria-seo/gbp/utm-links.md,audit-output,.md,1555,40,1ab6ac788e45352c298eb21c9a22a214de988dfe2359ec3ff6198e5b667c1be1,historical-audit-review,ARCHIVAR_FUERA_DE_RAIZ_O_RETENER_RESUMEN,P2,Alta,,Salida puntual de auditoría/exportación; no es runtime.
auditoria-seo/gbp/descripcion-negocio.md,audit-output,.md,2419,60,5b4b9c03837428170ee2b8be26170027b9fbacea4f9b5cf69f58c7122603683e,historical-audit-review,ARCHIVAR_FUERA_DE_RAIZ_O_RETENER_RESUMEN,P2,Alta,,Salida puntual de auditoría/exportación; no es runtime.
auditoria-seo/gbp/checklist-verificacion.md,audit-output,.md,2136,51,f855ac872483ff6e986676e9a4024b32c9337ccb5f698813e0a61441a8f9d4f1,historical-audit-review,ARCHIVAR_FUERA_DE_RAIZ_O_RETENER_RESUMEN,P2,Alta,,Salida puntual de auditoría/exportación; no es runtime.
auditoria-seo/gbp/posts-iniciales-gbp.md,audit-output,.md,1913,38,937ef8ae491da3ed99dfd200d73f5c746740bc612880c146984d17aa6761b39d,historical-audit-review,ARCHIVAR_FUERA_DE_RAIZ_O_RETENER_RESUMEN,P2,Alta,,Salida puntual de auditoría/exportación; no es runtime.
auditoria-seo/gbp/categorias-servicios.md,audit-output,.md,1943,45,0dbd7320a66bc01957cb1a6a4a17d4c847c450ecf1789868dadd5120dee374c5,historical-audit-review,ARCHIVAR_FUERA_DE_RAIZ_O_RETENER_RESUMEN,P2,Alta,,Salida puntual de auditoría/exportación; no es runtime.
lib/ai/review-status.ts,lib,.ts,5168,145,23f16c3ad2e1f30442ef582875145e064cbb21165719e921c6e813dffa570ddb,review,MOVER_A_TOOLS_O_DOCUMENTAR,P2,Alta,,Solo lo usan scripts; no es módulo runtime.
lib/ai/review-invariants.ts,lib,.ts,3002,99,9bc494d2b8b206d6da7a1c7685c456d7b021cdb882221f7a7372981cafd04e1b,review,MOVER_A_TOOLS_O_DOCUMENTAR,P2,Alta,,Solo lo usan scripts; no es módulo runtime.
lib/ai/deepseek-blog-review.ts,lib,.ts,10949,347,03108e4415e0c673937de8271fdec4a4d4cb26eafe17fc04eddee8e1753f4df8,review,MOVER_A_TOOLS_O_DOCUMENTAR,P2,Alta,,Solo lo usan scripts; no es módulo runtime.
lib/ai/source-provenance.ts,lib,.ts,12389,386,f4e801aa3e2e33d7f5861f96c90be28901a2ef0252854c6ec8414f328bce9a3f,review,MOVER_A_TOOLS_O_DOCUMENTAR,P2,Alta,,Solo lo usan scripts; no es módulo runtime.
lib/chat/preconsulta.ts,lib,.ts,8766,223,1f103c30bbff9e4c8d38caa8614a8207b0f7535fa915728bfeb6c54a7c1366ba,review,MANTENER_Y_REVISAR,P3,Media,runtime-reachable,No se confirmó obsolescencia en el análisis estático; conservar hasta validación dinámica.
lib/chat/rules-engine.ts,lib,.ts,14920,390,db714c5c9b76d109cb0302e99a1fd991b122c2ff265d3050145542626f2d1c02,review,MANTENER_Y_REVISAR,P3,Media,runtime-reachable,No se confirmó obsolescencia en el análisis estático; conservar hasta validación dinámica.
lib/chat/schema.ts,lib,.ts,1148,40,1affeefd7dc542cdcb55ca895c5149b1aec1ed9eb19366d94af4f52038b654b5,review,MANTENER_Y_REVISAR,P3,Media,runtime-reachable,No se confirmó obsolescencia en el análisis estático; conservar hasta validación dinámica.
lib/chat/guardrails.ts,lib,.ts,7764,172,9a5180d4a1c03dc0a7e9fcb2a4b25878a092751a8a8bc3a04aa028183010b417,review,MANTENER_Y_REVISAR,P3,Media,runtime-reachable,No se confirmó obsolescencia en el análisis estático; conservar hasta validación dinámica.
lib/chat/knowledge-base.ts,lib,.ts,2801,80,3587577acb159ec7939cfe5ecc31afabb34ea2d46233e9bcd4b69a31e76eede0,review,INTEGRAR_EN_RUNTIME_O_RETIRAR,P1,Alta,,Solo está conectado a pruebas; no al producto.
lib/chat/config.ts,lib,.ts,3342,71,108f0ce49fc0af956667c1075010723104a22098617a61360fa16a43254317d6,review,MANTENER_Y_REVISAR,P3,Media,runtime-reachable,No se confirmó obsolescencia en el análisis estático; conservar hasta validación dinámica.
lib/rag/retrieval.ts,lib,.ts,6890,244,9c6ca0f64bbdd139f07a1a11d602a44cf30debb54a4ca11a380773d563609bb9,review,MOVER_A_TOOLS_O_DOCUMENTAR,P2,Alta,,Solo lo usan scripts; no es módulo runtime.
lib/rag/embeddings.ts,lib,.ts,6107,174,c536407fa5fda2c05780e5221ea94cf8e34271b88e632cbe5e452156c1245ac6,review,MANTENER_Y_REVISAR,P3,Media,runtime-reachable,No se confirmó obsolescencia en el análisis estático; conservar hasta validación dinámica.
lib/rag/config.ts,lib,.ts,3127,84,eb004838bb858a9de33e64efe2eab18309001e7a0b1c31e575c2b8bf7227e974,review,MANTENER_Y_REVISAR,P3,Media,runtime-reachable,No se confirmó obsolescencia en el análisis estático; conservar hasta validación dinámica.
lib/rag/chunking.ts,lib,.ts,7130,239,88fbfc911a86650f3b1a5c254f5fbb32287b8b8b81c114b649999bfcadcd70a6,review,MOVER_A_TOOLS_O_DOCUMENTAR,P2,Alta,,Solo lo usan scripts; no es módulo runtime.
lib/types/admin-dashboard.ts,lib,.ts,1363,54,31efd1927c785133e524b3a794cbfa2bef6caef63c61f06846d925aff30995d0,review,VALIDAR_Y_ELIMINAR_CANDIDATO,P1,Media,,Sin entrada ni importaciones runtime detectadas.
lib/sgie/buscar-db.ts,lib,.ts,7383,179,f3cd569c86029705bf3bb4c68a82d7c69ba7b49b3a4cc44d6165ef8a2e399828,review,MANTENER_Y_REVISAR,P3,Media,runtime-reachable,No se confirmó obsolescencia en el análisis estático; conservar hasta validación dinámica.
lib/sgie/config-seguimiento.ts,lib,.ts,2727,61,8ed203826fb0bb00d4567c667c4bc4de986ca91e35a42a0972d0e0faff09ce69,review,MANTENER_Y_REVISAR,P3,Media,runtime-reachable,No se confirmó obsolescencia en el análisis estático; conservar hasta validación dinámica.
lib/sgie/risk-service.ts,lib,.ts,7381,149,745f92eda5c15ea5db5f4ed2cd78a1a6e995be05b64584dbbf13764640767dc5,review,MANTENER_Y_REVISAR,P3,Media,runtime-reachable,No se confirmó obsolescencia en el análisis estático; conservar hasta validación dinámica.
lib/sgie/calendar-sync.ts,lib,.ts,28896,759,9f99987ca778859d80621349f6849a9c3873254b9a23b46e84aff3187bff2086,review,VALIDAR_Y_ELIMINAR_CANDIDATO,P1,Media,large_file:759_lines,Sin entrada ni importaciones runtime detectadas. Supera el presupuesto recomendado de tamaño; candidato a modularización.
lib/sgie/workload-service.ts,lib,.ts,4240,104,ba0983a8a7414b1617696a5435fe0fc27b4f602e403d9f8c7cfe6885a3905658,review,MANTENER_Y_REVISAR,P3,Media,runtime-reachable,No se confirmó obsolescencia en el análisis estático; conservar hasta validación dinámica.
lib/sgie/search-indexer.ts,lib,.ts,5182,122,a684f4a230757376716a25b92d40b6927d6bed03d69a0da8521a0f337d3ab4d6,review,VALIDAR_Y_ELIMINAR_CANDIDATO,P1,Media,,Sin entrada ni importaciones runtime detectadas.
lib/sgie/documentos-db.ts,lib,.ts,5654,164,3847ba469847f6fc6436cf111730d96a6c7829e6e86bd995350300b0877c36f7,review,MANTENER_Y_REVISAR,P3,Media,runtime-reachable,No se confirmó obsolescencia en el análisis estático; conservar hasta validación dinámica.
lib/sgie/agenda-query.ts,lib,.ts,798,23,dc42b9560725c97e80e27d22e5ee67d2a9ec911472f0f22a33c8229e8db47b8d,review,MANTENER_Y_REVISAR,P3,Media,runtime-reachable,No se confirmó obsolescencia en el análisis estático; conservar hasta validación dinámica.
lib/sgie/inteligencia.ts,lib,.ts,2951,78,0c89535a48f08c1df0f55ea0156b12fda32860018082f75504d12ce6677f464a,review,MANTENER_Y_REVISAR,P3,Media,runtime-reachable,No se confirmó obsolescencia en el análisis estático; conservar hasta validación dinámica.
lib/sgie/alertas-sla-service.ts,lib,.ts,7827,284,88932ae5d79ab629602261a986feba32b07b0a061a217a72e8d7a98749e51958,review,MANTENER_Y_REVISAR,P3,Media,runtime-reachable,No se confirmó obsolescencia en el análisis estático; conservar hasta validación dinámica.
lib/sgie/signature-package-service.ts,lib,.ts,36072,879,5a5eee62546fc70745a9b27c3f3f0989dfa9621c16b23953dfc743c608a09a27,review,MANTENER_Y_PLANIFICAR_REFACTORIZACION,P2,Alta,runtime-reachable;large_file:879_lines,Supera el presupuesto recomendado de tamaño; candidato a modularización.
lib/sgie/enlaces-magicos.ts,lib,.ts,5628,170,68abea124b8df071be8786ae5ea8a0063a71276c165f7f51be521e83eed1a51e,review,MANTENER_Y_REVISAR,P3,Media,runtime-reachable,No se confirmó obsolescencia en el análisis estático; conservar hasta validación dinámica.
lib/sgie/busqueda-hibrida.ts,lib,.ts,3439,102,fa077f8cd2187750a43b9093215e86a93705c68f42b0be0df032859db749bf87,review,MANTENER_Y_REVISAR,P3,Media,runtime-reachable,No se confirmó obsolescencia en el análisis estático; conservar hasta validación dinámica.
lib/sgie/resumen-ia.ts,lib,.ts,6257,170,654d36f3f052257766308f49eabebc4984ea27ca1e21b1d98908a3345f2326f7,review,MANTENER_Y_REVISAR,P3,Media,runtime-reachable,No se confirmó obsolescencia en el análisis estático; conservar hasta validación dinámica.
lib/sgie/document-segmentation-service.ts,lib,.ts,5561,154,a4ed5fd415a4856386f38ab5704813f5e1987c231267203118bcd093349cfe1d,review,MANTENER_Y_REVISAR,P3,Media,runtime-reachable,No se confirmó obsolescencia en el análisis estático; conservar hasta validación dinámica.
lib/sgie/communication-rules-service.ts,lib,.ts,4776,191,d2b5d6a4208c841e352cabcf8b6addea7af6c32ae410a943a83f8bcbcc6807bc,review,MANTENER_Y_REVISAR,P3,Media,runtime-reachable,No se confirmó obsolescencia en el análisis estático; conservar hasta validación dinámica.
lib/sgie/review-service.ts,lib,.ts,8927,288,6a8d5e9bad804e71d0fb1e6296657c254016b1a1b3cb0552d9b366962b980ea6,review,INTEGRAR_EN_RUNTIME_O_RETIRAR,P1,Alta,,Solo está conectado a pruebas; no al producto.
lib/sgie/extraccion-estructurada.ts,lib,.ts,10497,303,4fb642eb98d4853fa181c77d48c4499cc34834fdec52926b79dcd53894c5adc3,review,INTEGRAR_EN_RUNTIME_O_RETIRAR,P1,Alta,,Solo está conectado a pruebas; no al producto.
lib/sgie/correos-db.ts,lib,.ts,22112,681,8b93733126df254a987c20b84943c1fb1893d1e589ce3471dc33d2fcc0a9e1fd,review,MANTENER_Y_PLANIFICAR_REFACTORIZACION,P2,Alta,runtime-reachable;large_file:681_lines,Supera el presupuesto recomendado de tamaño; candidato a modularización.
lib/sgie/expedientes-db.ts,lib,.ts,18428,538,4da686964d3f3d18ca2f194c2fdcc23eb551aef670e1f3fc912111bc77536761,review,MANTENER_Y_PLANIFICAR_REFACTORIZACION,P2,Alta,runtime-reachable;large_file:538_lines,Supera el presupuesto recomendado de tamaño; candidato a modularización.
lib/sgie/reportes-db.ts,lib,.ts,11384,242,408bdc80ef0c0d63c9a6c4858038046a17182d398a54d4cb45d2c7dd7a6ea23a,review,MANTENER_Y_REVISAR,P3,Media,runtime-reachable,No se confirmó obsolescencia en el análisis estático; conservar hasta validación dinámica.
lib/sgie/risk-workload-jobs.ts,lib,.ts,2673,78,99fce649cdda7216af570d0458bea75319635f955b15e55f3dbde296ed685138,review,VALIDAR_Y_ELIMINAR_CANDIDATO,P1,Media,,Sin entrada ni importaciones runtime detectadas.
lib/sgie/tareas-db.ts,lib,.ts,9449,265,425d2da5b081b6649b2de6d57e7a8e5c7baeb544ac50bd3c00139538e185e478,review,MANTENER_Y_REVISAR,P3,Media,runtime-reachable,No se confirmó obsolescencia en el análisis estático; conservar hasta validación dinámica.
lib/sgie/ia-router.ts,lib,.ts,14379,423,fa046076e934b5430f21e899b2b3f4d30d6ead824c4759e7b2b8bce2e39527b3,review,INTEGRAR_EN_RUNTIME_O_RETIRAR,P1,Alta,,Solo está conectado a pruebas; no al producto.
lib/sgie/usuarios-db.ts,lib,.ts,8775,272,273f6e955ccb93f5f39a9d89d1265c8da426575b1f22aca6a5eaa6376ca00e32,review,MANTENER_Y_REVISAR,P3,Media,runtime-reachable,No se confirmó obsolescencia en el análisis estático; conservar hasta validación dinámica.
lib/sgie/search-db.ts,lib,.ts,6479,142,ecdea464fd838c5818549d6a20bf02686651fe87e2cc4ce0a1b3ce5a9e855386,review,MANTENER_Y_REVISAR,P3,Media,runtime-reachable,No se confirmó obsolescencia en el análisis estático; conservar hasta validación dinámica.
lib/sgie/ai-evaluation-service.ts,lib,.ts,4016,137,0e7a4023b64a8fa1715af39118916984b192275a661b5f0c59e887331b7c12cb,review,INTEGRAR_EN_RUNTIME_O_RETIRAR,P1,Alta,,Solo está conectado a pruebas; no al producto.
lib/sgie/dashboard-service.ts,lib,.ts,3186,53,5d794767a2c9da45bac68e3c6dc2ff694cfc12aef479bb015b34592f6ca15ce1,review,MANTENER_Y_REVISAR,P3,Media,runtime-reachable,No se confirmó obsolescencia en el análisis estático; conservar hasta validación dinámica.
lib/sgie/document-comparison-service.ts,lib,.ts,4869,99,73a76daca7a7b830f00d58f0b3493668f4685cb569f7deb8fb8586c4510de76f,review,MANTENER_Y_REVISAR,P3,Media,runtime-reachable,No se confirmó obsolescencia en el análisis estático; conservar hasta validación dinámica.
lib/sgie/feature-flags.ts,lib,.ts,19989,562,717f33596a76dd2a5a363c0f4ac3e634e3e747156919edb6228cefa987bcba76,review,MANTENER_Y_PLANIFICAR_REFACTORIZACION,P2,Alta,runtime-reachable;large_file:562_lines,Supera el presupuesto recomendado de tamaño; candidato a modularización.
lib/sgie/workflow.ts,lib,.ts,8525,286,13ca4890243311e9f43d410b1e769d7fb0fd4d17d1ceb27256d47c88b6d5e97a,review,INTEGRAR_EN_RUNTIME_O_RETIRAR,P1,Alta,,Solo está conectado a pruebas; no al producto.
lib/sgie/embeddings.ts,lib,.ts,743,24,82f045a5389bdfeb74a7ec7b0e5878e64c85002075cef2955488bcb3a938900f,review,MANTENER_Y_REVISAR,P3,Media,runtime-reachable,No se confirmó obsolescencia en el análisis estático; conservar hasta validación dinámica.
lib/sgie/document-intelligence-jobs.ts,lib,.ts,1478,34,82f7c3bcb28b42efdaf8c690b1b1548b261533cc66c3d68eebdd6cbc026d81fd,review,VALIDAR_Y_ELIMINAR_CANDIDATO,P1,Media,,Sin entrada ni importaciones runtime detectadas.
lib/sgie/clasificacion-documental.ts,lib,.ts,14268,400,38a254174c06be514db6c33b5d18e5950e73b77956a4e535bedadd74f0b37eff,review,INTEGRAR_EN_RUNTIME_O_RETIRAR,P1,Alta,,Solo está conectado a pruebas; no al producto.
lib/sgie/agenda-helpers.ts,lib,.ts,2034,58,22a871fe63bc090c8c55a65f2856ef9ced8b137087147976fb695adf9f8bca4d,review,MANTENER_Y_REVISAR,P3,Media,runtime-reachable,No se confirmó obsolescencia en el análisis estático; conservar hasta validación dinámica.
lib/sgie/seguimiento-documental.ts,lib,.ts,10365,276,a37f0a842ae962725346a5500dae17dac61fab2c228c2214431d53e740b23984,review,MANTENER_Y_REVISAR,P3,Media,runtime-reachable,No se confirmó obsolescencia en el análisis estático; conservar hasta validación dinámica.
lib/sgie/brief-jobs.ts,lib,.ts,1108,30,7ce0958d4dc4a845315cd7af3bbc8f895396161237dd3ee09726da879191096b,review,VALIDAR_Y_ELIMINAR_CANDIDATO,P1,Media,,Sin entrada ni importaciones runtime detectadas.
lib/sgie/baselines-service.ts,lib,.ts,1272,41,1d94248fa87d75ef7378cac1d7fe1b8cb0777820daceac2895a79a843d63811b,review,VALIDAR_Y_ELIMINAR_CANDIDATO,P1,Media,,Sin entrada ni importaciones runtime detectadas.
lib/sgie/knowledge-service.ts,lib,.ts,2738,56,70c6c92fafe5ffaedd6a14da27a11c1ce01db69c13b3ca3eeac0abc8d5e31c21,review,MANTENER_Y_REVISAR,P3,Media,runtime-reachable,No se confirmó obsolescencia en el análisis estático; conservar hasta validación dinámica.
lib/sgie/brief-service.ts,lib,.ts,4537,98,0840ffcc939d93dee6f02a935dd146323dcab8825099f3318dc7b90853e4e3f0,review,MANTENER_Y_REVISAR,P3,Media,runtime-reachable,No se confirmó obsolescencia en el análisis estático; conservar hasta validación dinámica.
lib/sgie/outbox.ts,lib,.ts,6478,185,29de2fdff90d03ce4d2b9cf55798adf6fae29117274a0faabb7bd04476dd3ee6,review,MANTENER_Y_REVISAR,P3,Media,runtime-reachable,No se confirmó obsolescencia en el análisis estático; conservar hasta validación dinámica.
lib/sgie/observabilidad.ts,lib,.ts,6704,179,2d30b6bb93d3dee42fd1b2f4aef83c1241d07425dedd112d70e53cdc947be66b,review,INTEGRAR_EN_RUNTIME_O_RETIRAR,P1,Alta,,Solo está conectado a pruebas; no al producto.
lib/sgie/workflow-simulation-service.ts,lib,.ts,8327,266,e671c8b446035e172802e5ed374d68fb850cff44ef47d95848f2e0a5d441415a,review,INTEGRAR_EN_RUNTIME_O_RETIRAR,P1,Alta,,Solo está conectado a pruebas; no al producto.
lib/sgie/auto-vinculacion.ts,lib,.ts,9212,262,81edab704057c4e3230e651373db9cf717947053ab7299c70168a4d5654f9a85,review,INTEGRAR_EN_RUNTIME_O_RETIRAR,P1,Alta,,Solo está conectado a pruebas; no al producto.
lib/sgie/auditoria-sgie.ts,lib,.ts,2104,66,8228b6f21237512271feb1eae9546a4209b99dcd468731fc5e33bd448aa37aee,review,MANTENER_Y_REVISAR,P3,Media,runtime-reachable,No se confirmó obsolescencia en el análisis estático; conservar hasta validación dinámica.
lib/sgie/notificaciones-email.ts,lib,.ts,5136,143,59fec0a8a2872f5600109db10ded2ef774ee3b335a2f69814d2521bda397325e,review,MANTENER_Y_REVISAR,P3,Media,runtime-reachable,No se confirmó obsolescencia en el análisis estático; conservar hasta validación dinámica.
lib/sgie/bulk-approval-service.ts,lib,.ts,31873,863,73fb1741d940cda6c0c38dec4a865ab33ea4aa1f74cf379c7defbe3921705737,review,MANTENER_Y_PLANIFICAR_REFACTORIZACION,P2,Alta,runtime-reachable;large_file:863_lines,Supera el presupuesto recomendado de tamaño; candidato a modularización.
lib/sgie/motor-contradicciones.ts,lib,.ts,8191,221,86f52e9b205f7f22f9aa49d7b58598c3eb508d049c07d413dcc05abb0ac9b22b,review,INTEGRAR_EN_RUNTIME_O_RETIRAR,P1,Alta,,Solo está conectado a pruebas; no al producto.
lib/sgie/resumen-incremental.ts,lib,.ts,8572,212,c08564af9a754c4ccc7c0846bdcc67810687abfe6f1eda8b679eeff1de8ecc20,review,INTEGRAR_EN_RUNTIME_O_RETIRAR,P1,Alta,,Solo está conectado a pruebas; no al producto.
lib/sgie/recommendation-service.ts,lib,.ts,1720,39,62b728a2c0547a5294c6fba677a2d7644f60d1b7741a7570699436a6dfbca825,review,MANTENER_Y_REVISAR,P3,Media,runtime-reachable,No se confirmó obsolescencia en el análisis estático; conservar hasta validación dinámica.
lib/sgie/procedimientos-db.ts,lib,.ts,6050,169,0ec6a49a033ba94e2ca38e49659c30651341e89ad49a4a804a122a535936fcc9,review,MANTENER_Y_REVISAR,P3,Media,runtime-reachable,No se confirmó obsolescencia en el análisis estático; conservar hasta validación dinámica.
lib/sgie/client-portal-service.ts,lib,.ts,5331,191,f9b0a1be9c6bb9c7f8fd579b51eb850af2de496dec20be796f0950168eef0ae1,review,INTEGRAR_EN_RUNTIME_O_RETIRAR,P1,Alta,,Solo está conectado a pruebas; no al producto.
lib/sgie/clientes-db.ts,lib,.ts,10319,298,1fcb925b4cb9a55abba8fa13196a9e372fe6cae7f13fedb937c555f9d39adf60,review,MANTENER_Y_REVISAR,P3,Media,runtime-reachable,No se confirmó obsolescencia en el análisis estático; conservar hasta validación dinámica.
lib/sgie/motor-confianza.ts,lib,.ts,9141,251,81db9764486981ff144d363101a018155d0e01f038e8f1625cbcab5ce8d8ad71,review,MANTENER_Y_REVISAR,P3,Media,runtime-reachable,No se confirmó obsolescencia en el análisis estático; conservar hasta validación dinámica.
lib/sgie/signature-service.ts,lib,.ts,26264,456,280527ce4ccd4d957090a485dfcb40e45cc5fa3122b923164007b67852b81062,review,MANTENER_Y_REVISAR,P3,Media,runtime-reachable,No se confirmó obsolescencia en el análisis estático; conservar hasta validación dinámica.
lib/sgie/jobs-db.ts,lib,.ts,7867,265,7f1da128c970f198e92a7ed40ff6e67ac08ddb69326d72e0f6351e59948c1428,review,MANTENER_Y_REVISAR,P3,Media,runtime-reachable,No se confirmó obsolescencia en el análisis estático; conservar hasta validación dinámica.
lib/sgie/motor-reglas.ts,lib,.ts,12357,273,d0f80599065f4e0b2ff2844218eca7d7468dcb7fa8144ebe19f896c5b8e841cb,review,MANTENER_Y_REVISAR,P3,Media,runtime-reachable,No se confirmó obsolescencia en el análisis estático; conservar hasta validación dinámica.
lib/sgie/next-action.ts,lib,.ts,16234,404,36a4ffff7ee546d5239f8987210353dbb09292caa8abc13f844f6042fedf9d03,review,MANTENER_Y_REVISAR,P3,Media,runtime-reachable,No se confirmó obsolescencia en el análisis estático; conservar hasta validación dinámica.
lib/sgie/upload-atomico.ts,lib,.ts,6950,243,aa1cfb11857feec5ffb94cbc57870d95268bbf162c5e01ac1f54d0ce38703e0e,review,MANTENER_Y_REVISAR,P3,Media,runtime-reachable,No se confirmó obsolescencia en el análisis estático; conservar hasta validación dinámica.
lib/sgie/estados.ts,lib,.ts,5907,184,1269a019f50012905b1b4f344acc34d5e047575ee501b808bba8c4e9e48870fa,review,MANTENER_Y_REVISAR,P3,Media,runtime-reachable,No se confirmó obsolescencia en el análisis estático; conservar hasta validación dinámica.
lib/sgie/motor-documental.ts,lib,.ts,29292,834,c9974208be9a531102bedce0248448c129b7a9d62ee2ea3731fab07352402b52,review,MANTENER_Y_PLANIFICAR_REFACTORIZACION,P2,Alta,runtime-reachable;large_file:834_lines,Supera el presupuesto recomendado de tamaño; candidato a modularización.
lib/sgie/readiness.ts,lib,.ts,12337,225,5b5f769097fb067df4e0ca70ae30c83b36f3e9d613c36d776fe503c06eb9c9a5,review,MANTENER_Y_REVISAR,P3,Media,runtime-reachable,No se confirmó obsolescencia en el análisis estático; conservar hasta validación dinámica.
lib/sgie/document-automation-orchestrator.ts,lib,.ts,12553,295,05c5f92433c4efd007042cbea5d5d2583837fa556b5481a7fd57b89adbeda5e9,review,INTEGRAR_O_RETIRAR,P1,Alta,,"Documentado como entrada productiva, pero solo importado por tests. Solo está conectado a pruebas; no al producto."
lib/sgie/tiempo-por-estado.ts,lib,.ts,4040,125,569f5c3101309c4e3579c7f58beeef34a4e196eff1b7e8893f3e748e24bed55f,review,MANTENER_Y_REVISAR,P3,Media,runtime-reachable,No se confirmó obsolescencia en el análisis estático; conservar hasta validación dinámica.
lib/sgie/motor-recordatorios.ts,lib,.ts,7401,221,bf3830ca4e4df113b25f6c74f52eed3614b21e25a9eab08952762c18dceb8e47,review,MANTENER_Y_REVISAR,P3,Media,runtime-reachable,No se confirmó obsolescencia en el análisis estático; conservar hasta validación dinámica.
lib/sgie/csv.ts,lib,.ts,2732,80,43ed8855d0b4097f8840e682a0e4798d992e58d8da07a4603d4707978006e16a,review,MANTENER_Y_REVISAR,P3,Media,runtime-reachable,No se confirmó obsolescencia en el análisis estático; conservar hasta validación dinámica.
lib/sgie/notificaciones.ts,lib,.ts,4533,170,7627a5fbc54abce8896f33a8de2a97551ab5b29a11b74aeab7e7f1c205ea049e,review,MANTENER_Y_REVISAR,P3,Media,runtime-reachable,No se confirmó obsolescencia en el análisis estático; conservar hasta validación dinámica.
lib/sgie/pdf.ts,lib,.ts,6425,154,6cffd59b45246faf1592fe499329192761686e01e40e2a8bd8c74f08931c61c0,review,MANTENER_Y_REVISAR,P3,Media,runtime-reachable,No se confirmó obsolescencia en el análisis estático; conservar hasta validación dinámica.
lib/sgie/util.ts,lib,.ts,7052,194,359ec769f32cee9fd2df530480b6430037884fcf7f6bf40f042f40bb58c480fe,review,MANTENER_Y_REVISAR,P3,Media,runtime-reachable,No se confirmó obsolescencia en el análisis estático; conservar hasta validación dinámica.
lib/sgie/autonomy-metrics-service.ts,lib,.ts,4933,96,198c6f337860fb2fb5e5279c85ec26b83b8cfa66c5af063456449d7a731c34bf,review,MANTENER_Y_REVISAR,P3,Media,runtime-reachable,No se confirmó obsolescencia en el análisis estático; conservar hasta validación dinámica.
lib/sgie/calendar-ics.ts,lib,.ts,5417,171,a2220e99745616d3f862de0b6acf9c0bb2e07c8df78ee551903425171740937b,review,MANTENER_Y_REVISAR,P3,Media,runtime-reachable,No se confirmó obsolescencia en el análisis estático; conservar hasta validación dinámica.
lib/sgie/admin-operations-service.ts,lib,.ts,8304,272,0845c13ff85e031d16ebda3a73766c727d008d051cf2d695abb0402af913c618,review,MANTENER_Y_REVISAR,P3,Media,runtime-reachable,No se confirmó obsolescencia en el análisis estático; conservar hasta validación dinámica.
lib/sgie/document-contradictions-service.ts,lib,.ts,2269,46,9952cadbb5b933beca86360626534089eaae00991f86c0cd6c7f742ee94f3731,review,MANTENER_Y_REVISAR,P3,Media,runtime-reachable,No se confirmó obsolescencia en el análisis estático; conservar hasta validación dinámica.
lib/sgie/work-queue-service.ts,lib,.ts,13219,441,b50c9506c9018432c81a85240159c874bafc3ad7b0cc4b53ac8c888998ccdb6c,review,INTEGRAR_EN_RUNTIME_O_RETIRAR,P1,Alta,,Solo está conectado a pruebas; no al producto.
lib/sgie/ia-documental.ts,lib,.ts,22320,505,b70bc004b5c5dd90c45234ca7b42999e70c856460f0179381ac4896bd4d1f808,review,MANTENER_Y_PLANIFICAR_REFACTORIZACION,P2,Alta,runtime-reachable;large_file:505_lines,Supera el presupuesto recomendado de tamaño; candidato a modularización.
lib/sgie/calendario.ts,lib,.ts,3762,113,fe7f121db8d28ec26475027df15eb3cd4f9df48b407d447b0b34702f916cf3eb,review,MANTENER_Y_REVISAR,P3,Media,runtime-reachable,No se confirmó obsolescencia en el análisis estático; conservar hasta validación dinámica.
lib/sgie/recordatorios-cliente.ts,lib,.ts,14814,394,3416fd790b0a2910d2525f109a5079770bd99e0e9bf2767c0ffad32942540ffc,review,MANTENER_Y_REVISAR,P3,Media,runtime-reachable,No se confirmó obsolescencia en el análisis estático; conservar hasta validación dinámica.
lib/sgie/inbound-service.ts,lib,.ts,3423,101,34a0365ec1f7d20da22d1d2dfc19396e4a30c412e79a0a5a87c55b5fb991a7bb,review,INTEGRAR_EN_RUNTIME_O_RETIRAR,P1,Alta,,Solo está conectado a pruebas; no al producto.
lib/schemas/blog.ts,lib,.ts,4001,117,fffb92e9644eef6038ca5e38065b8b781980a69bf0e0f891154c1cb0157d8450,review,MANTENER_Y_REVISAR,P3,Media,runtime-reachable,No se confirmó obsolescencia en el análisis estático; conservar hasta validación dinámica.
lib/schemas/legal-page.ts,lib,.ts,5927,171,5b263995c07ccb0f2d418388ce0da31ed0f4a5cf4fe1a31dd6f440e7f29fe32b,review,MANTENER_Y_REVISAR,P3,Media,runtime-reachable,No se confirmó obsolescencia en el análisis estático; conservar hasta validación dinámica.
lib/signature/sandbox-provider.ts,lib,.ts,8188,211,e4a6cfcb50e2fdf0ff3504989d5378d4bf67043041eeb8720c66e863397b56a6,review,MANTENER_Y_REVISAR,P3,Media,runtime-reachable,No se confirmó obsolescencia en el análisis estático; conservar hasta validación dinámica.
lib/signature/provider.ts,lib,.ts,3191,124,c2942226e0df4dec395a93907b36fe6f7271f0b09d709127549c863fa437a55d,review,MANTENER_Y_REVISAR,P3,Media,runtime-reachable,No se confirmó obsolescencia en el análisis estático; conservar hasta validación dinámica.
lib/signature/dropboxsign-provider.ts,lib,.ts,10548,238,01087639441b4adb161796e09946c6b85036af1766ff84e6ea5bda1fc6fa9630,review,MANTENER_Y_REVISAR,P3,Media,runtime-reachable,No se confirmó obsolescencia en el análisis estático; conservar hasta validación dinámica.
lib/calendar/sandbox-provider.ts,lib,.ts,5518,179,ee471eae80ec7f61594d8001dae9c5bee9c3d3c2ec3f7586f39b6fd829d6432d,review,VALIDAR_Y_ELIMINAR_CANDIDATO,P1,Media,,Sin entrada ni importaciones runtime detectadas.
lib/calendar/provider.ts,lib,.ts,1879,80,e562acdfef4eae2f150ea4b6017a870b7ae90b1ceaf3ceac035ab61da85b4fac,review,VALIDAR_Y_ELIMINAR_CANDIDATO,P1,Media,,Sin entrada ni importaciones runtime detectadas.
lib/sgie/ocr/provider.ts,lib,.ts,3165,95,84c97f825b498a179a5d550820d735d02c05ff5d74f241acf5629370e9cd7983,review,MANTENER_Y_REVISAR,P3,Media,runtime-reachable,No se confirmó obsolescencia en el análisis estático; conservar hasta validación dinámica.
lib/sgie/ocr/tesseract.ts,lib,.ts,4295,145,a836159fa4eca3eab86a17711e2fc6b6831c5d95c347ae04e940a11e0f03bdf7,review,MANTENER_Y_REVISAR,P3,Media,runtime-reachable,No se confirmó obsolescencia en el análisis estático; conservar hasta validación dinámica.
lib/sgie/ia/score.ts,lib,.ts,7233,180,80f1ac9bee5f25f6a04085a1bd13baedc355aac50dff218bf18c8ab640f3ec90,review,MANTENER_Y_REVISAR,P3,Media,runtime-reachable,No se confirmó obsolescencia en el análisis estático; conservar hasta validación dinámica.
lib/rules/v1/concurso.ts,lib,.ts,4433,104,3033cfc1b7ff04dcca3dd5bfff2195be4673fe526662dbdda8b5902fd0c065de,review,MANTENER_Y_REVISAR,P3,Media,runtime-reachable,No se confirmó obsolescencia en el análisis estático; conservar hasta validación dinámica.
lib/rules/v1/grado-autoria.ts,lib,.ts,706,23,4186e1acdf94ae386f401e7c6bdaab448e65e0e80cb726405a71046cbdbb1507,review,MANTENER_Y_REVISAR,P3,Media,runtime-reachable,No se confirmó obsolescencia en el análisis estático; conservar hasta validación dinámica.
lib/rules/v1/tentativa.ts,lib,.ts,1542,42,f24e32c03216918bfb50e2f5c677abadb74a955ee02d0efc17fc8dc8974eb33f,review,MANTENER_Y_REVISAR,P3,Media,runtime-reachable,No se confirmó obsolescencia en el análisis estático; conservar hasta validación dinámica.
lib/rules/v1/eximentes.ts,lib,.ts,583,21,b498d5ffc4d728df76e6998a434851969c6e35d2a3df104e5de5a147dde115cc,review,MANTENER_Y_REVISAR,P3,Media,runtime-reachable,No se confirmó obsolescencia en el análisis estático; conservar hasta validación dinámica.
lib/rules/v1/circunstancias.ts,lib,.ts,6798,163,515deb3a4a2c4daec66988820e05f40ccbd773304a3c40d84c2dfaa933471564,review,MANTENER_Y_REVISAR,P3,Media,runtime-reachable,No se confirmó obsolescencia en el análisis estático; conservar hasta validación dinámica.
lib/rules/v1/types.ts,lib,.ts,5996,187,0224c2a92cc62ef9b14e4edca9dab06dd3fecda894a37aded0e45df4a57718fe,review,MANTENER_Y_REVISAR,P3,Media,runtime-reachable,No se confirmó obsolescencia en el análisis estático; conservar hasta validación dinámica.
lib/rules/v1/analisis.ts,lib,.ts,2747,74,cd549fdf2548409fd9320d7b8ffe6d131e6021a556194394c01dd864a4e4e16b,review,MANTENER_Y_REVISAR,P3,Media,runtime-reachable,No se confirmó obsolescencia en el análisis estático; conservar hasta validación dinámica.
lib/rules/v1/index.ts,lib,.ts,14033,283,9d6dbb12018f379a6e96ea48d84e48b9050f7cb39708e08cdd2dd905e24664c0,review,MANTENER_Y_REVISAR,P3,Media,runtime-reachable,No se confirmó obsolescencia en el análisis estático; conservar hasta validación dinámica.
lib/rules/v1/pena-base.ts,lib,.ts,4283,104,cb2368be848c442d616d3abc5b1f8ffea8e5bfa4d4d5c1b7b696b9d99883d8bb,review,MANTENER_Y_REVISAR,P3,Media,runtime-reachable,No se confirmó obsolescencia en el análisis estático; conservar hasta validación dinámica.
drizzle/migrations/0021_slim_leo.sql,database,.sql,2783,44,88a022a3615a78800b6f14b0c093fbbb5b6193a0059dc1c8ff08bd9519e90471,review,MANTENER_Y_REVISAR,P3,Media,,No se confirmó obsolescencia en el análisis estático; conservar hasta validación dinámica.
drizzle/migrations/0034_fase2_workflows_outbox_jobs.sql,database,.sql,8902,178,b3e636d0e6ac2b185b61fbea6dfc035d20a5b3d82f1ce1f24016580a2004c7e9,review,MANTENER_Y_REVISAR,P3,Media,,No se confirmó obsolescencia en el análisis estático; conservar hasta validación dinámica.
drizzle/migrations/0046_fase4b3_electronic_signature.sql,database,.sql,8927,161,21994408306c7bccf8d9aadd6ad18f078e5903c4d17cd0cb2f5b50ac66ddec37,review,INCORPORAR_A_MANIFIESTO_DE_MIGRACIONES,P0,Alta,,SQL no registrado en meta/_journal.json.
drizzle/migrations/0039_fase4a_feature_flags.sql,database,.sql,3868,79,582d86f083bc48319e0f3a424201a46eef1333000c3aeb3045c0e9074b83d283,review,INCORPORAR_A_MANIFIESTO_DE_MIGRACIONES,P0,Alta,,SQL no registrado en meta/_journal.json.
drizzle/migrations/0030_security_sessions_2fa.sql,database,.sql,1338,27,111ede53ed4abf4321b1d11f1b84826060778a0b3933f8d779da589c9f0e0259,review,MANTENER_Y_REVISAR,P3,Media,,No se confirmó obsolescencia en el análisis estático; conservar hasta validación dinámica.
drizzle/migrations/0048_fase4b4_external_calendar.sql,database,.sql,8220,146,b4fa097c050fedc6de760bfc1d2f68e824558c9e34dd8df4c6af019e37f35754,review,INCORPORAR_A_MANIFIESTO_DE_MIGRACIONES,P0,Alta,,SQL no registrado en meta/_journal.json.
drizzle/migrations/0013_add_newsletter_subscriptions.sql,database,.sql,496,11,d4acb1d5e2305e6ea8fbc9a80cc77deec4ed9f1dd91f5d0e6a685588314dddf6,review,MANTENER_Y_REVISAR,P3,Media,,No se confirmó obsolescencia en el análisis estático; conservar hasta validación dinámica.
drizzle/migrations/0019_sticky_karen_page.sql,database,.sql,6109,51,96c38efedbe2327876fc49adc84a62a5924fddf6d1716e9d2fad388d023e4a33,review,MANTENER_Y_REVISAR,P3,Media,,No se confirmó obsolescencia en el análisis estático; conservar hasta validación dinámica.
drizzle/migrations/0015_stale_kingpin.sql,database,.sql,1066,11,a8e37596a4042c60685b53d681463c82ea957e5b760dc136b38d798f8fe73fab,review,MANTENER_Y_REVISAR,P3,Media,,No se confirmó obsolescencia en el análisis estático; conservar hasta validación dinámica.
drizzle/migrations/0036_fase2_communications.sql,database,.sql,4421,64,cfb62285ae91d554c379029ec3462dee0a4c0e2caff9f87084f304b93fc8fa1e,review,MANTENER_Y_REVISAR,P3,Media,,No se confirmó obsolescencia en el análisis estático; conservar hasta validación dinámica.
drizzle/migrations/0020_magical_molten_man.sql,database,.sql,676,10,8a77386e0038896cba7fae1ccd5007068dbe2a1b7beff4d33e0f52e5aacbef8f,review,MANTENER_Y_REVISAR,P3,Media,,No se confirmó obsolescencia en el análisis estático; conservar hasta validación dinámica.
drizzle/migrations/0050_fase4b6_knowledge_base.sql,database,.sql,7093,133,0cd0d585c59998e904c5290df6e8b3a69ebf07f754cdbe6135e2402dd0ccf08a,review,INCORPORAR_A_MANIFIESTO_DE_MIGRACIONES,P0,Alta,,SQL no registrado en meta/_journal.json.
drizzle/migrations/0047_fase4b3_reconciliation_locks.sql,database,.sql,683,14,272bdf9f683d481c6f0a7174718656222f3c6e3ed86818d61d030f249f46deca,review,INCORPORAR_A_MANIFIESTO_DE_MIGRACIONES,P0,Alta,,SQL no registrado en meta/_journal.json.
drizzle/migrations/0007_mixed_the_phantom.sql,database,.sql,467,13,afaa19c9aad6002a9f4169c8371cafdc7a358fd129d255c92bc6e340500469c3,review,MANTENER_Y_REVISAR,P3,Media,,No se confirmó obsolescencia en el análisis estático; conservar hasta validación dinámica.
drizzle/migrations/0029_fase5_listo_para_revision.sql,database,.sql,3193,67,a7cdbc3baff14bc8477d727e66ae293ec2de840781284bc59543a64f2c98dc96,review,MANTENER_Y_REVISAR,P3,Media,,No se confirmó obsolescencia en el análisis estático; conservar hasta validación dinámica.
drizzle/migrations/0054_fase5b_document_intelligence.sql,database,.sql,9146,166,df1ebbc3fbdd727989d98748b63c98d16ba3dfbbb20c28b948d2db27435a5d63,review,INCORPORAR_A_MANIFIESTO_DE_MIGRACIONES,P0,Alta,,SQL no registrado en meta/_journal.json.
drizzle/migrations/0037_fase3_experiencia_cliente_portal.sql,database,.sql,6112,117,c57378335512f0d232c0a1377e44fdad1e95c21f6e91929a684062340eba18d5,review,MANTENER_Y_REVISAR,P3,Media,,No se confirmó obsolescencia en el análisis estático; conservar hasta validación dinámica.
drizzle/migrations/0042_fase4a_unique_constraints_and_seeds.sql,database,.sql,5253,84,7d5fbae9ed80946493f9da37d88c406f68b6a86b0373cc79cb0e1d4397f406b2,review,INCORPORAR_A_MANIFIESTO_DE_MIGRACIONES,P0,Alta,,SQL no registrado en meta/_journal.json.
drizzle/migrations/0033_fase1_calendario_version.sql,database,.sql,94,3,bfc7590e4b60c7758d8e410aa15a798a94ded479a72e2b26fad48c0a33eaaf4f,review,MANTENER_Y_REVISAR,P3,Media,,No se confirmó obsolescencia en el análisis estático; conservar hasta validación dinámica.
drizzle/migrations/0038_fase4a_sgie_schema_migrations.sql,database,.sql,768,20,5e42b4683c7c4da2cdee221bbe5a480044544953475690b1448fd9334c188bfa,review,INCORPORAR_A_MANIFIESTO_DE_MIGRACIONES,P0,Alta,,SQL no registrado en meta/_journal.json.
drizzle/migrations/0053_add_events_table.sql,database,.sql,686,15,553cdb306c12cc1f2e0515f5e7de5d7dd0c3900aafe7da5f054bdfc99fb138bc,review,INCORPORAR_A_MANIFIESTO_DE_MIGRACIONES,P0,Alta,,SQL no registrado en meta/_journal.json.
drizzle/migrations/0010_overjoyed_phil_sheldon.sql,database,.sql,87,1,ab6917153455b08eeed7cb4fde4134a712ee19bdd24f2d969d202d51cbb6ed73,review,MANTENER_Y_REVISAR,P3,Media,,No se confirmó obsolescencia en el análisis estático; conservar hasta validación dinámica.
drizzle/migrations/0032_fase1_admin_identidad_calendario.sql,database,.sql,9631,187,2c1f1c2ff20dcffff7c928f1c019302e0a117c94174de1ade8146a5ae57f1333,review,MANTENER_Y_REVISAR,P3,Media,,No se confirmó obsolescencia en el análisis estático; conservar hasta validación dinámica.
drizzle/migrations/0040_fase4a_document_pipeline.sql,database,.sql,10202,183,74c38c8e98d3a279f0dd99e05c677c9d25c99e057ecc47d04ff7eb23ea6cab26,review,INCORPORAR_A_MANIFIESTO_DE_MIGRACIONES,P0,Alta,,SQL no registrado en meta/_journal.json.
drizzle/migrations/0001_sudden_mongu.sql,database,.sql,334,13,05aab38cd71d0a2415ad3f1aa0d145c98bde4de4612ea57face621c7e21eef86,review,MANTENER_Y_REVISAR,P3,Media,,No se confirmó obsolescencia en el análisis estático; conservar hasta validación dinámica.
drizzle/migrations/0052_add_outbox_idempotency.sql,database,.sql,511,11,2bd069ad80d0970fc0678e3d9ff00dc399da2677d51b6760eaf6958e922860b1,review,INCORPORAR_A_MANIFIESTO_DE_MIGRACIONES,P0,Alta,,SQL no registrado en meta/_journal.json.
drizzle/migrations/0024_security_user_defaults.sql,database,.sql,156,4,20ec88b4b62b72f9d10dede851e336ad5062c5400a58a7e1a66613ecbf9f4fd8,review,MANTENER_Y_REVISAR,P3,Media,,No se confirmó obsolescencia en el análisis estático; conservar hasta validación dinámica.
drizzle/migrations/0041_fase4a_summary_nextaction.sql,database,.sql,7901,148,ca460119a1171144aabee9404a02a6ee056bd06252f0bd824193f23b1eece069,review,INCORPORAR_A_MANIFIESTO_DE_MIGRACIONES,P0,Alta,,SQL no registrado en meta/_journal.json.
drizzle/migrations/0049_fase4b5_search_fts.sql,database,.sql,5487,108,67c5c8e139270d8b7d1f13ccbcfffed7bcc369af3d043f9b304908c624b3057c,review,INCORPORAR_A_MANIFIESTO_DE_MIGRACIONES,P0,Alta,,SQL no registrado en meta/_journal.json.
drizzle/migrations/0038_lively_silvermane.sql,database,.sql,489,5,9871cf212fe99287dbfff18413b0c2efd2d53ccc3a1aa75853f6c0d2f3265c9e,review,MANTENER_Y_REVISAR,P3,Media,,No se confirmó obsolescencia en el análisis estático; conservar hasta validación dinámica.
drizzle/migrations/0028_fase4_ia_documental.sql,database,.sql,1983,39,fa206c78c29613c3bef6f0fa138703c4d41be5863de0d55de200c772ac431e26,review,MANTENER_Y_REVISAR,P3,Media,,No se confirmó obsolescencia en el análisis estático; conservar hasta validación dinámica.
drizzle/migrations/0004_fixed_lifeguard.sql,database,.sql,413,10,6204365656375a61591008f32fa8f5c730f869b3048282b0d20fecad7a7e5574,review,MANTENER_Y_REVISAR,P3,Media,,No se confirmó obsolescencia en el análisis estático; conservar hasta validación dinámica.
drizzle/migrations/0003_auditoria_eventos.sql,database,.sql,1225,19,a272fe6b4bd600c8579bb40e892e43229ef72173b7d3e5343c13721223ff3758,review,MANTENER_Y_REVISAR,P3,Media,,No se confirmó obsolescencia en el análisis estático; conservar hasta validación dinámica.
drizzle/migrations/0012_broad_sally_floyd.sql,database,.sql,11060,213,b881b369d10fa73dcf8f5d3f1531c896a31bc2e61af23f4828ed81a88dce0381,review,MANTENER_Y_REVISAR,P3,Media,,No se confirmó obsolescencia en el análisis estático; conservar hasta validación dinámica.
drizzle/migrations/0022_wide_master_chief.sql,database,.sql,1965,27,cdc74955bb8f31fafe25fd257fb4cff6e39b2c0dd4d31a0b18375fbfc820361a,review,MANTENER_Y_REVISAR,P3,Media,,No se confirmó obsolescencia en el análisis estático; conservar hasta validación dinámica.
drizzle/migrations/0023_add_embeddings.sql,database,.sql,1078,22,e249ef177a512e5dfb097ed7174f098eb17718378c31378799fb2ded646b0ba3,review,MANTENER_Y_REVISAR,P3,Media,,No se confirmó obsolescencia en el análisis estático; conservar hasta validación dinámica.
drizzle/migrations/0002_confused_black_crow.sql,database,.sql,1741,38,c131151ebda6fecfbdeb4d1cf3a16c523cdeaecebce06e8230f26304744b31f6,review,MANTENER_Y_REVISAR,P3,Media,,No se confirmó obsolescencia en el análisis estático; conservar hasta validación dinámica.
drizzle/migrations/0008_stale_zzzax.sql,database,.sql,1893,44,49046de8bdd82bf0bff9f4f9a0210c4a8dc4247aaa6809b2d212118b500f0b85,review,MANTENER_Y_REVISAR,P3,Media,,No se confirmó obsolescencia en el análisis estático; conservar hasta validación dinámica.
drizzle/migrations/0017_sgie_base.sql,database,.sql,10769,145,be815a9dfd57ba1e2bbf89a35f9b963e796d0a4673bf8a46e398fd76d4922aa7,review,MANTENER_Y_REVISAR,P3,Media,,No se confirmó obsolescencia en el análisis estático; conservar hasta validación dinámica.
drizzle/migrations/0025_enlaces_token_hash.sql,database,.sql,1767,35,7074fc02b6197fb36d4484ce952c1664bb8b0c59381fff174e8742f3f35b6981,review,MANTENER_Y_REVISAR,P3,Media,,No se confirmó obsolescencia en el análisis estático; conservar hasta validación dinámica.
drizzle/migrations/0027_fase3_extraccion_paginas.sql,database,.sql,2341,46,a2eeb94426d46c8452456ab3d28714fc3401b6bc8a257b30181e6a171f699b6e,review,MANTENER_Y_REVISAR,P3,Media,,No se confirmó obsolescencia en el análisis estático; conservar hasta validación dinámica.
drizzle/migrations/0000_eminent_lucky_pierre.sql,database,.sql,1884,40,0ef03a432890a23356490316e58e86e2dc1ef9c1659e551a72cd336d357ac4e5,review,MANTENER_Y_REVISAR,P3,Media,,No se confirmó obsolescencia en el análisis estático; conservar hasta validación dinámica.
drizzle/migrations/0045_fase4b2_signature_packages.sql,database,.sql,7241,136,c71af5acfe7968c4cf56ff06156dd0cc85d2e39a6df12ecc01147b2a51008d81,review,INCORPORAR_A_MANIFIESTO_DE_MIGRACIONES,P0,Alta,,SQL no registrado en meta/_journal.json.
drizzle/migrations/0011_great_abomination.sql,database,.sql,624,14,251f3b128c12858dcd58751a764fca94009ea6126ab3f7d39e9bf8e059424bcc,review,MANTENER_Y_REVISAR,P3,Media,,No se confirmó obsolescencia en el análisis estático; conservar hasta validación dinámica.
drizzle/migrations/0051_fase5_risk_workload_brief.sql,database,.sql,6341,112,266384c01d24b387883af2412082bcd3f5db910ac4ba0236bff9e9ad8326a03e,review,INCORPORAR_A_MANIFIESTO_DE_MIGRACIONES,P0,Alta,,SQL no registrado en meta/_journal.json.
drizzle/migrations/0014_woozy_alex_wilder.sql,database,.sql,409,4,b49cdec70e5933f3485adda4498b454e74f87280c0a209b34b7c6e2323438dca,review,MANTENER_Y_REVISAR,P3,Media,,No se confirmó obsolescencia en el análisis estático; conservar hasta validación dinámica.
drizzle/migrations/0006_abandoned_gorilla_man.sql,database,.sql,508,9,4f41a8261affae80f136ba2329a5f5e2432cf095ca70fee32116c2ca2fcf112e,review,MANTENER_Y_REVISAR,P3,Media,,No se confirmó obsolescencia en el análisis estático; conservar hasta validación dinámica.
drizzle/migrations/0026_fase2_bloqueo_recordatorios.sql,database,.sql,1121,23,c953417e6294cb4076abc32dd3b1fe09e455ff172d54aedcc0e4621f15c3a0d1,review,MANTENER_Y_REVISAR,P3,Media,,No se confirmó obsolescencia en el análisis estático; conservar hasta validación dinámica.
drizzle/migrations/0035_fase2_documents_ocr_ai.sql,database,.sql,2688,52,6e0262e111131fe270219923b3202259638df001a0bac598dbde1997b5afd5f0,review,MANTENER_Y_REVISAR,P3,Media,,No se confirmó obsolescencia en el análisis estático; conservar hasta validación dinámica.
drizzle/migrations/0031_preview_tokens.sql,database,.sql,1468,33,4c63332fd8194a6ba027df09207422bed4981d66b1998d82f10dbb2b27e9e8fd,review,MANTENER_Y_REVISAR,P3,Media,,No se confirmó obsolescencia en el análisis estático; conservar hasta validación dinámica.
drizzle/migrations/0044_fase4b1_bulk_approval.sql,database,.sql,5757,96,ffadd62b8767667a6aba355369c34b18cd940b38a38ed5f9b0f1fb70cf68e253,review,INCORPORAR_A_MANIFIESTO_DE_MIGRACIONES,P0,Alta,,SQL no registrado en meta/_journal.json.
drizzle/migrations/0005_motionless_northstar.sql,database,.sql,655,7,eedf91b17a48220469a6903c11f233fe1a6d7e01a77672b267620744dc402f6c,review,MANTENER_Y_REVISAR,P3,Media,,No se confirmó obsolescencia en el análisis estático; conservar hasta validación dinámica.
drizzle/migrations/0009_clever_storm.sql,database,.sql,1673,18,77fec7a990862a332e62e9b800c58a515d09b903c218d7c323131647d7c31afe,review,MANTENER_Y_REVISAR,P3,Media,,No se confirmó obsolescencia en el análisis estático; conservar hasta validación dinámica.
drizzle/migrations/0043_fase4a_checkpoint_unique_partial.sql,database,.sql,1147,21,c37b96616e87082b30bfd600139dfb56d866e4d9f41dd21cd86a070815cde9c4,review,INCORPORAR_A_MANIFIESTO_DE_MIGRACIONES,P0,Alta,,SQL no registrado en meta/_journal.json.
drizzle/migrations/0016_fase2_supuesto_penal.sql,database,.sql,7300,97,5596dc37d6fcbe89322d26bfc1b320ccdcefbf8cf3c55ecc390bf8ee8816e96e,review,MANTENER_Y_REVISAR,P3,Media,,No se confirmó obsolescencia en el análisis estático; conservar hasta validación dinámica.
drizzle/migrations/0018_sgie_fases_4_10.sql,database,.sql,21653,321,3109c8568430874fe4657489b6c6b38d0b48ac6279bd85352888f7fc7a77569d,review,MANTENER_Y_REVISAR,P3,Media,,No se confirmó obsolescencia en el análisis estático; conservar hasta validación dinámica.
drizzle/migrations/meta/0038_snapshot.json,database,.json,499104,18490,b74d20e92449a8d4f9a139b1119c43b5ad78f434cef811d2744647cf23923fb8,review,MANTENER_Y_REVISAR,P3,Media,,No se confirmó obsolescencia en el análisis estático; conservar hasta validación dinámica.
drizzle/migrations/meta/0000_snapshot.json,database,.json,7240,279,3e45c19d74a4cb58a56fb089d5a4dbd4f977e9cd0c571714e24950e2bdbb584f,review,MANTENER_Y_REVISAR,P3,Media,,No se confirmó obsolescencia en el análisis estático; conservar hasta validación dinámica.
drizzle/migrations/meta/0010_snapshot.json,database,.json,38096,1486,e3d58e964e97caf181adb6c1fa1b251e03bd6cf1cc6e653e3beddf205e9b79f3,review,MANTENER_Y_REVISAR,P3,Media,,No se confirmó obsolescencia en el análisis estático; conservar hasta validación dinámica.
drizzle/migrations/meta/0003_snapshot.json,database,.json,19395,761,b47b4e2bbeb7c85928701d0c884b641a71497605e261e39c18c39256aa7f68c2,review,MANTENER_Y_REVISAR,P3,Media,,No se confirmó obsolescencia en el análisis estático; conservar hasta validación dinámica.
drizzle/migrations/meta/0016_snapshot.json,database,.json,92214,3552,7b6d3d8708c9a34a3d20184f610cd1af772a0d3b0fe8f71824f095393179e355,review,MANTENER_Y_REVISAR,P3,Media,,No se confirmó obsolescencia en el análisis estático; conservar hasta validación dinámica.
drizzle/migrations/meta/0022_snapshot.json,database,.json,208600,7863,1b5bdc3ad97e8ad67500d1535232c8dc32d6c38648ea27dc14bc30d431063608,review,MANTENER_Y_REVISAR,P3,Media,,No se confirmó obsolescencia en el análisis estático; conservar hasta validación dinámica.
drizzle/migrations/meta/0013_snapshot.json,database,.json,75976,2968,d18e8d9d632f0b10842b4f47a4a80dc38bdc90d4fa6096d41f7627d848e764e6,review,MANTENER_Y_REVISAR,P3,Media,,No se confirmó obsolescencia en el análisis estático; conservar hasta validación dinámica.
drizzle/migrations/meta/0021_snapshot.json,database,.json,203081,7661,6af08e656cc74fe8b51ad8ad697c3ef2c0322e3ebd44d3a86535ff783e5c4bb2,review,MANTENER_Y_REVISAR,P3,Media,,No se confirmó obsolescencia en el análisis estático; conservar hasta validación dinámica.
drizzle/migrations/meta/0015_snapshot.json,database,.json,79066,3070,63527ee385908bc3ba60e8aa740fbda26f239f20413e3c466d43fad49e9cd3e5,review,MANTENER_Y_REVISAR,P3,Media,,No se confirmó obsolescencia en el análisis estático; conservar hasta validación dinámica.
drizzle/migrations/meta/0002_snapshot.json,database,.json,15236,598,8b542a794071680c46d3e0ba926179fea9d62cfb3e490fc3bb8fb53235624ada,review,MANTENER_Y_REVISAR,P3,Media,,No se confirmó obsolescencia en el análisis estático; conservar hasta validación dinámica.
drizzle/migrations/meta/0017_snapshot.json,database,.json,124400,4743,c2f0959b4b565c76e8521a0d77395a6952b7fd390604ba85bc2dadad2726e4b1,review,MANTENER_Y_REVISAR,P3,Media,,No se confirmó obsolescencia en el análisis estático; conservar hasta validación dinámica.
drizzle/migrations/meta/0011_snapshot.json,database,.json,41069,1601,3ef00bea81d4d66ab1d46c1087509faa4fb95cec71da321eef0336d84e9d7a2c,review,MANTENER_Y_REVISAR,P3,Media,,No se confirmó obsolescencia en el análisis estático; conservar hasta validación dinámica.
drizzle/migrations/meta/0007_snapshot.json,database,.json,27698,1085,23ef20363593d5393e58ebac0f96e33f0278a5a80aae8be82faa4a21c6194878,review,MANTENER_Y_REVISAR,P3,Media,,No se confirmó obsolescencia en el análisis estático; conservar hasta validación dinámica.
drizzle/migrations/meta/0004_snapshot.json,database,.json,21138,830,337d75338602730fbd51469ccec5e4ec1afc9158ff22fd0505202127e0f7fa6c,review,MANTENER_Y_REVISAR,P3,Media,,No se confirmó obsolescencia en el análisis estático; conservar hasta validación dinámica.
drizzle/migrations/meta/0023_snapshot.json,database,.json,211032,7957,70c40bc76e421b120842ac4f9e3c23e3658e72b16838a49b0f7c02d8e7b791e6,review,MANTENER_Y_REVISAR,P3,Media,,No se confirmó obsolescencia en el análisis estático; conservar hasta validación dinámica.
drizzle/migrations/meta/0018_snapshot.json,database,.json,192131,7255,5ae833e2b1f9224f0efe3bad740f7a71171657defa68e6689a97f0715e779cb0,review,MANTENER_Y_REVISAR,P3,Media,,No se confirmó obsolescencia en el análisis estático; conservar hasta validación dinámica.
drizzle/migrations/meta/0020_snapshot.json,database,.json,194219,7333,353e2253aa9653e7f7de5c0d9a16692d334a509e74e85555bfe06e137a7f392d,review,MANTENER_Y_REVISAR,P3,Media,,No se confirmó obsolescencia en el análisis estático; conservar hasta validación dinámica.
drizzle/migrations/meta/0019_snapshot.json,database,.json,192097,7255,08949dc3ccaa428c0bdd233de5beb7db7141413cf477bad19e8f0216269504d1,review,MANTENER_Y_REVISAR,P3,Media,,No se confirmó obsolescencia en el análisis estático; conservar hasta validación dinámica.
drizzle/migrations/meta/0005_snapshot.json,database,.json,23913,938,6a41436412e191a4e1311e22daa5e52c7d4e0b48aefaecdf53e5a09ddee38d3d,review,MANTENER_Y_REVISAR,P3,Media,,No se confirmó obsolescencia en el análisis estático; conservar hasta validación dinámica.
drizzle/migrations/meta/0009_snapshot.json,database,.json,38070,1485,b9e29afa7a06b7a433b8efcac3c74e57446b5d30d14e3df1bbd30c907c3ceb9d,review,MANTENER_Y_REVISAR,P3,Media,,No se confirmó obsolescencia en el análisis estático; conservar hasta validación dinámica.
drizzle/migrations/meta/_journal.json,database,.json,5828,280,3488260b9882efb884f33643ddc01075b8c22052bcac88034c8b4cea8901090a,review,MANTENER_Y_REVISAR,P3,Media,,No se confirmó obsolescencia en el análisis estático; conservar hasta validación dinámica.
drizzle/migrations/meta/0014_snapshot.json,database,.json,76915,3002,0990a5eff1112a346157c61cd9cb53e02009d60292d53012e543b37bb850f66c,review,MANTENER_Y_REVISAR,P3,Media,,No se confirmó obsolescencia en el análisis estático; conservar hasta validación dinámica.
drizzle/migrations/meta/0008_snapshot.json,database,.json,35772,1398,fa4e5a59defae5fcdd8b76bf29e421040c099b125d3b40ae6ed90b4f30a2c6b0,review,MANTENER_Y_REVISAR,P3,Media,,No se confirmó obsolescencia en el análisis estático; conservar hasta validación dinámica.
drizzle/migrations/meta/0006_snapshot.json,database,.json,25533,1000,ed1d12109db1be75d6af97bf17923a30d7e0da9ad57cb337b9e2705a6f51aea9,review,MANTENER_Y_REVISAR,P3,Media,,No se confirmó obsolescencia en el análisis estático; conservar hasta validación dinámica.
drizzle/migrations/meta/0012_snapshot.json,database,.json,73968,2892,fc8018c060dfa8cb1029fa26f5ceba836525635477f8dd809db9bf53e4c492ce,review,MANTENER_Y_REVISAR,P3,Media,,No se confirmó obsolescencia en el análisis estático; conservar hasta validación dinámica.
drizzle/migrations/meta/0001_snapshot.json,database,.json,9086,354,f998d740f957f01eacaedf8326a17fad9200cee9f3bde96a2c062e993ed16318,review,MANTENER_Y_REVISAR,P3,Media,,No se confirmó obsolescencia en el análisis estático; conservar hasta validación dinámica.
.github/workflows/lighthouse.yml,ci,.yml,2555,85,6fea39bb741a83ccc7589c302824690a24a2d65df9c5a3f52b7413acee7c2e0a,review,MANTENER_Y_REVISAR,P3,Media,,No se confirmó obsolescencia en el análisis estático; conservar hasta validación dinámica.
.github/workflows/ci.yml,ci,.yml,2995,89,80fb646e106123ef1225c7e0ace4bfbb5e185f9447bf5fbe2f0ad1b736a84d9a,review,MANTENER_Y_REVISAR,P3,Media,,No se confirmó obsolescencia en el análisis estático; conservar hasta validación dinámica.
tests/components/circunstancia-picker.test.tsx,tests,.tsx,4521,123,4d974f3686cb2835d86d3c2c418c815adfb1018a4d9dca6c78705d751d967772,review,MANTENER_Y_REVISAR,P3,Media,,No se confirmó obsolescencia en el análisis estático; conservar hasta validación dinámica.
tests/components/button.test.tsx,tests,.tsx,2175,62,45d8703819ffa1e0844b8ca9a070e87d02fa995428e07d14f7fe635954292d9c,review,MANTENER_Y_REVISAR,P3,Media,,No se confirmó obsolescencia en el análisis estático; conservar hasta validación dinámica.
tests/components/chip.test.tsx,tests,.tsx,1465,42,61b4d4f5e3546261b6896f7eace7f19ab3ba9ca0b014eefbc69ccce11f2607d9,review,MANTENER_Y_REVISAR,P3,Media,,No se confirmó obsolescencia en el análisis estático; conservar hasta validación dinámica.
tests/components/badge.test.tsx,tests,.tsx,1602,47,ee5ee29f5c935a4a32e6b7e5415f7cca42ecb7005649d9bbf3a72f2b3067e4fc,review,MANTENER_Y_REVISAR,P3,Media,,No se confirmó obsolescencia en el análisis estático; conservar hasta validación dinámica.
tests/api/calcular.test.ts,tests,.ts,4371,138,22f152a54c33081774d83922a33a4601105ff77823fd9fcf90a9fedfad3c9337,review,MANTENER_Y_REVISAR,P3,Media,,No se confirmó obsolescencia en el análisis estático; conservar hasta validación dinámica.
tests/api/email-inbound-catchall.test.ts,tests,.ts,8192,232,88478dad24d9a53f9d4d6e17afa6199bcd401d014a6077884e0acb869df352bc,review,MANTENER_Y_REVISAR,P3,Media,,No se confirmó obsolescencia en el análisis estático; conservar hasta validación dinámica.
tests/api/revalidate.test.ts,tests,.ts,7104,193,189fd6d05570d365448242753fdce26819fd1bbdbc6e042542f785822872bb44,review,MANTENER_Y_REVISAR,P3,Media,,No se confirmó obsolescencia en el análisis estático; conservar hasta validación dinámica.
tests/api/contacto.test.ts,tests,.ts,3824,115,76d7529a661094ee64b00bd74c4d4a9655e337d04852c0faa6e727c90f71b1cb,review,MANTENER_Y_REVISAR,P3,Media,,No se confirmó obsolescencia en el análisis estático; conservar hasta validación dinámica.
tests/api/bulk-approval.test.ts,tests,.ts,10649,194,27fa445ba788cc87206862cc7bc921fe5ba05191bc80a06201ed59517ec7ad14,review,MANTENER_Y_REVISAR,P3,Media,,No se confirmó obsolescencia en el análisis estático; conservar hasta validación dinámica.
tests/e2e/critical-descargar.spec.ts,tests,.ts,2056,57,1a0f821ae4ba80b2ac6e40c3bd7eddf169eeddf31cdd09131b029b970d3f43d2,review,MANTENER_Y_REVISAR,P3,Media,,No se confirmó obsolescencia en el análisis estático; conservar hasta validación dinámica.
tests/e2e/critical-security.spec.ts,tests,.ts,1832,55,8c4e9147dcc450b17bbeee45bbc624d805dbafd84df6bdf75251679c03ee793f,review,MANTENER_Y_REVISAR,P3,Media,,No se confirmó obsolescencia en el análisis estático; conservar hasta validación dinámica.
tests/e2e/critical-auth.spec.ts,tests,.ts,8029,196,254c305b7acd7ca1e60d964f60eaa07d1ba8f51243e47b7ae2d81259d43fd116,review,MANTENER_Y_REVISAR,P3,Media,,No se confirmó obsolescencia en el análisis estático; conservar hasta validación dinámica.
tests/e2e/navigation.spec.ts,tests,.ts,2189,68,cdb15240cf54ab8b9428bf7eec4843894653820f8b2ca4fbfa267c0eae048abf,review,MANTENER_Y_REVISAR,P3,Media,,No se confirmó obsolescencia en el análisis estático; conservar hasta validación dinámica.
tests/e2e/critical-authorization.spec.ts,tests,.ts,4331,107,774da7b8e7c6ab56cffb724e272b4b0aa9046a74f7a624e5de5b7908d805d9fd,review,MANTENER_Y_REVISAR,P3,Media,,No se confirmó obsolescencia en el análisis estático; conservar hasta validación dinámica.
.zcode/plans/plan-sess_06a1d921-7917-4285-afa3-56626fa00cd6.md,agent-local,.md,10291,96,03ebed040dab34330ad845481abf124dc1ab411f490c78c567b5f54482f80f3b,local-ignore,ELIMINAR_DEL_REPOSITORIO_MANTENER_LOCAL,P1,Alta,,Configuración local del agente; ya debería estar ignorada.
.zcode/plans/plan-sess_7123e009-67a0-4478-9027-e4d925ad1d38.md,agent-local,.md,3481,46,8ec427aa20768570a1d83c83381965d38e76104ee9a76d8f8e860f3f6eb4f5a4,local-ignore,ELIMINAR_DEL_REPOSITORIO_MANTENER_LOCAL,P1,Alta,,Configuración local del agente; ya debería estar ignorada.
scripts/archive/process_native.py,scripts-archive,.py,5104,134,8ae3f1f985769d6e6763aa02c5088dc632ffd44a2445609c7992576cfb1e2750,archive-confirmed,CONSERVAR_EN_ARCHIVO_HISTORICO_CON_MANIFIESTO,P3,Alta,,"Ya está archivado, pero requiere índice/fecha/estado."
scripts/archive/get_body.ts,scripts-archive,.ts,320,10,a8d2474393561384b61f1b860c96a58cec76ed04bb8e151410d978a5b818fabd,archive-confirmed,CONSERVAR_EN_ARCHIVO_HISTORICO_CON_MANIFIESTO,P3,Alta,,"Ya está archivado, pero requiere índice/fecha/estado."
scripts/archive/fetch-article.ts,scripts-archive,.ts,958,32,aec5d097e1f52815abdfac1242f2fcbd626da7a6624314b19cf46da777d5bdc8,archive-confirmed,CONSERVAR_EN_ARCHIVO_HISTORICO_CON_MANIFIESTO,P3,Alta,,"Ya está archivado, pero requiere índice/fecha/estado."
scripts/archive/_manual_update.ts,scripts-archive,.ts,6903,104,4149e4bb0bbf7e9d4cfffd922696743d638d21dc82010d0584408bd1a76ed7ac,archive-confirmed,CONSERVAR_EN_ARCHIVO_HISTORICO_CON_MANIFIESTO,P3,Alta,,"Ya está archivado, pero requiere índice/fecha/estado."
scripts/archive/fetch-next.ts,scripts-archive,.ts,657,20,acfc095126f1515d1be89f15c5460eb51e6a9d87482d6e9bf522b8028a46fe2c,archive-confirmed,CONSERVAR_EN_ARCHIVO_HISTORICO_CON_MANIFIESTO,P3,Alta,,"Ya está archivado, pero requiere índice/fecha/estado."
scripts/archive/fetch-lote1.ts,scripts-archive,.ts,989,30,9e0767d9d3f7d16a2cae1ca94d6115d64b3c2f11916226f49d7555c14894673e,archive-confirmed,CONSERVAR_EN_ARCHIVO_HISTORICO_CON_MANIFIESTO,P3,Alta,,"Ya está archivado, pero requiere índice/fecha/estado."
scripts/archive/get-article.ts,scripts-archive,.ts,760,29,99b9520167cd815ed9a9d5320910df41d85209226c27e1e4ceefaad2d3aa2da8,archive-confirmed,CONSERVAR_EN_ARCHIVO_HISTORICO_CON_MANIFIESTO,P3,Alta,,"Ya está archivado, pero requiere índice/fecha/estado."
scripts/archive/agent-loop.ts,scripts-archive,.ts,6507,180,2c60256a94136d6b36549aa19c2ec4b5973c1a7ed7e4d561f99a5b06d531f51c,archive-confirmed,CONSERVAR_EN_ARCHIVO_HISTORICO_CON_MANIFIESTO,P3,Alta,,"Ya está archivado, pero requiere índice/fecha/estado."
scripts/archive/update-block.ts,scripts-archive,.ts,6611,183,c243fd1bad7a9dddbfaca9feedfa2ced596b42cc43a924af1e693d0455353a16,archive-confirmed,CONSERVAR_EN_ARCHIVO_HISTORICO_CON_MANIFIESTO,P3,Alta,,"Ya está archivado, pero requiere índice/fecha/estado."
scripts/archive/fetch-batch-temp.ts,scripts-archive,.ts,759,30,ec488f72c7893e30c13ddba6beb60b604d3919a63596c5354f925b837109aa5c,archive-confirmed,CONSERVAR_EN_ARCHIVO_HISTORICO_CON_MANIFIESTO,P3,Alta,,"Ya está archivado, pero requiere índice/fecha/estado."
scripts/archive/native-update.ts,scripts-archive,.ts,2318,53,868bb2ce623332d049afb4299934828a019cfcbecd1e32a898f05da08dac39d6,archive-confirmed,CONSERVAR_EN_ARCHIVO_HISTORICO_CON_MANIFIESTO,P3,Alta,,"Ya está archivado, pero requiere índice/fecha/estado."
scripts/archive/submit-blog-urls.ts,scripts-archive,.ts,3164,91,cd8c4b78136cfa47d01ddebbaf7f45e25bc41ad1158539ee52bce29bfdd2b25a,archive-confirmed,CONSERVAR_EN_ARCHIVO_HISTORICO_CON_MANIFIESTO,P3,Alta,,"Ya está archivado, pero requiere índice/fecha/estado."
scripts/archive/README.md,scripts-archive,.md,706,11,565cfa7ea6510c638caa065c1a91ff839872d64186fa6709cec1614e6f9f4ec3,archive-confirmed,CONSERVAR_EN_ARCHIVO_HISTORICO_CON_MANIFIESTO,P3,Alta,,"Ya está archivado, pero requiere índice/fecha/estado."
scripts/archive/update-next.ts,scripts-archive,.ts,6489,69,98d95bcf52ce51d2ef1a2d55baf6e2c08c1467b5078cda3d25e864872aab0f17,archive-confirmed,CONSERVAR_EN_ARCHIVO_HISTORICO_CON_MANIFIESTO,P3,Alta,,"Ya está archivado, pero requiere índice/fecha/estado."
scripts/archive/update-article-1.ts,scripts-archive,.ts,12782,150,3a9895e2ae942804111e0dd70cb4fec7a1a69e0e2d70ef9e56a042ec6979c052,archive-confirmed,CONSERVAR_EN_ARCHIVO_HISTORICO_CON_MANIFIESTO,P3,Alta,,"Ya está archivado, pero requiere índice/fecha/estado."
scripts/archive/re-audit-loop.ts,scripts-archive,.ts,3728,106,9703969f47f279741678871e2ac55bb9be24033be0b66aa692831b3a381a892e,archive-confirmed,CONSERVAR_EN_ARCHIVO_HISTORICO_CON_MANIFIESTO,P3,Alta,,"Ya está archivado, pero requiere índice/fecha/estado."
scripts/archive/_f17_check_words.mjs,scripts-archive,.mjs,3207,52,36a38172c1be4b52a3ad8ab83d2ddc0f9fb981d634506c6eed129a42bf67b7c6,archive-confirmed,CONSERVAR_EN_ARCHIVO_HISTORICO_CON_MANIFIESTO,P3,Alta,,"Ya está archivado, pero requiere índice/fecha/estado."
scripts/archive/get-article-agy.ts,scripts-archive,.ts,557,25,f38bd7e98a3a855536a1ad9f0208f1b4216cdb89fa2a8037d12de24acc2a3af4,archive-confirmed,CONSERVAR_EN_ARCHIVO_HISTORICO_CON_MANIFIESTO,P3,Alta,,"Ya está archivado, pero requiere índice/fecha/estado."
scripts/archive/run-blog-lotes.sh,scripts-archive,.sh,2736,71,e4fd7d857233fafb79b6c5d3eff43d982f2750e3816fbe94e136ede2da30814b,archive-confirmed,CONSERVAR_EN_ARCHIVO_HISTORICO_CON_MANIFIESTO,P3,Alta,,"Ya está archivado, pero requiere índice/fecha/estado."
scripts/archive/fetch-pending.ts,scripts-archive,.ts,897,26,e4f0d5594865c0a943a32cd3ad7ddac3bda9e031f61a3e7e24d0f5c4cdad20f1,archive-confirmed,CONSERVAR_EN_ARCHIVO_HISTORICO_CON_MANIFIESTO,P3,Alta,,"Ya está archivado, pero requiere índice/fecha/estado."
scripts/archive/_edit-post.cjs,scripts-archive,.cjs,4486,115,a138130200ed31d2d9c05267b57be6d851d460d88bd74c3743661027476be68b,archive-confirmed,CONSERVAR_EN_ARCHIVO_HISTORICO_CON_MANIFIESTO,P3,Alta,,"Ya está archivado, pero requiere índice/fecha/estado."
scripts/archive/recover-full.ts,scripts-archive,.ts,1771,51,b9f1eaa687693fe92c44d780f7e17862d596cd47cdbff32a1f12ec3162dfcb41,archive-confirmed,CONSERVAR_EN_ARCHIVO_HISTORICO_CON_MANIFIESTO,P3,Alta,,"Ya está archivado, pero requiere índice/fecha/estado."
scripts/archive/recover-audit.ts,scripts-archive,.ts,2232,63,9235585258c0dc78d834d1e3768d07eb2e7be43096584a4e93c6e00932085df5,archive-confirmed,CONSERVAR_EN_ARCHIVO_HISTORICO_CON_MANIFIESTO,P3,Alta,,"Ya está archivado, pero requiere índice/fecha/estado."
scripts/archive/run-blog-lotes.cmd,scripts-archive,.cmd,3476,88,7e5db4c6706443e2ac12d7490bb1069c260fecdc2217601f44762a3bd2c5c135,archive-confirmed,CONSERVAR_EN_ARCHIVO_HISTORICO_CON_MANIFIESTO,P3,Alta,,"Ya está archivado, pero requiere índice/fecha/estado."
scripts/archive/recover-clean.ts,scripts-archive,.ts,2221,67,9aaee512f0920295cb31e868f0c0a35afaba68bcc97fea301166e28ef7537fd4,archive-confirmed,CONSERVAR_EN_ARCHIVO_HISTORICO_CON_MANIFIESTO,P3,Alta,,"Ya está archivado, pero requiere índice/fecha/estado."
scripts/security/validate-staging-security.ps1,scripts,.ps1,6739,216,306e30d53af02d10863ee39656017ef840dc0f4b5ec76f6e78a3ded1d7df887a,review,MANTENER_Y_REVISAR,P3,Media,,No se confirmó obsolescencia en el análisis estático; conservar hasta validación dinámica.
scripts/analytics/funnel-report.mjs,scripts,.mjs,5278,135,e3391064385b1087142d02b0052152e0ef9c95ba5c4aaef6675a84dbb4da00aa,review,VALIDAR_ARCHIVAR_O_ELIMINAR_SCRIPT,P1,Media,,"No aparece en package.json, CI, docs ni otros scripts."
scripts/analytics/export-utils.mjs,scripts,.mjs,2944,76,1511b116b4ed6361355cfd9359cb05c585f3428b031d95de0bb1a47af40a50fe,review,MANTENER_Y_REVISAR,P3,Media,,No se confirmó obsolescencia en el análisis estático; conservar hasta validación dinámica.
scripts/e2e/fase5c-daily-brief-e2e.mjs,scripts,.mjs,10531,169,f88f49330b7067f35e12853ce22500a9c60dbfe2928a1a6c556f152b8b1b8dc3,review,VALIDAR_ARCHIVAR_O_ELIMINAR_SCRIPT,P1,Media,,"No aparece en package.json, CI, docs ni otros scripts."
scripts/e2e/verify-transaction-rollback.mjs,scripts,.mjs,920,24,72d9b64d21d8dccb5c13a2eab9565d35203588e776240522901c7dbd0b069fa6,review,MANTENER_Y_REVISAR,P3,Media,,No se confirmó obsolescencia en el análisis estático; conservar hasta validación dinámica.
scripts/e2e/fase5b-document-intelligence-e2e.mjs,scripts,.mjs,21126,305,64b2aaf3a3dc60fa676709136429ea94d8fb3c5bfacb4cec26abde6216b293cc,review,VALIDAR_ARCHIVAR_O_ELIMINAR_SCRIPT,P1,Media,,"No aparece en package.json, CI, docs ni otros scripts."
scripts/e2e/fase2-e2e.mjs,scripts,.mjs,8835,174,f21943088c7e2cc202552ed0587b251a3266ad41f2da002d9d8720c50ea02362,review,MANTENER_Y_REVISAR,P3,Media,,No se confirmó obsolescencia en el análisis estático; conservar hasta validación dinámica.
scripts/e2e/setup.mjs,scripts,.mjs,3288,99,794e86cbebb858f4c34217f9336598a3343643041e7a4aaf3337d94416961d3d,review,MANTENER_Y_REVISAR,P3,Media,,No se confirmó obsolescencia en el análisis estático; conservar hasta validación dinámica.
scripts/e2e/fase4b6-knowledge-e2e.mjs,scripts,.mjs,10360,159,69db79f8fcd9328e0172fdf4a97b7e9028a772e199ec10d60c14bc30db8b6307,review,VALIDAR_ARCHIVAR_O_ELIMINAR_SCRIPT,P1,Media,,"No aparece en package.json, CI, docs ni otros scripts."
scripts/e2e/fase4b3-e2e.mjs,scripts,.mjs,31004,341,d6be303a122d81c14d51e4ecad8c4bdad61f96cd3edcf1ed516148530cf4e26b,review,VALIDAR_ARCHIVAR_O_ELIMINAR_SCRIPT,P1,Media,,"No aparece en package.json, CI, docs ni otros scripts."
scripts/e2e/fase3-e2e.mjs,scripts,.mjs,70153,1689,23115d63c43f4a470f38f2da5aea662d9b06fd74727ea852b3a0101fdfeebd55,review,MANTENER_Y_PLANIFICAR_REFACTORIZACION,P2,Alta,large_file:1689_lines,Supera el presupuesto recomendado de tamaño; candidato a modularización.
scripts/e2e/fase4b5-e2e.mjs,scripts,.mjs,10722,143,3d9868d692c7e6c53535224a89ea94755b776884c8851f96132545f8f9acbb94,review,VALIDAR_ARCHIVAR_O_ELIMINAR_SCRIPT,P1,Media,,"No aparece en package.json, CI, docs ni otros scripts."
scripts/e2e/dropbox-sign-completion-e2e.mjs,scripts,.mjs,3706,86,3ccc241833536f9d3d67742954c529d46f9e046db293a07717b011dfb43c56fd,review,VALIDAR_ARCHIVAR_O_ELIMINAR_SCRIPT,P1,Media,,"No aparece en package.json, CI, docs ni otros scripts."
scripts/e2e/fase5a-risk-workload-e2e.mjs,scripts,.mjs,26138,363,11e91059f9e711a94fcc38e1a4a70e9f8d481dba84ca644cc30b6dbd6d61eccb,review,VALIDAR_ARCHIVAR_O_ELIMINAR_SCRIPT,P1,Media,,"No aparece en package.json, CI, docs ni otros scripts."
scripts/e2e/guard.mjs,scripts,.mjs,4378,121,7e79076f4e38e46b38b1ee641e5ee7668e355473409dc5a2b51f3af0c7ce58a1,review,MANTENER_Y_REVISAR,P3,Media,,No se confirmó obsolescencia en el análisis estático; conservar hasta validación dinámica.
scripts/e2e/fase4b1-e2e.mjs,scripts,.mjs,37300,402,41f0fb0ffa06fc85c3de1e606bdb9cd2e42306740de19b795d4020ecb2d8e43f,review,MANTENER_Y_REVISAR,P3,Media,,No se confirmó obsolescencia en el análisis estático; conservar hasta validación dinámica.
scripts/e2e/seed.mjs,scripts,.mjs,9910,214,7dd799041a2595a18b8f45510c7c33eb29c1bf5c639d0e3d2c7013eaf8283a0e,review,MANTENER_Y_REVISAR,P3,Media,,No se confirmó obsolescencia en el análisis estático; conservar hasta validación dinámica.
scripts/e2e/run-fase3-isolated.mjs,scripts,.mjs,4701,92,1263a28cb51c5b886784fc257b267ffb2126b11b5d381b020fd7709bbb630786,review,MANTENER_Y_REVISAR,P3,Media,,No se confirmó obsolescencia en el análisis estático; conservar hasta validación dinámica.
scripts/e2e/guard-fase3.mjs,scripts,.mjs,4264,121,ce3f70a078b22e9b0d227d53d19d220e3fc6e0ab356a13d6e1ceddc8db130880,review,MANTENER_Y_REVISAR,P3,Media,,No se confirmó obsolescencia en el análisis estático; conservar hasta validación dinámica.
scripts/e2e/fase4b2-e2e.mjs,scripts,.mjs,25288,336,a5b6a78d41b634d6f7c2ebabe8d52c557e7a4a44086f0c20d4ae2b63767d642b,review,VALIDAR_ARCHIVAR_O_ELIMINAR_SCRIPT,P1,Media,,"No aparece en package.json, CI, docs ni otros scripts."
scripts/e2e/verify-neon-branch.mjs,scripts,.mjs,2337,65,f41a66573cc302039c759ff5c3235045a7b2b8e249f4202b5a7c5f74482fa8be,review,MANTENER_Y_REVISAR,P3,Media,,No se confirmó obsolescencia en el análisis estático; conservar hasta validación dinámica.
scripts/e2e/apply-phase1-migration.mjs,scripts,.mjs,4199,119,331e70fc255eb9f2289fb8ba2e0cc3bdafbe51262c1d1db981875f3912e892e3,review,MANTENER_Y_REVISAR,P3,Media,,No se confirmó obsolescencia en el análisis estático; conservar hasta validación dinámica.
scripts/e2e/run.mjs,scripts,.mjs,2292,85,dad1cd66cee0defdaab2f997662ba7a892920b95f9b3c8dabc20b1c6cf2e3617,review,MANTENER_Y_REVISAR,P3,Media,,No se confirmó obsolescencia en el análisis estático; conservar hasta validación dinámica.
scripts/e2e/cleanup.mjs,scripts,.mjs,2466,66,c012428ffb72b80a9feba631f213e202d3f547fab18451445d36b8f9b5dcc6be,review,MANTENER_Y_REVISAR,P3,Media,,No se confirmó obsolescencia en el análisis estático; conservar hasta validación dinámica.
scripts/e2e/fase5d-autonomy-portal-e2e.mjs,scripts,.mjs,11835,185,87bf27653c1ab757894af5bf51338e1612875439bee91688be57f999d80c33d7,review,VALIDAR_ARCHIVAR_O_ELIMINAR_SCRIPT,P1,Media,,"No aparece en package.json, CI, docs ni otros scripts."
scripts/e2e/dropbox-sign-provider-e2e.mjs,scripts,.mjs,8947,157,ec58fc8a089c50aedcaf89f22b6b4f5ca5b328c1f5f8276292430672a1a792fd,review,VALIDAR_ARCHIVAR_O_ELIMINAR_SCRIPT,P1,Media,,"No aparece en package.json, CI, docs ni otros scripts."
scripts/e2e/apply-fase4-migrations.mjs,scripts,.mjs,6857,173,8a22cf20580c150515b5f06ae2dcccaf17693cf105c9887d2b7d955839f515b0,review,MANTENER_Y_REVISAR,P3,Media,,No se confirmó obsolescencia en el análisis estático; conservar hasta validación dinámica.
scripts/e2e/fase1-integration.ts,scripts,.ts,13084,306,36e8854593f8c3dc06e67dc77f97c3969916cd437d600327d02d852df083d6b6,review,MANTENER_Y_REVISAR,P3,Media,,No se confirmó obsolescencia en el análisis estático; conservar hasta validación dinámica.
scripts/e2e/fase4b4-e2e.mjs,scripts,.mjs,19062,299,1624a61b380809c59eb1686fc61ca37012885b3517cb4a48926ba19c4890f693,review,VALIDAR_ARCHIVAR_O_ELIMINAR_SCRIPT,P1,Media,,"No aparece en package.json, CI, docs ni otros scripts."
scripts/e2e/fase4a-e2e.mjs,scripts,.mjs,27611,422,a22050192636fc3ecc63126fea652db65ca415768f06631806717cdea7dcca0b,review,MANTENER_Y_REVISAR,P3,Media,,No se confirmó obsolescencia en el análisis estático; conservar hasta validación dinámica.
scripts/e2e/inspect-phase1-db.mjs,scripts,.mjs,3531,87,3e01fae06ea9698729cc8978f7985509fe015546b6e6a65c044c910fab7d9c9c,review,MANTENER_Y_REVISAR,P3,Media,,No se confirmó obsolescencia en el análisis estático; conservar hasta validación dinámica.
scripts/e2e/fase4b7-copilot-e2e.mjs,scripts,.mjs,5555,93,b358073325a42e26d3353a77e2a7b4e66460d48573927e7221d783dd9afae12e,review,VALIDAR_ARCHIVAR_O_ELIMINAR_SCRIPT,P1,Media,,"No aparece en package.json, CI, docs ni otros scripts."
auditoria_seo/recrawl_bing/indexnow-submission-log.md,audit-output,.md,266,8,ecd1893246eea0ebba04f4e9dd4d37d6aa8cd42d7ee5e600594c8835695d203e,historical-audit-review,ARCHIVAR_FUERA_DE_RAIZ_O_RETENER_RESUMEN,P2,Alta,,Salida puntual de auditoría/exportación; no es runtime.
auditoria_seo/recrawl_bing/urls-para-recrawl.csv,audit-output,.csv,41617,,cfcce89ddf2787cdf1d7dce9b801aa225e5741388c25ac48d89ac3c287264907,historical-audit-review,ARCHIVAR_FUERA_DE_RAIZ_O_RETENER_RESUMEN,P2,Alta,,Salida puntual de auditoría/exportación; no es runtime.
auditoria_seo/recrawl_bing/checklist-post-recrawl.md,audit-output,.md,2191,33,5bf8e0f78d0dd906b930d11adc36ecc2b8887a07a3f467a333527dda67a31473,historical-audit-review,ARCHIVAR_FUERA_DE_RAIZ_O_RETENER_RESUMEN,P2,Alta,,Salida puntual de auditoría/exportación; no es runtime.
auditoria_seo/recrawl_bing/urls-enviadas-indexnow.csv,audit-output,.csv,10861,,aa1cdc68d65140e6c4e42c098d165fc369ebf71acab5c15670270483a648ee5f,historical-audit-review,ARCHIVAR_FUERA_DE_RAIZ_O_RETENER_RESUMEN,P2,Alta,duplicado_exact:DUP-38,Salida puntual de auditoría/exportación; no es runtime. Contenido byte-idéntico a otro archivo; elegir una copia canónica.
auditoria_seo/recrawl_bing/urls-enviadas-indexnow-dryrun.csv,audit-output,.csv,10861,,aa1cdc68d65140e6c4e42c098d165fc369ebf71acab5c15670270483a648ee5f,historical-audit-review,ARCHIVAR_FUERA_DE_RAIZ_O_RETENER_RESUMEN,P2,Alta,duplicado_exact:DUP-38,Salida puntual de auditoría/exportación; no es runtime. Contenido byte-idéntico a otro archivo; elegir una copia canónica.
auditoria_seo/recrawl_bing/urls-no-enviadas.csv,audit-output,.csv,2123,,eb13176ab21f61bf0b061a18890c3622f43ad863041db445e375dcc01cc7d2e6,historical-audit-review,ARCHIVAR_FUERA_DE_RAIZ_O_RETENER_RESUMEN,P2,Alta,,Salida puntual de auditoría/exportación; no es runtime.
auditoria_seo/ahrefs_2026_07_10/canonicals-review.csv,audit-output,.csv,172,,f29b601874995f473bf53c306d161543f5673fa2cfc142aeaa5ccab014bf965f,historical-audit-review,ARCHIVAR_FUERA_DE_RAIZ_O_RETENER_RESUMEN,P2,Alta,,Salida puntual de auditoría/exportación; no es runtime.
auditoria_seo/ahrefs_2026_07_10/urls-3xx-prioridad.csv,audit-output,.csv,29585,,dca4531d2f260fca9fb4aa2929e67888aa6492d1610cedab12303772e87a1640,historical-audit-review,ARCHIVAR_FUERA_DE_RAIZ_O_RETENER_RESUMEN,P2,Alta,,Salida puntual de auditoría/exportación; no es runtime.
auditoria_seo/ahrefs_2026_07_10/urls-candidatas-indexnow.csv,audit-output,.csv,1258,,3845e98c1417c83f281419c0b3dcd740438cefe687fe7df2f813e7edc24a63b1,historical-audit-review,ARCHIVAR_FUERA_DE_RAIZ_O_RETENER_RESUMEN,P2,Alta,,Salida puntual de auditoría/exportación; no es runtime.
auditoria_seo/ahrefs_2026_07_10/ahrefs-diagnostico-inicial.md,audit-output,.md,14870,246,cb408ae67630418d79eabd2cc11f1f72cf22b5dd60efc000cd2c958d51aed96e,historical-audit-review,ARCHIVAR_FUERA_DE_RAIZ_O_RETENER_RESUMEN,P2,Alta,,Salida puntual de auditoría/exportación; no es runtime.
auditoria_seo/ahrefs_2026_07_10/urls-4xx-prioridad.csv,audit-output,.csv,1353,,a2f86d2da2fd55e9a07f2a45580829090e2be09e94a6dcaa3d4e85396ae17d64,historical-audit-review,ARCHIVAR_FUERA_DE_RAIZ_O_RETENER_RESUMEN,P2,Alta,,Salida puntual de auditoría/exportación; no es runtime.
auditoria_seo/ahrefs_2026_07_10/noindex-review.csv,audit-output,.csv,1046,,dd1a8acf857932bb140a4f2eabae02475adfc9b4add0263c9c48ec288fb24a85,historical-audit-review,ARCHIVAR_FUERA_DE_RAIZ_O_RETENER_RESUMEN,P2,Alta,,Salida puntual de auditoría/exportación; no es runtime.
auditoria_seo/ahrefs_2026_07_10/pendientes-ahrefs.md,audit-output,.md,6080,92,eb2f40cc9fbb7c417282253b84c069a1a6de6ac4cf9e0ed114d329b254e92aff,historical-audit-review,ARCHIVAR_FUERA_DE_RAIZ_O_RETENER_RESUMEN,P2,Alta,,Salida puntual de auditoría/exportación; no es runtime.
auditoria_seo/ahrefs_2026_07_10/ahrefs-correcciones-aplicadas.md,audit-output,.md,9639,165,de1d92486084086343a4e688dc89acc2dfbf62f67ef979934381d4cfd0918d02,historical-audit-review,ARCHIVAR_FUERA_DE_RAIZ_O_RETENER_RESUMEN,P2,Alta,,Salida puntual de auditoría/exportación; no es runtime.
auditoria_seo/ahrefs_2026_07_10/ahrefs-post-validacion.md,audit-output,.md,6871,133,4452dd6a4c3c75d558e6141c12f591f0c062b4acba2d005f61458aa685534509,historical-audit-review,ARCHIVAR_FUERA_DE_RAIZ_O_RETENER_RESUMEN,P2,Alta,,Salida puntual de auditoría/exportación; no es runtime.
components/pwa/pwa-registration.tsx,components,.tsx,972,34,795be094f4eb9fe30db8612292d17b3c25833ccd1aeaa0af8aff8f30fb0e564a,review,MANTENER_Y_REVISAR,P3,Media,runtime-reachable,No se confirmó obsolescencia en el análisis estático; conservar hasta validación dinámica.
components/blog/blog-explorer.tsx,components,.tsx,8871,247,7aaae833dd73f38ab14a685b85aef05535648dc18d599f2e481430b1d5ffe694,review,MANTENER_Y_REVISAR,P3,Media,runtime-reachable,No se confirmó obsolescencia en el análisis estático; conservar hasta validación dinámica.
components/blog/legal-article-cta.tsx,components,.tsx,3498,86,9127f6941a3f44f2b5f2b0c57c3b90db2bd806dcd55e5dcb68b02249216bb9f0,review,VALIDAR_Y_ELIMINAR_CANDIDATO,P1,Media,,Sin entrada ni importaciones runtime detectadas.
components/blog/ai-review-notice.tsx,components,.tsx,3627,95,bcfa06b704267305e170f7aeb581e175c055e6b22e056683afaa3df01f9a88fb,review,MANTENER_Y_REVISAR,P3,Media,runtime-reachable,No se confirmó obsolescencia en el análisis estático; conservar hasta validación dinámica.
components/blog/category-filter.tsx,components,.tsx,1547,47,adb3c24b46bdc664198a0b7e45e4cba023c98b1818fdde232643994986c0a305,review,MANTENER_Y_REVISAR,P3,Media,runtime-reachable,No se confirmó obsolescencia en el análisis estático; conservar hasta validación dinámica.
components/blog/blog-card-grid.tsx,components,.tsx,743,35,cbc094f38e6a310e449fe6d6ac0e45278c0ab321fa39e8c878fe8cf06ae160ab,review,MANTENER_Y_REVISAR,P3,Media,runtime-reachable,No se confirmó obsolescencia en el análisis estático; conservar hasta validación dinámica.
components/blog/blog-search.tsx,components,.tsx,4947,125,3b6c76024a748ddca72cf656d174ae91aa513501d827e23648fd210cafbaec3b,review,MANTENER_Y_REVISAR,P3,Media,runtime-reachable,No se confirmó obsolescencia en el análisis estático; conservar hasta validación dinámica.
components/blog/blog-card.tsx,components,.tsx,9301,230,39d1d9fc24d763d965b9c824e2dcde11b27466af4d6e9bb3cec88693d673f54a,review,MANTENER_Y_REVISAR,P3,Media,runtime-reachable,No se confirmó obsolescencia en el análisis estático; conservar hasta validación dinámica.
components/blog/featured-posts.tsx,components,.tsx,2094,56,34c3df55576727858d6cea304d8a3ba1f0daa72bdd2d8b78a185b50591c388ee,review,MANTENER_Y_REVISAR,P3,Media,runtime-reachable,No se confirmó obsolescencia en el análisis estático; conservar hasta validación dinámica.
components/blog/blog-pagination.tsx,components,.tsx,1836,64,695c87b647009bfbab5f2e0991fc2736f97b43900ad582796438ee8ad3b31af8,review,MANTENER_Y_REVISAR,P3,Media,runtime-reachable,No se confirmó obsolescencia en el análisis estático; conservar hasta validación dinámica.
components/blog/blog-filters.tsx,components,.tsx,3584,113,2b9dce5911a78837d912545959a53d25b7390373f3149247a0c3eaa64ef893d2,review,MANTENER_Y_REVISAR,P3,Media,runtime-reachable,No se confirmó obsolescencia en el análisis estático; conservar hasta validación dinámica.
components/blog/empty-state.tsx,components,.tsx,2513,67,c4184d0db1c9f50df3179fbea4295c9d0af499c4b483416b62e4e7caca351818,review,MANTENER_Y_REVISAR,P3,Media,runtime-reachable,No se confirmó obsolescencia en el análisis estático; conservar hasta validación dinámica.
components/blog/blog-hero.tsx,components,.tsx,2744,63,67ab5e655991e3d2716e81442ce733c1dd3088039005d3d95e10396afc8d87a0,review,MANTENER_Y_REVISAR,P3,Media,runtime-reachable,No se confirmó obsolescencia en el análisis estático; conservar hasta validación dinámica.
components/blog/blog-toc.tsx,components,.tsx,2387,64,b243ef0b3aa7c692be622d04fe3dc61993fc908d556e7f07eec34653999281f1,review,MANTENER_Y_REVISAR,P3,Media,runtime-reachable,No se confirmó obsolescencia en el análisis estático; conservar hasta validación dinámica.
components/blog/newsletter-section.tsx,components,.tsx,4555,115,18a5fc59bc37813a9bb8f8773613f4f23e1481d220e3be68c21482c921299e86,review,MANTENER_Y_REVISAR,P3,Media,runtime-reachable,No se confirmó obsolescencia en el análisis estático; conservar hasta validación dinámica.
components/blog/share-buttons.tsx,components,.tsx,3998,73,56969efbc63b4279e4b660cc9cc56610b156aef2980274c729f833f91c6dd31f,review,MANTENER_Y_REVISAR,P3,Media,runtime-reachable,No se confirmó obsolescencia en el análisis estático; conservar hasta validación dinámica.
components/blog/lazy-blog-search.tsx,components,.tsx,694,26,58e50a8ea1381bde440a5b16736f7c6942bbd2b8053c714ce2340eb45a061230,review,VALIDAR_Y_ELIMINAR_CANDIDATO,P1,Media,,Sin entrada ni importaciones runtime detectadas.
components/blog/blog-cta-bar.tsx,components,.tsx,8725,159,2d8a5f5e2d3e32792a2cc1d76841018645295602196f79b6a87b605dbe321673,review,MANTENER_Y_REVISAR,P3,Media,runtime-reachable,No se confirmó obsolescencia en el análisis estático; conservar hasta validación dinámica.
components/blog/local-consult-form.tsx,components,.tsx,2582,66,79a73cad5de89b20bbeccdbad3d88f86cf455b2518fc442f3140ac56d71ad569,review,VALIDAR_Y_ELIMINAR_CANDIDATO,P1,Media,,Sin entrada ni importaciones runtime detectadas.
components/blog/blog-sidebar.tsx,components,.tsx,5113,141,49f7cd46f1a69f5c9b618c0b332f5b88b034cd158f345fc30f86aafa027cb40c,review,MANTENER_Y_REVISAR,P3,Media,runtime-reachable,No se confirmó obsolescencia en el análisis estático; conservar hasta validación dinámica.
components/blog/category-navigation.tsx,components,.tsx,4986,133,32eff7b86a31c3ebfe0b7c206ad0bec1ae8d484b27bb072e45675d1c1382ff0c,review,MANTENER_Y_REVISAR,P3,Media,runtime-reachable,No se confirmó obsolescencia en el análisis estático; conservar hasta validación dinámica.
components/blog/related-service.tsx,components,.tsx,3716,57,abb645186890190ee9076f743beb9af62a404a8d4f75fd6b970e23332b9954c3,review,MANTENER_Y_REVISAR,P3,Media,runtime-reachable,No se confirmó obsolescencia en el análisis estático; conservar hasta validación dinámica.
components/blog/service-search.tsx,components,.tsx,3028,84,90332c1379d1cc63def92e420a5fbd969cf0b67f70587ec7922c795b7bac75d0,review,MANTENER_Y_REVISAR,P3,Media,runtime-reachable,No se confirmó obsolescencia en el análisis estático; conservar hasta validación dinámica.
components/chat/chat-analytics.ts,components,.ts,1247,44,71904d3b70b29cbbd4a92c47f9b15f80fee683e8fa6658563136ac603013bc90,review,MANTENER_Y_REVISAR,P3,Media,runtime-reachable,No se confirmó obsolescencia en el análisis estático; conservar hasta validación dinámica.
components/chat/chat-widget.tsx,components,.tsx,20495,485,486c33c0b087299629d28dfbf288e73a4dda220a38f9874c10b17c11b93d6bd4,review,MANTENER_Y_REVISAR,P3,Media,runtime-reachable,No se confirmó obsolescencia en el análisis estático; conservar hasta validación dinámica.
components/ui/skeletons.tsx,components,.tsx,5056,161,a2e1aa6849b8e772f1a0c2b24881fc42233d12601aeec4f1a7b09b61a825a86d,review,MANTENER_Y_REVISAR,P3,Media,runtime-reachable,No se confirmó obsolescencia en el análisis estático; conservar hasta validación dinámica.
components/ui/modal.tsx,components,.tsx,2236,74,0b1af85fe34b756c30678ada812e64015d06ced75fda0c323dc7ae762b1d33f2,review,MANTENER_Y_REVISAR,P3,Media,runtime-reachable,No se confirmó obsolescencia en el análisis estático; conservar hasta validación dinámica.
components/ui/icon-button.tsx,components,.tsx,1224,49,d2eb13e6f09d11924af4b8643a6c9d2806be5efc54454e161282a6c26b009f46,review,MANTENER_Y_REVISAR,P3,Media,runtime-reachable,No se confirmó obsolescencia en el análisis estático; conservar hasta validación dinámica.
components/ui/badge.tsx,components,.tsx,2474,104,7817a3e70401f70c68c854c2733e40b05363db73f57f8552451166091452fac3,review,MANTENER_Y_REVISAR,P3,Media,runtime-reachable,No se confirmó obsolescencia en el análisis estático; conservar hasta validación dinámica.
components/ui/confirm.tsx,components,.tsx,5050,145,5297f8e06c45ce8249cedab9897c508644c4d3e4d90334dd1ff7b323773d3b46,review,MANTENER_Y_REVISAR,P3,Media,runtime-reachable,No se confirmó obsolescencia en el análisis estático; conservar hasta validación dinámica.
components/ui/stepper.tsx,components,.tsx,3224,102,d102d7f9ac99a20c61c217cdbcdb569e32da5f009f730b6364765a34cbf568d0,review,VALIDAR_Y_ELIMINAR_CANDIDATO,P1,Media,,Sin entrada ni importaciones runtime detectadas.
components/ui/prompt-dialog.tsx,components,.tsx,9130,254,bc67f891a2549b6ed52c4b661b49eb399b0da2b4a0eca9c179dc236f2be2e9a0,review,MANTENER_Y_REVISAR,P3,Media,runtime-reachable,No se confirmó obsolescencia en el análisis estático; conservar hasta validación dinámica.
components/ui/page-header.tsx,components,.tsx,1101,32,2b823f97eef32cafb6d1a20dcb33c1665ea3c385084b8e454a8b678e00d5c1bf,review,MANTENER_Y_REVISAR,P3,Media,runtime-reachable,No se confirmó obsolescencia en el análisis estático; conservar hasta validación dinámica.
components/ui/empty-state.tsx,components,.tsx,1518,52,e26d8d9a72da92e2609dfa4cf5e22dc2f746a408550a7c058c5e0925e29c03a7,review,MANTENER_Y_REVISAR,P3,Media,runtime-reachable,No se confirmó obsolescencia en el análisis estático; conservar hasta validación dinámica.
components/ui/input.tsx,components,.tsx,3406,108,62c3afd306f2b51ef2ab99b25e877804fe4aceb8ec9fe101367b86f6fd0c3f86,review,MANTENER_Y_REVISAR,P3,Media,runtime-reachable,No se confirmó obsolescencia en el análisis estático; conservar hasta validación dinámica.
components/ui/chip.tsx,components,.tsx,2231,76,81dddd29824980cc1d7eddf8050e9ae70be0f774218628e578dfeb291c2d9257,review,MANTENER_Y_REVISAR,P3,Media,runtime-reachable,No se confirmó obsolescencia en el análisis estático; conservar hasta validación dinámica.
components/ui/button.tsx,components,.tsx,2733,77,b23e630ec7955df11d2d55d3271a10b11609cbf64f9fa622436055330d54cd08,review,MANTENER_Y_REVISAR,P3,Media,runtime-reachable,No se confirmó obsolescencia en el análisis estático; conservar hasta validación dinámica.
components/ui/card.tsx,components,.tsx,2338,86,589f9aae974d2e04413737d07a39e307551dbbe9ccdc43209b0ef5f0f5d01548,review,MANTENER_Y_REVISAR,P3,Media,runtime-reachable,No se confirmó obsolescencia en el análisis estático; conservar hasta validación dinámica.
components/ui/filter-bar.tsx,components,.tsx,2227,68,55da3e93f30e208d7439ed679ad9f157b8f5ef865fbe0e1bb42befa57df429ae,review,MANTENER_Y_REVISAR,P3,Media,runtime-reachable,No se confirmó obsolescencia en el análisis estático; conservar hasta validación dinámica.
components/ui/stat-cards.tsx,components,.tsx,1479,52,96ce9432ed32a9f3de3ddd78b6ed6d9b811aa573ffd7724c444bdb52c6970baa,review,MANTENER_Y_REVISAR,P3,Media,runtime-reachable,No se confirmó obsolescencia en el análisis estático; conservar hasta validación dinámica.
components/ui/table-pagination.tsx,components,.tsx,1543,53,ff81eff76b1a1090fe3555d9f1694453e0860de3352410ba0968b797053af7d0,review,VALIDAR_Y_ELIMINAR_CANDIDATO,P1,Media,,Sin entrada ni importaciones runtime detectadas.
components/ui/spinner.tsx,components,.tsx,1070,40,095e4c41cbe5a9c7b96a4cec1179077bb80fc1a66f658498583b733a538d9bd5,review,MANTENER_Y_REVISAR,P3,Media,runtime-reachable,No se confirmó obsolescencia en el análisis estático; conservar hasta validación dinámica.
components/ui/toast.tsx,components,.tsx,4605,133,0dd1253d10e12665cfa5aae5dcd5ef1082f7a23668911c61fb0a2125c882bb39,review,MANTENER_Y_REVISAR,P3,Media,runtime-reachable,No se confirmó obsolescencia en el análisis estático; conservar hasta validación dinámica.
components/domain/penalty-result-panel.tsx,components,.tsx,16114,355,ba2dba89c661e449dc75005c04963deec7143ee4ca6663a46ab1877eabfb78fe,review,MANTENER_Y_REVISAR,P3,Media,runtime-reachable,No se confirmó obsolescencia en el análisis estático; conservar hasta validación dinámica.
components/domain/circunstancia-picker.tsx,components,.tsx,8107,198,3d926913f425152404022a734af9b65f684940c590d1d2965eb4e2ca9a5d1cbb,review,MANTENER_Y_REVISAR,P3,Media,runtime-reachable,No se confirmó obsolescencia en el análisis estático; conservar hasta validación dinámica.
components/domain/articulo-autocomplete.tsx,components,.tsx,9657,268,68ee81d764419d01e28f23ea7727721776c2266203450298a5635be090904c33,review,VALIDAR_Y_ELIMINAR_CANDIDATO,P1,Media,,Sin entrada ni importaciones runtime detectadas.
components/sgie/copilot-expediente.tsx,components,.tsx,4916,113,b52df9716484a2b867dcf0159a3592e0dc79e790aa7f38195ae80fea57a3a64c,review,VALIDAR_Y_ELIMINAR_CANDIDATO,P1,Media,,Sin entrada ni importaciones runtime detectadas.
components/sgie/inteligencia-expediente.tsx,components,.tsx,10987,230,f1aff1799ba334b8a468bead0e66b8d41f230e60c6d8df976144e8b0e506caf7,review,MANTENER_Y_REVISAR,P3,Media,runtime-reachable,No se confirmó obsolescencia en el análisis estático; conservar hasta validación dinámica.
components/sgie/notifications-popover.tsx,components,.tsx,8040,200,50d6aaab3d82736fa90d8492d3361c126e9fb5c09dc231b8c2bb940a5f74dcde,review,MANTENER_Y_REVISAR,P3,Media,runtime-reachable,No se confirmó obsolescencia en el análisis estático; conservar hasta validación dinámica.
components/sgie/global-search.tsx,components,.tsx,10712,262,0d30904fdafb4654a8dc9cc39fe1efa4f833dc50ace05725081641b46d2ce35e,review,MANTENER_Y_REVISAR,P3,Media,runtime-reachable,No se confirmó obsolescencia en el análisis estático; conservar hasta validación dinámica.
components/sgie/comentarios-tarea.tsx,components,.tsx,8328,197,f5299889c2261533a8caab205bfe57a5bbbe87e34aa5ddeb953b2b80c4011259,review,MANTENER_Y_REVISAR,P3,Media,runtime-reachable,No se confirmó obsolescencia en el análisis estático; conservar hasta validación dinámica.
components/sgie/calendar-external-section.tsx,components,.tsx,25348,691,1ffc6bfc8c2f7224147c32ab1568f145854cacb06e35e17c91f545c924b00119,review,DESACTIVAR_O_COMPLETAR,P0,Alta,runtime-reachable;large_file:691_lines,Componente activo llama múltiples endpoints inexistentes. Supera el presupuesto recomendado de tamaño; candidato a modularización.
components/sgie/reprogramar-evento-dialog.tsx,components,.tsx,6839,146,e4bbc97641db7acb0cb11af915f8d5074b70dd42749aff85cee52413b2221777,review,MANTENER_Y_REVISAR,P3,Media,runtime-reachable,No se confirmó obsolescencia en el análisis estático; conservar hasta validación dinámica.
components/sgie/seguimiento-documental.tsx,components,.tsx,9602,246,4b1f3f0956ee690fab47bf418dc6dfdccc5711042ba6aa6c64d4dd73169a368a,review,MANTENER_Y_REVISAR,P3,Media,runtime-reachable,No se confirmó obsolescencia en el análisis estático; conservar hasta validación dinámica.
components/sgie/extraccion-documento.tsx,components,.tsx,8306,180,f8010e4ab0c08903ca35a18ab5367c8a302b74878b9cc8a2d262502c1592fa7a,review,MANTENER_Y_REVISAR,P3,Media,runtime-reachable,No se confirmó obsolescencia en el análisis estático; conservar hasta validación dinámica.
components/sgie/documento-preview.tsx,components,.tsx,7638,169,a8f53d0198d81a1fafccc59c34245ce5d5191c22c7215f28ed8598d5f405b47a,review,MANTENER_Y_REVISAR,P3,Media,runtime-reachable,No se confirmó obsolescencia en el análisis estático; conservar hasta validación dinámica.
components/sgie/signature-packages-exp.tsx,components,.tsx,37983,799,47d5ab2dc720b3fea7e5dfa7cc00d2c33cb31a03c12fbc94058827e346d9ceeb,review,MANTENER_Y_PLANIFICAR_REFACTORIZACION,P2,Alta,runtime-reachable;large_file:799_lines,Supera el presupuesto recomendado de tamaño; candidato a modularización.
components/sgie/sgie-placeholder.tsx,components,.tsx,1285,46,b30d9d09e8ddf010f62a541bcbc76a4031aaa0486009c25bf2cef2d4771446ce,review,VALIDAR_Y_ELIMINAR_CANDIDATO,P1,Media,,Sin entrada ni importaciones runtime detectadas.
components/sgie/enlaces-expediente.tsx,components,.tsx,13150,293,210b8703e060d09f0d857d5b4678db1daff59da14475cf19ddd1ef5f9c39e6cc,review,MANTENER_Y_REVISAR,P3,Media,runtime-reachable,No se confirmó obsolescencia en el análisis estático; conservar hasta validación dinámica.
components/sgie/readiness-expediente.tsx,components,.tsx,5804,85,73f1ff2e6ef8a64ca865546a13ec4e5f7f071d1c9cc42c74670a91aa8d5e7d78,review,MANTENER_Y_REVISAR,P3,Media,runtime-reachable,No se confirmó obsolescencia en el análisis estático; conservar hasta validación dinámica.
components/sgie/ia-documento.tsx,components,.tsx,9269,213,ce1b669241db009174b07b6399479f671169a979f25f8e5fd02fd80fe47665a5,review,MANTENER_Y_REVISAR,P3,Media,runtime-reachable,No se confirmó obsolescencia en el análisis estático; conservar hasta validación dinámica.
components/layout/global-shortcuts.tsx,components,.tsx,751,30,e95506a9a4577c69ed8ef6eb82b0fff99fc1f620ce88fdaf77f4295fd9795ae6,review,MANTENER_Y_REVISAR,P3,Media,runtime-reachable,No se confirmó obsolescencia en el análisis estático; conservar hasta validación dinámica.
components/layout/app-shell.tsx,components,.tsx,4699,133,1d6d0825f6011bd1bcf90a16f0e2165719faa479b0cdef645dc3cbab503a37ee,review,VALIDAR_Y_ELIMINAR_CANDIDATO,P1,Media,,Sin entrada ni importaciones runtime detectadas.
components/layout/scroll-to-top.tsx,components,.tsx,787,28,3b53b80a44ebdf0a52ddf1a0a4cee806f52982c6fedfee8d1a0399b0d521c125,review,MANTENER_Y_REVISAR,P3,Media,runtime-reachable,No se confirmó obsolescencia en el análisis estático; conservar hasta validación dinámica.
components/layout/root-shell.tsx,components,.tsx,364,9,3718e126bc6fb4ee9d1fcaf2f09fb38d6a0ef578cd5dc01625d22c68fd842c7e,review,MANTENER_Y_REVISAR,P3,Media,runtime-reachable,No se confirmó obsolescencia en el análisis estático; conservar hasta validación dinámica.
components/layout/user-actions.tsx,components,.tsx,4750,123,f800ec2a207653b98bc1aee2b53516a361393e89c20f24fdee70e7c165925740,review,VALIDAR_Y_ELIMINAR_CANDIDATO,P1,Media,,Sin entrada ni importaciones runtime detectadas.
components/layout/app-sidebar.tsx,components,.tsx,4617,104,e1e68cf7039a723fe9685e27db1f61bc2fdd52db32c923660238334dd0da6fdc,review,MANTENER_Y_REVISAR,P3,Media,runtime-reachable,No se confirmó obsolescencia en el análisis estático; conservar hasta validación dinámica.
components/marketing/institutions-block.tsx,components,.tsx,3794,107,01e58bfeb9b379a7405333cadda5093621626b91ed93b5e9f6efa037457a8cf9,review,MANTENER_Y_REVISAR,P3,Media,runtime-reachable,No se confirmó obsolescencia en el análisis estático; conservar hasta validación dinámica.
components/marketing/view-service-tracker.tsx,components,.tsx,818,24,842da3bd066cbb62c615f95bfeda328303d1c3df3f295d5fef2e75341d12a547,review,MANTENER_Y_REVISAR,P3,Media,runtime-reachable,No se confirmó obsolescencia en el análisis estático; conservar hasta validación dinámica.
components/marketing/turnstile-widget.tsx,components,.tsx,3297,104,7c6767a55cb31c645f674bca2164da027d19c60280df7da6dc6383daf5c80661,review,MANTENER_Y_REVISAR,P3,Media,runtime-reachable,No se confirmó obsolescencia en el análisis estático; conservar hasta validación dinámica.
components/marketing/legal-review-notice.tsx,components,.tsx,1594,43,af24e3a9841ce1b48c96a466afddfb75cc381453777ec84007c7dcf73e30bb4b,review,MANTENER_Y_REVISAR,P3,Media,runtime-reachable,No se confirmó obsolescencia en el análisis estático; conservar hasta validación dinámica.
components/marketing/trust-bar.tsx,components,.tsx,4377,118,b9fe6bde0bca433b2f5620f5ee857c890bc1d9c12c2b55380945e99c62ff7666,review,MANTENER_Y_REVISAR,P3,Media,runtime-reachable,No se confirmó obsolescencia en el análisis estático; conservar hasta validación dinámica.
components/marketing/spain-jurisdiction-notice.tsx,components,.tsx,2413,54,18a708ae0b434c2778b9f5dbf631b1ab98971437d8894441f351cd90dcb5e2f3,review,MANTENER_Y_REVISAR,P3,Media,runtime-reachable,No se confirmó obsolescencia en el análisis estático; conservar hasta validación dinámica.
components/marketing/map-embed-lazy.tsx,components,.tsx,960,31,1e08c3dd89a002ad93d93a6f32521fde5932ca40714f85ee8a2032488660431c,review,VALIDAR_Y_ELIMINAR_CANDIDATO,P1,Media,,Sin entrada ni importaciones runtime detectadas.
components/marketing/public-footer.tsx,components,.tsx,17385,300,c9068c9ea0718d0a77625cc055352d4bc5336ecfb1fc211549784b92eba891f3,review,MANTENER_Y_REVISAR,P3,Media,runtime-reachable,No se confirmó obsolescencia en el análisis estático; conservar hasta validación dinámica.
components/marketing/copyable-address.tsx,components,.tsx,1542,58,430a079a82af134549f0b20d88acb6965a5a06e8c888469f7768b781080e55a0,review,MANTENER_Y_REVISAR,P3,Media,runtime-reachable,No se confirmó obsolescencia en el análisis estático; conservar hasta validación dinámica.
components/marketing/testimonial-card.tsx,components,.tsx,7054,186,c664a15ba81326b0c3afeb73044123cd064c1d3e486dd40f50fd4c2db754e513,review,VALIDAR_Y_ELIMINAR_CANDIDATO,P1,Media,,Sin entrada ni importaciones runtime detectadas.
components/marketing/intro-editorial.tsx,components,.tsx,1587,56,7b3e5e518a265646d80f6e374f325e8c22eccf4075ab783a441514b7e6215ff6,review,VALIDAR_Y_ELIMINAR_CANDIDATO,P1,Media,,Sin entrada ni importaciones runtime detectadas.
components/marketing/cta-buttons.tsx,components,.tsx,10696,224,e013b353c59f529b67e46df3c488564b28f9d2c63ae7a36852a3e3f81a3ec7ad,review,MANTENER_Y_REVISAR,P3,Media,runtime-reachable,No se confirmó obsolescencia en el análisis estático; conservar hasta validación dinámica.
components/marketing/consultation-cta.tsx,components,.tsx,5376,120,a68323cb66dc132e13ef3efdd0212ae074969388ed58b9cb3793ba84d003d5ad,review,MANTENER_Y_REVISAR,P3,Media,runtime-reachable,No se confirmó obsolescencia en el análisis estático; conservar hasta validación dinámica.
components/marketing/hub-faq.tsx,components,.tsx,2658,76,226f104b51ba18abf886f9ab3f636acd2ad68554151bb816d51ad08b0ba4c1c2,review,MANTENER_Y_REVISAR,P3,Media,runtime-reachable,No se confirmó obsolescencia en el análisis estático; conservar hasta validación dinámica.
components/marketing/rss-button.tsx,components,.tsx,1596,46,98900df6f006119300bba6f3ebfc910d68bff8809b006e685222a767da734ab6,review,MANTENER_Y_REVISAR,P3,Media,runtime-reachable,No se confirmó obsolescencia en el análisis estático; conservar hasta validación dinámica.
components/marketing/related-links.tsx,components,.tsx,4053,141,c3d52028a1be2cde52426c69a644e59936140990bee9884f7c81d09830cc6721,review,MANTENER_Y_REVISAR,P3,Media,runtime-reachable,No se confirmó obsolescencia en el análisis estático; conservar hasta validación dinámica.
components/marketing/icon-badge.tsx,components,.tsx,1974,68,1a04f3b5fbea824e4bfa14575a4920df4d7cc1b078effcdbd20e6674c6b01f89,review,MANTENER_Y_REVISAR,P3,Media,runtime-reachable,No se confirmó obsolescencia en el análisis estático; conservar hasta validación dinámica.
components/marketing/tracked-maps-link.tsx,components,.tsx,1238,49,c0812ca9b1fee7c0a0d80a46c70a25e71697b7c4c4052ff07f7637e09c7cb5b5,review,MANTENER_Y_REVISAR,P3,Media,runtime-reachable,No se confirmó obsolescencia en el análisis estático; conservar hasta validación dinámica.
components/marketing/section.tsx,components,.tsx,3647,132,e874c38008294a2abe7ab464d361516b90765fe6d6bbecb6d2a30ca03bdeed9c,review,MANTENER_Y_REVISAR,P3,Media,runtime-reachable,No se confirmó obsolescencia en el análisis estático; conservar hasta validación dinámica.
components/marketing/trust-limits.tsx,components,.tsx,5978,155,57f0a56bff89bd1d31625de43f818bd0844b11728e639043ba751ad506443f11,review,MANTENER_Y_REVISAR,P3,Media,runtime-reachable,No se confirmó obsolescencia en el análisis estático; conservar hasta validación dinámica.
components/marketing/reveal.tsx,components,.tsx,1411,54,13f54e8c7ab2454ef301eae12e9d5b6d4e2199a6950e9b1403d4c064d19d319a,review,MANTENER_Y_REVISAR,P3,Media,runtime-reachable,No se confirmó obsolescencia en el análisis estático; conservar hasta validación dinámica.
components/marketing/landing-local.tsx,components,.tsx,14396,304,1236baf021e4b0a62e12be828ef0bbfccd4bb488bceb832d09a99bd6c331515e,review,MANTENER_Y_REVISAR,P3,Media,runtime-reachable,No se confirmó obsolescencia en el análisis estático; conservar hasta validación dinámica.
components/marketing/cta-spain.tsx,components,.tsx,2499,54,8706a8d49f6468480fb297ac25c059be8201d11d829d19c2fbb7b6c9d820d773,review,MANTENER_Y_REVISAR,P3,Media,runtime-reachable,No se confirmó obsolescencia en el análisis estático; conservar hasta validación dinámica.
components/marketing/page-hero.tsx,components,.tsx,5589,134,7e036edc2b57304cbed5b77e110d7abc0f2bcc2745ebb2895a7a16c511e9b224,review,MANTENER_Y_REVISAR,P3,Media,runtime-reachable,No se confirmó obsolescencia en el análisis estático; conservar hasta validación dinámica.
components/marketing/placeholder-photo.tsx,components,.tsx,4283,133,5cb46f6246f310fcc138d66a60b643b5beeae7451a28e12325c392d7fcfa4d9b,review,MANTENER_Y_REVISAR,P3,Media,runtime-reachable,No se confirmó obsolescencia en el análisis estático; conservar hasta validación dinámica.
components/marketing/service-card.tsx,components,.tsx,4469,144,b03ecf6a5da22691a56ac42c662619cb01951181d8dd4d6ca8ab13f0b5b2c3db,review,MANTENER_Y_REVISAR,P3,Media,runtime-reachable,No se confirmó obsolescencia en el análisis estático; conservar hasta validación dinámica.
components/marketing/live-widgets.tsx,components,.tsx,12804,336,745529a35249744285d2477abf20781ea7c1fb28d875afb1477c24ddf0517199,review,MANTENER_Y_REVISAR,P3,Media,runtime-reachable,No se confirmó obsolescencia en el análisis estático; conservar hasta validación dinámica.
components/marketing/answer-block.tsx,components,.tsx,1733,51,7be414144cee13e3bb0107977d6519ff50e84bae883b67cd66fd703c0e5910fd,review,MANTENER_Y_REVISAR,P3,Media,runtime-reachable,No se confirmó obsolescencia en el análisis estático; conservar hasta validación dinámica.
components/marketing/service-blocks.tsx,components,.tsx,4932,134,ff83e4749ce6f11c5d7437acf8edad1f44b1d5cab53c6ac80d001cc4d415aec5,review,VALIDAR_Y_ELIMINAR_CANDIDATO,P1,Media,,Sin entrada ni importaciones runtime detectadas.
components/marketing/problem-selector.tsx,components,.tsx,3700,108,1a66b0b90c722d17c5d2ad5ecf4bcb91ed5d5bd36ade4a45a0e0467ff952b15e,review,MANTENER_Y_REVISAR,P3,Media,runtime-reachable,No se confirmó obsolescencia en el análisis estático; conservar hasta validación dinámica.
components/marketing/nav-card-grid.tsx,components,.tsx,5880,160,3afa6ee51aca0a61428abf6be4d9f0e97a738c6de03ac9147c6df848282f476f,review,MANTENER_Y_REVISAR,P3,Media,runtime-reachable,No se confirmó obsolescencia en el análisis estático; conservar hasta validación dinámica.
components/marketing/social-share.tsx,components,.tsx,3559,53,9f0af859ed59ca777869a88a830d1b1b50948382dd77c980273c31f970d831d7,review,VALIDAR_Y_ELIMINAR_CANDIDATO,P1,Media,,Sin entrada ni importaciones runtime detectadas.
components/marketing/legal-disclaimer.tsx,components,.tsx,2513,81,50ee5919351f5218c5aaa2b0cc8107461d0f5bccc5245fc7150942ab3d0b0da6,review,MANTENER_Y_REVISAR,P3,Media,runtime-reachable,No se confirmó obsolescencia en el análisis estático; conservar hasta validación dinámica.
components/marketing/view-spain-service-tracker.tsx,components,.tsx,669,20,fa32091cf4e29fd49b0dc2338d82ef20dc467bc03f728c60e7861d437798bcb0,review,MANTENER_Y_REVISAR,P3,Media,runtime-reachable,No se confirmó obsolescencia en el análisis estático; conservar hasta validación dinámica.
components/marketing/process-stepper.tsx,components,.tsx,4604,119,5ed04cbc3ca46168c231d8fd0ff864b0e2ff9c5a8616f947e0fd75877e72acc8,review,MANTENER_Y_REVISAR,P3,Media,runtime-reachable,No se confirmó obsolescencia en el análisis estático; conservar hasta validación dinámica.
components/marketing/editorial-block.tsx,components,.tsx,4593,157,60cd200cc845ff03762a355411108c51ccc813d99b76771ff72d6736818e1237,review,MANTENER_Y_REVISAR,P3,Media,runtime-reachable,No se confirmó obsolescencia en el análisis estático; conservar hasta validación dinámica.
components/marketing/local-context-blocks.tsx,components,.tsx,6765,137,97d7a577bfc9654dd3aa7f6f94ceae99ec0b0d9e06a23230df73130511c31016,review,MANTENER_Y_REVISAR,P3,Media,runtime-reachable,No se confirmó obsolescencia en el análisis estático; conservar hasta validación dinámica.
components/marketing/lead-magnet-cta.tsx,components,.tsx,4011,94,08996185e4d0d04ed5af9949ff067240e2757547aa193b3cf365d8fd0d8b809b,review,MANTENER_Y_REVISAR,P3,Media,runtime-reachable,No se confirmó obsolescencia en el análisis estático; conservar hasta validación dinámica.
components/marketing/view-local-page-tracker.tsx,components,.tsx,779,22,88d06c9fa79483f82586803e0158ff0bd0e30c2fdef127866c9f9615edd64de6,review,MANTENER_Y_REVISAR,P3,Media,runtime-reachable,No se confirmó obsolescencia en el análisis estático; conservar hasta validación dinámica.
components/marketing/legal-document.tsx,components,.tsx,6347,200,afb3a5e987884d8612a7973f7cc39b1d262be138b7619f282fa213a1f7cf03c4,review,MANTENER_Y_REVISAR,P3,Media,runtime-reachable,No se confirmó obsolescencia en el análisis estático; conservar hasta validación dinámica.
components/marketing/analytics-listeners.tsx,components,.tsx,2935,76,58e8432ab950669cfb79eca933f897879fa950eeaad2bab0e3e2fca14a9640fe,review,MANTENER_Y_REVISAR,P3,Media,runtime-reachable,No se confirmó obsolescencia en el análisis estático; conservar hasta validación dinámica.
components/marketing/blog-highlights.tsx,components,.tsx,8500,205,9dc7cdbb394b8f358432d9c297b5d22edc0eeaff421b2074c5ffae11d249a45a,review,MANTENER_Y_REVISAR,P3,Media,runtime-reachable,No se confirmó obsolescencia en el análisis estático; conservar hasta validación dinámica.
components/marketing/service-detail-blocks.tsx,components,.tsx,18952,526,6907e8926d7772a8c976232099621d347f2436ee61e6f0351dc07e09bbeefe1b,review,MANTENER_Y_PLANIFICAR_REFACTORIZACION,P2,Alta,runtime-reachable;large_file:526_lines,Supera el presupuesto recomendado de tamaño; candidato a modularización.
components/marketing/public-header.tsx,components,.tsx,11326,243,4d3d3d19af737c60d6da4622d0993d9b9a64d5bde117beeb6cfed9cfd2ee4e0f,review,MANTENER_Y_REVISAR,P3,Media,runtime-reachable,No se confirmó obsolescencia en el análisis estático; conservar hasta validación dinámica.
components/marketing/breadcrumbs.tsx,components,.tsx,1811,68,3dcfe13fc675a49c734322a2c3da09732db284fde00787a6b30429b693297a33,review,MANTENER_Y_REVISAR,P3,Media,runtime-reachable,No se confirmó obsolescencia en el análisis estático; conservar hasta validación dinámica.
components/marketing/google-reviews.tsx,components,.tsx,6017,134,187eb2173bb69dc8c00fbc9307c516b29307468b7a6dba2eed1dc8c07e0271da,review,VALIDAR_Y_ELIMINAR_CANDIDATO,P1,Media,,Sin entrada ni importaciones runtime detectadas.
components/marketing/solicitar-consulta-form.tsx,components,.tsx,21835,577,41ca927186e66a71b374d1971b7e0a4cf34f84d5c55e50c808f9944cf35858a1,review,MANTENER_Y_PLANIFICAR_REFACTORIZACION,P2,Alta,runtime-reachable;large_file:577_lines,Supera el presupuesto recomendado de tamaño; candidato a modularización.
components/marketing/map-embed.tsx,components,.tsx,3684,91,28d8fa09f3e152d981c08e7a50d7a4c0edd427dfa3ae3d1ebd6a9c119aa70211,review,MANTENER_Y_REVISAR,P3,Media,runtime-reachable,No se confirmó obsolescencia en el análisis estático; conservar hasta validación dinámica.
components/domain/calculadora/paso1-delito.tsx,components,.tsx,5612,137,a6a145b583d0c9627cb2cd62b58e986e925f0c017049a5fbc8a7c5549416c203,review,MANTENER_Y_REVISAR,P3,Media,runtime-reachable,No se confirmó obsolescencia en el análisis estático; conservar hasta validación dinámica.
components/domain/calculadora/paso8-resultado.tsx,components,.tsx,3113,93,c0f2bea5bb951c05a4282a664f89a87768845f1f7ee29d0cd6abbd3a3ba2b56a,review,MANTENER_Y_REVISAR,P3,Media,runtime-reachable,No se confirmó obsolescencia en el análisis estático; conservar hasta validación dinámica.
components/domain/calculadora/hooks.ts,components,.ts,5589,179,82bbd0149db9bd5ab37c105023a8b54c54de92d2f26003a73cc794bbc81951dd,review,MANTENER_Y_REVISAR,P3,Media,runtime-reachable,No se confirmó obsolescencia en el análisis estático; conservar hasta validación dinámica.
components/domain/calculadora/banner-calidad-datos.tsx,components,.tsx,2150,62,bc746c0e780a21019bf189e1330ac198caceb487bf7abe4c2c5b6532216bd1eb,review,MANTENER_Y_REVISAR,P3,Media,runtime-reachable,No se confirmó obsolescencia en el análisis estático; conservar hasta validación dinámica.
components/domain/calculadora/paso3-participacion.tsx,components,.tsx,3508,87,7b5c2b33a68e4ced73fb58f61ce0950c39d00cbb274f239c82e68dc16f283ce9,review,MANTENER_Y_REVISAR,P3,Media,runtime-reachable,No se confirmó obsolescencia en el análisis estático; conservar hasta validación dinámica.
components/domain/calculadora/comparador.tsx,components,.tsx,5652,147,206537bc995c7496df554b0cf2b516efd6e8edf5651e1b6e0d0aa6ebd816869c,review,MANTENER_Y_REVISAR,P3,Media,runtime-reachable,No se confirmó obsolescencia en el análisis estático; conservar hasta validación dinámica.
components/domain/calculadora/state.ts,components,.ts,14999,398,b0b147a065cc29bcaf817854a51e0dbf2442dc92b2cb142ff825c7d6019e5b2c,review,MANTENER_Y_REVISAR,P3,Media,runtime-reachable,No se confirmó obsolescencia en el análisis estático; conservar hasta validación dinámica.
components/domain/calculadora/paso7-resumen.tsx,components,.tsx,7276,176,3846ddc835bce79e3a05f56ac149aae77336646638942041aaf3ddb91d36c694,review,MANTENER_Y_REVISAR,P3,Media,runtime-reachable,No se confirmó obsolescencia en el análisis estático; conservar hasta validación dinámica.
components/domain/calculadora/selector-supuesto-penal.tsx,components,.tsx,6632,160,199e674283a324078da32ecbee3385aa8f3ef710c7f634eac9f2814b75e48f09,review,MANTENER_Y_REVISAR,P3,Media,runtime-reachable,No se confirmó obsolescencia en el análisis estático; conservar hasta validación dinámica.
components/domain/calculadora/paso6-concurso.tsx,components,.tsx,1535,45,bdcee170c6550381cf3766a0c1c1288bea061cf9bf6749856b5cfdd2787e3d1a,review,MANTENER_Y_REVISAR,P3,Media,runtime-reachable,No se confirmó obsolescencia en el análisis estático; conservar hasta validación dinámica.
components/domain/calculadora/paso5-delitos-list.tsx,components,.tsx,2009,61,c20ccda78714210de0b6d76d2cd3a8b3091ac2136c67cfca09a89d1bc20da6e2,review,MANTENER_Y_REVISAR,P3,Media,runtime-reachable,No se confirmó obsolescencia en el análisis estático; conservar hasta validación dinámica.
components/domain/calculadora/calculadora-header.tsx,components,.tsx,4068,96,a14029d89ceaf38ed79c5855b4950b98c34a19ed7877b5250d673633772ac24a,review,VALIDAR_Y_ELIMINAR_CANDIDATO,P1,Media,,Sin entrada ni importaciones runtime detectadas.
components/domain/calculadora/save-modal.tsx,components,.tsx,2131,67,71bb59a0d6bae2a0bb4b6cc5d3f5706de6de20cc3fc0d3014ef3525e65ffba61,review,MANTENER_Y_REVISAR,P3,Media,runtime-reachable,No se confirmó obsolescencia en el análisis estático; conservar hasta validación dinámica.
components/domain/calculadora/paso2-variantes.tsx,components,.tsx,4931,115,d82dec244066bb91fe7341c717a91b7745832a07f87c70953e9b7695861616c3,review,MANTENER_Y_REVISAR,P3,Media,runtime-reachable,No se confirmó obsolescencia en el análisis estático; conservar hasta validación dinámica.
app/(public)/layout.tsx,app,.tsx,4864,147,5d0c3562a4ae37c183441d99238c3748c83574d0f3268b1e84d46b020fdd8d26,review,MANTENER_Y_REVISAR,P3,Media,runtime-entry,No se confirmó obsolescencia en el análisis estático; conservar hasta validación dinámica.
app/(public)/page.tsx,app,.tsx,18309,361,a8f267d6cbdf3365bf2a4f04771b356c96b872078374835c797c9554ef13c5b3,review,MANTENER_Y_REVISAR,P3,Media,runtime-entry,No se confirmó obsolescencia en el análisis estático; conservar hasta validación dinámica.
app/intranet/layout.tsx,app,.tsx,2005,52,1f23e4dabe552694e34634e5f2c2af5ebf4df52f0f7f175a20d93663d72a3147,review,MANTENER_Y_REVISAR,P3,Media,runtime-entry,No se confirmó obsolescencia en el análisis estático; conservar hasta validación dinámica.
app/sw.js/route.ts,app,.ts,3527,86,a293d77bdef34d42d37589f6db8037b13f6fe4768d6455616ee10674c3c69b67,review,MANTENER_Y_REVISAR,P3,Media,runtime-entry,No se confirmó obsolescencia en el análisis estático; conservar hasta validación dinámica.
app/intranet/admin/layout.tsx,app,.tsx,6257,127,856f794790162a020b188a7b111a38577986670c24032d14b7ad91c83dae7586,review,MANTENER_Y_REVISAR,P3,Media,runtime-entry,No se confirmó obsolescencia en el análisis estático; conservar hasta validación dinámica.
app/intranet/admin/page.tsx,app,.tsx,8872,208,55815bfdfa9a84283433e2ce9eaa2b36f082d113b3b93d85904bb96797374f17,review,MANTENER_Y_REVISAR,P3,Media,runtime-entry,No se confirmó obsolescencia en el análisis estático; conservar hasta validación dinámica.
app/intranet/acceso-denegado/page.tsx,app,.tsx,854,19,ae860ee6fbf906266203bda521a806fd64a89b36cde4d7b76938e494fd8f693c,review,MANTENER_Y_REVISAR,P3,Media,runtime-entry,No se confirmó obsolescencia en el análisis estático; conservar hasta validación dinámica.
app/intranet/dashboard/page.tsx,app,.tsx,1270,47,9d9dd00ebfb5c9c305b4e8b009b21681b6c0a73869ad908c38f16e084e35aea5,review,MANTENER_Y_REVISAR,P3,Media,runtime-entry,No se confirmó obsolescencia en el análisis estático; conservar hasta validación dinámica.
app/intranet/login/page.tsx,app,.tsx,4507,120,7431c80d762b58a4e8cbb612314d79229e1df4f031f859b247cd35315ad65a2e,review,CORREGIR_INMEDIATAMENTE,P0,Alta,runtime-entry,La UI ignora requiere2fa y redirige sin completar el segundo factor.
app/intranet/sgie/layout.tsx,app,.tsx,12121,248,8527767963396661ca2fa2422f166b0809a29e32d4d8ec527fd285da7e927eb9,review,MANTENER_Y_REVISAR,P3,Media,runtime-entry,No se confirmó obsolescencia en el análisis estático; conservar hasta validación dinámica.
app/intranet/sgie/page.tsx,app,.tsx,14428,293,a1501194144f1c8775cc4d2c4d9062092609bd894f59bdcd3f39f48f256dc967,review,MANTENER_Y_REVISAR,P3,Media,runtime-entry,No se confirmó obsolescencia en el análisis estático; conservar hasta validación dinámica.
app/intranet/restablecer-clave/[token]/page.tsx,app,.tsx,2757,59,ff7c14c93bc3f6fbad6570fb0bca7148bc0766c21e06d33aa4cfa4f1eda158b1,review,MANTENER_Y_REVISAR,P3,Media,runtime-entry,No se confirmó obsolescencia en el análisis estático; conservar hasta validación dinámica.
app/intranet/sgie/mi-jornada/page.tsx,app,.tsx,8605,208,23523c35799e6bea5299a4036cbbe5ca385c52d90827a61eb6bd556568767da7,review,MANTENER_Y_REVISAR,P3,Media,runtime-entry,No se confirmó obsolescencia en el análisis estático; conservar hasta validación dinámica.
app/intranet/sgie/revision-documental/page.tsx,app,.tsx,29296,602,3905e3e672eca2a19e8ee24a2c7b2eca6b89c59dcda941ef6d3571ddfc4b8572,review,MANTENER_Y_PLANIFICAR_REFACTORIZACION,P2,Alta,runtime-entry;large_file:602_lines,Supera el presupuesto recomendado de tamaño; candidato a modularización.
app/intranet/sgie/brief/page.tsx,app,.tsx,5683,110,2ee52047a803ea1730246a5ebf8fbd17782bccb77fdedfbdb0ea26a5230aa4b9,review,MANTENER_Y_REVISAR,P3,Media,runtime-entry,No se confirmó obsolescencia en el análisis estático; conservar hasta validación dinámica.
app/intranet/sgie/agenda/page.tsx,app,.tsx,31175,661,ba8b6be23f36b138af0f1580d91d79746dc287d34f5afa64eb29e9f4cb2620b7,review,MANTENER_Y_PLANIFICAR_REFACTORIZACION,P2,Alta,runtime-entry;large_file:661_lines,Supera el presupuesto recomendado de tamaño; candidato a modularización.
app/intranet/sgie/buscar/page.tsx,app,.tsx,5676,135,d0098701dd03762c0a1a556a2d4fda4ef6efeb0a430135be3def8799e6b80d90,review,MANTENER_Y_REVISAR,P3,Media,runtime-entry,No se confirmó obsolescencia en el análisis estático; conservar hasta validación dinámica.
app/intranet/sgie/tareas/page.tsx,app,.tsx,19840,423,1858f30084e8d658f7583f517bee8d69a782832e570a3479b9ebf3b828dfa887,review,MANTENER_Y_REVISAR,P3,Media,runtime-entry,No se confirmó obsolescencia en el análisis estático; conservar hasta validación dinámica.
app/intranet/sgie/carga/page.tsx,app,.tsx,5488,141,e54be1af0257bcdf391c5be0aab84927fa1b01b1f62f17b5fa58a57c9aedfee2,review,MANTENER_Y_REVISAR,P3,Media,runtime-entry,No se confirmó obsolescencia en el análisis estático; conservar hasta validación dinámica.
app/intranet/sgie/dashboard/page.tsx,app,.tsx,2931,38,c7fffbde055b1bbee7bb7e64e8a32d63577dabc1bb928f44cc0ce17006eb5f0f,review,MANTENER_Y_REVISAR,P3,Media,runtime-entry,No se confirmó obsolescencia en el análisis estático; conservar hasta validación dinámica.
app/intranet/sgie/clientes/page.tsx,app,.tsx,18271,436,b8d72147975c5cb7ac4e0ac871786e75a478e0a7182477cd2de71be547adbc1d,review,MANTENER_Y_REVISAR,P3,Media,runtime-entry,No se confirmó obsolescencia en el análisis estático; conservar hasta validación dinámica.
app/intranet/sgie/productividad/page.tsx,app,.tsx,11739,244,4461e20cbf77e10846dc119982b262af2444bd9764ed7b3d1165a3f8eaaf31d9,review,MANTENER_Y_REVISAR,P3,Media,runtime-entry,No se confirmó obsolescencia en el análisis estático; conservar hasta validación dinámica.
app/intranet/sgie/documentos/page.tsx,app,.tsx,23597,483,11c8792146d3d48cbda506af9ad733271d6a25adb0a4bd603d96944127ef3e88,review,MANTENER_Y_REVISAR,P3,Media,runtime-entry,No se confirmó obsolescencia en el análisis estático; conservar hasta validación dinámica.
app/intranet/sgie/alertas/page.tsx,app,.tsx,5249,148,387fd1a2a831e7cd6f07c368b34753c41814237249b6ff9bdadc5f133bb2751f,review,MANTENER_Y_REVISAR,P3,Media,runtime-entry,No se confirmó obsolescencia en el análisis estático; conservar hasta validación dinámica.
app/intranet/sgie/portal-cliente/page.tsx,app,.tsx,12876,301,90f7d1de55470f41231fad01b62826c825733f01eccabfd9fe742fbbd59e7a88,review,MANTENER_Y_REVISAR,P3,Media,runtime-entry,No se confirmó obsolescencia en el análisis estático; conservar hasta validación dinámica.
app/intranet/sgie/reportes/page.tsx,app,.tsx,16707,363,529d1b76dd2fa950943f9084a652e373cae9b6e8d124bdfbdf186f29bf6ace7e,review,MANTENER_Y_REVISAR,P3,Media,runtime-entry,No se confirmó obsolescencia en el análisis estático; conservar hasta validación dinámica.
app/intranet/sgie/correos/page.tsx,app,.tsx,4386,124,d0f2856f5bf27ffa6e9c436c3915a2cc4ab91dcdd4b4a3dd74bab55431c36c05,review,MANTENER_Y_REVISAR,P3,Media,runtime-entry,No se confirmó obsolescencia en el análisis estático; conservar hasta validación dinámica.
app/intranet/sgie/expedientes/page.tsx,app,.tsx,20364,452,fe069171264b8fc68e8133c903b9b45fb6c3b7e44bc1bac81b00b033e623e4d1,review,MANTENER_Y_REVISAR,P3,Media,runtime-entry,No se confirmó obsolescencia en el análisis estático; conservar hasta validación dinámica.
app/intranet/sgie/riesgo/page.tsx,app,.tsx,6025,155,c071dab9f884a6a7eff8081be6b30e0e4b4fb7b60320d45479579a0aa0967198,review,MANTENER_Y_REVISAR,P3,Media,runtime-entry,No se confirmó obsolescencia en el análisis estático; conservar hasta validación dinámica.
app/intranet/sgie/contradicciones/page.tsx,app,.tsx,4304,69,dfeb5d053a8405f803af4732998326352cceb4759f0299d839e19dfb42a9bd21,review,MANTENER_Y_REVISAR,P3,Media,runtime-entry,No se confirmó obsolescencia en el análisis estático; conservar hasta validación dinámica.
app/intranet/sgie/expedientes/[id]/page.tsx,app,.tsx,21900,522,2538296fb0e0bdb4109b846c1488d980535b8474abbafaa521ad9ba5c0507ebe,review,MANTENER_Y_PLANIFICAR_REFACTORIZACION,P2,Alta,runtime-entry;large_file:522_lines,Supera el presupuesto recomendado de tamaño; candidato a modularización.
app/intranet/sgie/documentos/segmentacion/page.tsx,app,.tsx,4561,75,ee4c58ed727c5d3f92565baa6c912c80790cbe94796a37a69f658d651eb6cb50,review,MANTENER_Y_REVISAR,P3,Media,runtime-entry,No se confirmó obsolescencia en el análisis estático; conservar hasta validación dinámica.
app/intranet/sgie/documentos/comparacion/page.tsx,app,.tsx,3893,54,1db6b854f7db6e02997118fedc1d534de7172bd45e2b77c5590ebcc56fb01e0c,review,MANTENER_Y_REVISAR,P3,Media,runtime-entry,No se confirmó obsolescencia en el análisis estático; conservar hasta validación dinámica.
app/intranet/sgie/clientes/[id]/page.tsx,app,.tsx,17650,426,64de3734ba53a4acef6cd1ecbbd163837b8421c306ebd683f12984e68eb51d86,review,MANTENER_Y_REVISAR,P3,Media,runtime-entry,No se confirmó obsolescencia en el análisis estático; conservar hasta validación dinámica.
app/intranet/admin/delito-form/page.tsx,app,.tsx,17712,419,7308d16212a130ac4b20491e835e143184ca117bc8fe1c940ddd199f51f3bdf3,review,MANTENER_Y_REVISAR,P3,Media,runtime-entry,No se confirmó obsolescencia en el análisis estático; conservar hasta validación dinámica.
app/intranet/admin/perfil/page.tsx,app,.tsx,3687,70,733735071c779b13ce0eeaa5875f0695101a0e1d4fdd867c1675ff8442b00987,review,MANTENER_Y_REVISAR,P3,Media,runtime-entry,No se confirmó obsolescencia en el análisis estático; conservar hasta validación dinámica.
app/intranet/admin/cp/page.tsx,app,.tsx,8194,148,d9eba93e5a8504d1c1a4206fa67c33dcab140a997c00b957298079df2c2e0028,review,MANTENER_Y_REVISAR,P3,Media,runtime-entry,No se confirmó obsolescencia en el análisis estático; conservar hasta validación dinámica.
app/intranet/admin/comunicaciones/page.tsx,app,.tsx,12649,297,b7cb717f5426cb7682d9ba5a5e1cf23c9f2333300f1ed8d1e1b4cfacfc9ebaf5,review,MANTENER_Y_REVISAR,P3,Media,runtime-entry,No se confirmó obsolescencia en el análisis estático; conservar hasta validación dinámica.
app/intranet/admin/usuarios/page.tsx,app,.tsx,6952,132,0894cef538e850de4f4d3267c93f39282b53d0a5175cecc51762e8ab6dfe0873,review,MANTENER_Y_REVISAR,P3,Media,runtime-entry,No se confirmó obsolescencia en el análisis estático; conservar hasta validación dinámica.
app/intranet/admin/calculadora/page.tsx,app,.tsx,9074,243,823bdd2015cb9d14df829a6007af259d57381993a05779fdf2fb08370c49cd20,review,MANTENER_Y_REVISAR,P3,Media,runtime-entry,No se confirmó obsolescencia en el análisis estático; conservar hasta validación dinámica.
app/intranet/admin/delitos/page.tsx,app,.tsx,10105,170,569c57ede5b911a33ce5821e7a7c6f702d8199671ff1a095c2c405a002d42a46,review,CORREGIR_RUTAS,P0,Alta,runtime-entry,Enlaces apuntan a /delito-form en vez de /intranet/admin/delito-form.
app/intranet/admin/invitaciones/page.tsx,app,.tsx,7256,158,aaf230db52f9bd7eb0b4c444b0cafd15616e51cfc9cbf1b5cc13760ad07f4479,review,MANTENER_Y_REVISAR,P3,Media,runtime-entry,No se confirmó obsolescencia en el análisis estático; conservar hasta validación dinámica.
app/intranet/admin/agravantes/page.tsx,app,.tsx,17173,411,e718b3fec51044158d3647c7602b08aaec27849717cf8e0ff1e8a338b7ad26b8,review,MANTENER_Y_REVISAR,P3,Media,runtime-entry,No se confirmó obsolescencia en el análisis estático; conservar hasta validación dinámica.
app/intranet/admin/auditoria/page.tsx,app,.tsx,4895,99,f9930ee88fa42e48f3d271ab957c8fdf0b13ddc691ea40f6f4e6a9225c6e9fda,review,MANTENER_Y_REVISAR,P3,Media,runtime-entry,No se confirmó obsolescencia en el análisis estático; conservar hasta validación dinámica.
app/intranet/admin/casos/page.tsx,app,.tsx,5190,104,0aeb61f912a6aa3f5a69076e91c3a5c6d65014a3a7df1244417975230ec97645,review,MANTENER_Y_REVISAR,P3,Media,runtime-entry,No se confirmó obsolescencia en el análisis estático; conservar hasta validación dinámica.
app/intranet/admin/casos/[id]/page.tsx,app,.tsx,8705,160,54e410950527ccea5162af49d76d05006a075e031c05b14b072cec26b8c3934a,review,MANTENER_Y_REVISAR,P3,Media,runtime-entry,No se confirmó obsolescencia en el análisis estático; conservar hasta validación dinámica.
app/intranet/admin/sgie/reglas-comunicacion/page.tsx,app,.tsx,8239,194,c1bf1b404516fe3d8a24f5d4b15e5591996506c1c30ace7022432aac76752a48,review,MANTENER_Y_REVISAR,P3,Media,runtime-entry,No se confirmó obsolescencia en el análisis estático; conservar hasta validación dinámica.
app/intranet/admin/sgie/retencion/page.tsx,app,.tsx,2408,48,39429ecb2fa9b07f133d9e6116c6ece29d49d82ea6d3fa5afa3e698193ea1ec2,review,MANTENER_Y_REVISAR,P3,Media,runtime-entry,No se confirmó obsolescencia en el análisis estático; conservar hasta validación dinámica.
app/intranet/admin/sgie/reglas/page.tsx,app,.tsx,3177,75,6eff5a3f7d2fc2d3f886067d665e63df4280ac7f61775585fc27f164e54eaa80,review,MANTENER_Y_REVISAR,P3,Media,runtime-entry,No se confirmó obsolescencia en el análisis estático; conservar hasta validación dinámica.
app/intranet/admin/sgie/conocimiento/page.tsx,app,.tsx,6684,129,945b22efff0a8c5748320bf1984949082e9f5dd4c0a707dd0641d2c4c1177e62,review,MANTENER_Y_REVISAR,P3,Media,runtime-entry,No se confirmó obsolescencia en el análisis estático; conservar hasta validación dinámica.
app/intranet/admin/sgie/alertas/page.tsx,app,.tsx,9996,219,bdf382fe4121e1adf2956cf4b01f8272458292a9899b02cb232ed2f020147bde,review,MANTENER_Y_REVISAR,P3,Media,runtime-entry,No se confirmó obsolescencia en el análisis estático; conservar hasta validación dinámica.
app/intranet/admin/sgie/simulador/page.tsx,app,.tsx,12236,303,782b84758788aa26a6205946cf02cce2da176fe18b3f0863cd7bf51c6994ac72,review,MANTENER_Y_REVISAR,P3,Media,runtime-entry,No se confirmó obsolescencia en el análisis estático; conservar hasta validación dinámica.
app/intranet/admin/sgie/metricas/page.tsx,app,.tsx,5084,108,8edf3b537344a36ffced92a9455e26bfa31f01df5071b19b26101b7f1e39eb82,review,MANTENER_Y_REVISAR,P3,Media,runtime-entry,No se confirmó obsolescencia en el análisis estático; conservar hasta validación dinámica.
app/intranet/admin/sgie/plantillas/page.tsx,app,.tsx,21346,519,2844cccacd1164872f827c0c43904a3fb8c6570d3719ac9a724a2e52a4f522cb,review,MANTENER_Y_PLANIFICAR_REFACTORIZACION,P2,Alta,runtime-entry;large_file:519_lines,Supera el presupuesto recomendado de tamaño; candidato a modularización.
app/intranet/admin/sgie/evaluacion-ia/page.tsx,app,.tsx,8613,189,9c00bad544b71c94b46c78f182d5265d85884fc2e27c0d7da7661bb2028f4d59,review,MANTENER_Y_REVISAR,P3,Media,runtime-entry,No se confirmó obsolescencia en el análisis estático; conservar hasta validación dinámica.
app/intranet/admin/delitos/[id]/page.tsx,app,.tsx,5726,112,65024133478da5e87ac5e60d6d4e432340f9d55f8ded93fe1f320c004e839313,review,MANTENER_Y_REVISAR,P3,Media,runtime-entry,No se confirmó obsolescencia en el análisis estático; conservar hasta validación dinámica.
app/intranet/admin/usuarios/[id]/page.tsx,app,.tsx,6481,140,64369d4e5f26ae2d8e16b3e5e0226b5572f5e6285a98612f8b7ce63aeb7c199f,review,MANTENER_Y_REVISAR,P3,Media,runtime-entry,No se confirmó obsolescencia en el análisis estático; conservar hasta validación dinámica.
app/intranet/admin/cp/[id]/page.tsx,app,.tsx,5921,110,8d4234672b23c788d7dd30357a0016bf6b906959c64e9eb8c6133a9b787fc62b,review,MANTENER_Y_REVISAR,P3,Media,runtime-entry,No se confirmó obsolescencia en el análisis estático; conservar hasta validación dinámica.
app/intranet/activar-invitacion/[token]/page.tsx,app,.tsx,5460,123,a88bca89f75f24bdd2838469e0699badb9692d9e6f5f663664a392ac3b06a284,review,MANTENER_Y_REVISAR,P3,Media,runtime-entry,No se confirmó obsolescencia en el análisis estático; conservar hasta validación dinámica.
app/(public)/abogado-penalista-choluteca/page.tsx,app,.tsx,21179,453,3984ac6ad1e7cbd8a0e2a49ec7bf3accce6733c2fc177f98dd485f528b5f4420,review,MANTENER_Y_REVISAR,P3,Media,runtime-entry,No se confirmó obsolescencia en el análisis estático; conservar hasta validación dinámica.
app/(public)/abogado-penalista-nacaome/page.tsx,app,.tsx,13326,241,e12e0bd996b68741c9b28e2fdf0b9912d38f4ef6c9e284cd999abc1ebbe60823,review,MANTENER_Y_REVISAR,P3,Media,runtime-entry,No se confirmó obsolescencia en el análisis estático; conservar hasta validación dinámica.
app/(public)/politica-editorial/page.tsx,app,.tsx,7635,164,742afe7b8e2f38f51b190bbc29800df53da08d6a2c2177c352ef19e6ff1f313c,review,MANTENER_Y_REVISAR,P3,Media,runtime-entry,No se confirmó obsolescencia en el análisis estático; conservar hasta validación dinámica.
app/(public)/abogados-en-choluteca/page.tsx,app,.tsx,5244,109,b66621752314c4bde20ee438aa7f8aec6a05e440863df4beb424778a8d393767,review,MANTENER_Y_REVISAR,P3,Media,runtime-entry,No se confirmó obsolescencia en el análisis estático; conservar hasta validación dinámica.
app/(public)/abogados-en-concepcion-de-maria/page.tsx,app,.tsx,1169,30,0544c7c4d951a14bc2f9157724ced3a030492ea72a17f0be6e25e635ff7cf25d,review,MANTENER_Y_REVISAR,P3,Media,runtime-entry,No se confirmó obsolescencia en el análisis estático; conservar hasta validación dinámica.
app/(public)/preguntas-frecuentes/page.tsx,app,.tsx,17397,404,b4901ae083cd96aaf967cd9c792c245e4b16bbce31ada4c5f84f94d6f829d3a0,review,MANTENER_Y_REVISAR,P3,Media,runtime-entry,No se confirmó obsolescencia en el análisis estático; conservar hasta validación dinámica.
app/(public)/abogados-en-san-lorenzo/page.tsx,app,.tsx,1686,42,846c8963e929924c35b65d64f208e2c4f59aa969a799c3cf21d5a45d3cf0cc61,review,MANTENER_Y_REVISAR,P3,Media,runtime-entry,No se confirmó obsolescencia en el análisis estático; conservar hasta validación dinámica.
app/(public)/abogados-en-marcovia/page.tsx,app,.tsx,1119,31,b584359980b13547e5faead607695c3ffdb4d6a267aad0ab057e9b41dbc73fe5,review,MANTENER_Y_REVISAR,P3,Media,runtime-entry,No se confirmó obsolescencia en el análisis estático; conservar hasta validación dinámica.
app/(public)/blog/page.tsx,app,.tsx,11197,259,61b212d9aa47cfd5b314696460bdb9989cdd7c55678c3c979c83b09f6add3dfe,review,MANTENER_Y_REVISAR,P3,Media,runtime-entry,No se confirmó obsolescencia en el análisis estático; conservar hasta validación dinámica.
app/(public)/guia-legal-abogados-honduras/page.tsx,app,.tsx,18354,358,48a711be5830fc42b3e3c518ee546c582ae03bdd5216c17e45c8eca0701e9cf8,review,MANTENER_Y_REVISAR,P3,Media,runtime-entry,No se confirmó obsolescencia en el análisis estático; conservar hasta validación dinámica.
app/(public)/disclaimer/page.tsx,app,.tsx,9124,195,e1480475e895f1949910b6611d72fc43007c8436086fce480e68410c0e2f4b51,review,MANTENER_Y_REVISAR,P3,Media,runtime-entry,No se confirmó obsolescencia en el análisis estático; conservar hasta validación dinámica.
app/(public)/abogado-civil-nacaome/page.tsx,app,.tsx,13103,232,72ba7db30789da54f6ca581d4d60cc5d4d5753a3d7c265db63a36eec5702a7a8,review,MANTENER_Y_REVISAR,P3,Media,runtime-entry,No se confirmó obsolescencia en el análisis estático; conservar hasta validación dinámica.
app/(public)/abogados-en-goascoran/page.tsx,app,.tsx,1639,41,e49d27db6e0abd69dd41acad96a17bf11221118ec27a584b72f736942ad4fd47,review,MANTENER_Y_REVISAR,P3,Media,runtime-entry,No se confirmó obsolescencia en el análisis estático; conservar hasta validación dinámica.
app/(public)/politica-privacidad/page.tsx,app,.tsx,13469,252,f6f404e565ee2771021dcaeff698ed754f23a9d91d278480d6b10326d6a3bc44,review,MANTENER_Y_REVISAR,P3,Media,runtime-entry,No se confirmó obsolescencia en el análisis estático; conservar hasta validación dinámica.
app/(public)/despacho/page.tsx,app,.tsx,25545,424,5de6208aa7411999b048147e298bd5431f335a06abf349423671208f24406109,review,MANTENER_Y_REVISAR,P3,Media,runtime-entry,No se confirmó obsolescencia en el análisis estático; conservar hasta validación dinámica.
app/(public)/abogado-laboralista-nacaome/page.tsx,app,.tsx,12808,231,2178a55ff9cc159579ff1c14baa12d38900e8984adcebbcbf645ed77c25f551c,review,MANTENER_Y_REVISAR,P3,Media,runtime-entry,No se confirmó obsolescencia en el análisis estático; conservar hasta validación dinámica.
app/(public)/abogados-en-alianza/page.tsx,app,.tsx,1109,30,1a3b8fd23316671a28d9d243345d1f19da2e6b16cce1e8253f96f22c2c050a41,review,MANTENER_Y_REVISAR,P3,Media,runtime-entry,No se confirmó obsolescencia en el análisis estático; conservar hasta validación dinámica.
app/(public)/abogado-de-familia-nacaome/page.tsx,app,.tsx,12766,231,d3297ba76b0872546ab9aaaf0b8af2331729947a1a8b0914f2162363d14f63f2,review,MANTENER_Y_REVISAR,P3,Media,runtime-entry,No se confirmó obsolescencia en el análisis estático; conservar hasta validación dinámica.
app/(public)/abogados-en-nacaome/page.tsx,app,.tsx,4167,100,cf083249b7c571d29e090eaded0fc8381bfeaf316f1a6b7376dfa63bf2b80caf,review,MANTENER_Y_REVISAR,P3,Media,runtime-entry,No se confirmó obsolescencia en el análisis estático; conservar hasta validación dinámica.
app/(public)/abogados-en-langue/page.tsx,app,.tsx,1188,32,e759843ce744e296c0093416d8343da29c5960ec29c8c11e28350ee051a1ff7c,review,MANTENER_Y_REVISAR,P3,Media,runtime-entry,No se confirmó obsolescencia en el análisis estático; conservar hasta validación dinámica.
app/(public)/abogados-en-san-marcos-de-colon/page.tsx,app,.tsx,1583,41,69cebc942eab993fec1d13ae301777a7c6a8f72374a938ce7bfec6b594bd3376,review,MANTENER_Y_REVISAR,P3,Media,runtime-entry,No se confirmó obsolescencia en el análisis estático; conservar hasta validación dinámica.
app/(public)/abogados-en-san-antonio-de-flores/page.tsx,app,.tsx,1162,30,4b4ba350f0f643941c1de7263447f501cf3fe7257b15f07c08c6e9ce99271119,review,MANTENER_Y_REVISAR,P3,Media,runtime-entry,No se confirmó obsolescencia en el análisis estático; conservar hasta validación dinámica.
app/(public)/abogados-en-namasigue/page.tsx,app,.tsx,1214,32,c2ef720205c9cf9b55d60d4e3ce68cf8ef0895c8ea23e9d50eaf7e6449fb9fe7,review,MANTENER_Y_REVISAR,P3,Media,runtime-entry,No se confirmó obsolescencia en el análisis estático; conservar hasta validación dinámica.
app/(public)/aviso-legal/page.tsx,app,.tsx,9407,190,2612b5b93f9edbb3e3d7fcb4a3863d58e12670c5144487a7ccc9abd7e4bc2966,review,MANTENER_Y_REVISAR,P3,Media,runtime-entry,No se confirmó obsolescencia en el análisis estático; conservar hasta validación dinámica.
app/(public)/abogados-en-pespire/page.tsx,app,.tsx,1130,31,d38e322a7ab55d4c47d4b146e25c036bced40123a9b98ae65db7ecc521447180,review,MANTENER_Y_REVISAR,P3,Media,runtime-entry,No se confirmó obsolescencia en el análisis estático; conservar hasta validación dinámica.
app/(public)/abogados-en-amapala/page.tsx,app,.tsx,1606,41,d4dafa290e2f8560196de29b595a9eb2e6e5e8246054a39357579c9e28d8d486,review,MANTENER_Y_REVISAR,P3,Media,runtime-entry,No se confirmó obsolescencia en el análisis estático; conservar hasta validación dinámica.
app/(public)/abogados-en-caridad/page.tsx,app,.tsx,1106,30,7a0ba2c98ac384f9c35e660dee89fc1f9a971304c1a9fd5fd6a72843e73a16d2,review,MANTENER_Y_REVISAR,P3,Media,runtime-entry,No se confirmó obsolescencia en el análisis estático; conservar hasta validación dinámica.
app/(public)/abogados-en-orocuina/page.tsx,app,.tsx,1206,32,2a792609ec9a7d9c0785a27076aa2c46241e5bfc30096a13af5e13933a7d5123,review,MANTENER_Y_REVISAR,P3,Media,runtime-entry,No se confirmó obsolescencia en el análisis estático; conservar hasta validación dinámica.
app/(public)/como-llegar/page.tsx,app,.tsx,14839,296,d2050936b182cfce66166d34e3498ca5ed778bbdeff65726a3aa5eb150966bb7,review,MANTENER_Y_REVISAR,P3,Media,runtime-entry,No se confirmó obsolescencia en el análisis estático; conservar hasta validación dinámica.
app/(public)/solicitar-consulta/page.tsx,app,.tsx,16734,324,7627672d421adb012b9840c3b8a6e69d777cacd227554e4984f1e6c2c934aa09,review,MANTENER_Y_REVISAR,P3,Media,runtime-entry,No se confirmó obsolescencia en el análisis estático; conservar hasta validación dinámica.
app/(public)/politica-cookies/page.tsx,app,.tsx,9355,187,ca76958c8143b4a1fd34b696a7ebd1653b69781230e2fb64353d1916f876f9d0,review,MANTENER_Y_REVISAR,P3,Media,runtime-entry,No se confirmó obsolescencia en el análisis estático; conservar hasta validación dinámica.
app/(public)/hondurenos-en-espana/page.tsx,app,.tsx,15772,286,e1778a8b7acf7e107880e8d6810153e18cf18520551beb4c203950380291fe81,review,MANTENER_Y_REVISAR,P3,Media,runtime-entry,No se confirmó obsolescencia en el análisis estático; conservar hasta validación dinámica.
app/(public)/derecho-penal/page.tsx,app,.tsx,29830,610,4e41ede543ed7cb4246825ab83ec871918f516f6935d5f6e87ff0813ed38c7e9,review,MANTENER_Y_PLANIFICAR_REFACTORIZACION,P2,Alta,runtime-entry;large_file:610_lines,Supera el presupuesto recomendado de tamaño; candidato a modularización.
app/(public)/servicios-juridicos/page.tsx,app,.tsx,10890,217,5f001917110ee9b23fa588984b38f9e9ad2ea774d40649e6eee52abde3517865,review,MANTENER_Y_REVISAR,P3,Media,runtime-entry,No se confirmó obsolescencia en el análisis estático; conservar hasta validación dinámica.
app/(public)/abogados-en-el-triunfo/page.tsx,app,.tsx,1635,42,09edb4836fa65030ccf4d2c24adae0d9f0abe3a6c96870daf14d1df8cdc68be0,review,MANTENER_Y_REVISAR,P3,Media,runtime-entry,No se confirmó obsolescencia en el análisis estático; conservar hasta validación dinámica.
app/(public)/terminos/page.tsx,app,.tsx,8779,194,b628744f39f984f3e918a8f1611e866dec46a0df89899db01b0ef93c37a83051,review,MANTENER_Y_REVISAR,P3,Media,runtime-entry,No se confirmó obsolescencia en el análisis estático; conservar hasta validación dinámica.
app/(public)/servicios-juridicos/[slug]/page.tsx,app,.tsx,25902,583,0e4f16bf66fb8907a49a2bbfb5fbcd36fbe4deee8162dd1bc424ad92ea5d0697,review,MANTENER_Y_PLANIFICAR_REFACTORIZACION,P2,Alta,runtime-entry;large_file:583_lines,Supera el presupuesto recomendado de tamaño; candidato a modularización.
app/(public)/derecho-penal/[slug]/page.tsx,app,.tsx,11933,268,589be52fe157253447d46e3c0c004ef62d49691c970d4b28511c7ded4f64d38f,review,MANTENER_Y_REVISAR,P3,Media,runtime-entry,No se confirmó obsolescencia en el análisis estático; conservar hasta validación dinámica.
app/(public)/hondurenos-en-espana/[slug]/page.tsx,app,.tsx,12541,273,edcc2985a16b9a233d7e5edf03fc7236e7b3a8d0e148a8973bbf1780b60b50c4,review,MANTENER_Y_REVISAR,P3,Media,runtime-entry,No se confirmó obsolescencia en el análisis estático; conservar hasta validación dinámica.
app/(public)/preview/[token]/page.tsx,app,.tsx,2875,79,bad34a140f6bda7c5c952325ec726820fd53a0affd99d5e94262cf041d215f52,review,MANTENER_Y_REVISAR,P3,Media,runtime-entry,No se confirmó obsolescencia en el análisis estático; conservar hasta validación dinámica.
app/(public)/blog/[categoria]/page.tsx,app,.tsx,9908,211,e602435e491dc02f36563d844663ae46d111e7df67b1717b72ab0adf89d3a3cf,review,MANTENER_Y_REVISAR,P3,Media,runtime-entry,No se confirmó obsolescencia en el análisis estático; conservar hasta validación dinámica.
app/(public)/blog/feed.xml/route.ts,app,.ts,2500,68,5c6a3bc29780c6a6f752af4e35039be998d8847e92a91cc5f20baf0f5983f12d,review,MANTENER_Y_REVISAR,P3,Media,runtime-entry,No se confirmó obsolescencia en el análisis estático; conservar hasta validación dinámica.
app/(public)/blog/[categoria]/[slug]/page.tsx,app,.tsx,34149,677,943a7c99270fa15def65706b270023acfb031bfcb116382b7bdbf217b3cab5f8,review,MANTENER_Y_PLANIFICAR_REFACTORIZACION,P2,Alta,runtime-entry;large_file:677_lines,Supera el presupuesto recomendado de tamaño; candidato a modularización.
app/api/calculos/route.ts,app,.ts,1863,52,c8cc358add3dfb6ef8a147b32ae211a995ac9126252dec12770e886f4ba9bb44,review,MANTENER_Y_REVISAR,P3,Media,runtime-entry,No se confirmó obsolescencia en el análisis estático; conservar hasta validación dinámica.
app/api/cp/route.ts,app,.ts,2197,76,a39e541d483e9264b3f91a22e9d866341f20b13e5440f027e12aa2fbf85eacf3,review,MANTENER_Y_REVISAR,P3,Media,runtime-entry,No se confirmó obsolescencia en el análisis estático; conservar hasta validación dinámica.
app/api/chat/route.ts,app,.ts,3504,97,d5f6f1bf7c04eb5f4ef16c73c322aa9aa8b6196d6fc099b56fda9906fd097301,review,MANTENER_Y_REVISAR,P3,Media,runtime-entry,No se confirmó obsolescencia en el análisis estático; conservar hasta validación dinámica.
app/api/supuestos-penales/route.ts,app,.ts,2716,77,f5939b389a6199a37f47778d0cfdc45196cbc58a3adc7b35e984f51cbd449a1f,review,MANTENER_Y_REVISAR,P3,Media,runtime-entry,No se confirmó obsolescencia en el análisis estático; conservar hasta validación dinámica.
app/api/descargar/route.ts,app,.ts,5419,148,61304941fcc3dcf293704dbd2a042fc9f1028ee5bc8e581f70474ae6cfa51ce7,review,MANTENER_Y_REVISAR,P3,Media,runtime-entry,No se confirmó obsolescencia en el análisis estático; conservar hasta validación dinámica.
app/api/subscribe/route.ts,app,.ts,2375,73,44461ec6a38d47094a11342c974f1af021705e9014377bd54ad50115e845e57d,review,MANTENER_Y_REVISAR,P3,Media,runtime-entry,No se confirmó obsolescencia en el análisis estático; conservar hasta validación dinámica.
app/api/whatsapp/route.ts,app,.ts,858,29,d4130b3b6959a34478908de8e657256f4ada89b980071fe85d9e6262dde8539f,review,MANTENER_Y_REVISAR,P3,Media,runtime-entry,No se confirmó obsolescencia en el análisis estático; conservar hasta validación dinámica.
app/api/clasificaciones/route.ts,app,.ts,431,15,f26da244b4f7b8e0423dbc96024a26e7a88092e3db1ca9af99ef4b8280138d37,review,MANTENER_Y_REVISAR,P3,Media,runtime-entry,No se confirmó obsolescencia en el análisis estático; conservar hasta validación dinámica.
app/api/consulta/route.ts,app,.ts,6533,167,6ff7235557b2b13cca91efe6abe1fae914809d698a5047884ddf643b3c0a6a54,review,MANTENER_Y_REVISAR,P3,Media,runtime-entry,No se confirmó obsolescencia en el análisis estático; conservar hasta validación dinámica.
app/api/revalidate/route.ts,app,.ts,6830,195,191343351557ad2a864e31a15dfd97b3faa7e987cdf40de34ecf9f9c2aa73f4f,review,MANTENER_Y_REVISAR,P3,Media,runtime-entry,No se confirmó obsolescencia en el análisis estático; conservar hasta validación dinámica.
app/api/delitos/route.ts,app,.ts,4011,112,56582f43682fc4227039702b9db97780f560002bebc0fad0b4048b3feb2dd549,review,MANTENER_Y_REVISAR,P3,Media,runtime-entry,No se confirmó obsolescencia en el análisis estático; conservar hasta validación dinámica.
app/api/indexnow-key/route.ts,app,.ts,351,13,c3a4cf0d4e05dd00494d239c1892577e80c153ca1f0c6d203d44b3673daea5e1,review,MANTENER_Y_REVISAR,P3,Media,runtime-entry,No se confirmó obsolescencia en el análisis estático; conservar hasta validación dinámica.
app/api/remisiones-normativas/route.ts,app,.ts,1354,42,5a095acd4e3e3e6f16b305209f2b953951ae387e2c9d7e6de07138716191577d,review,MANTENER_Y_REVISAR,P3,Media,runtime-entry,No se confirmó obsolescencia en el análisis estático; conservar hasta validación dinámica.
app/api/contacto/route.ts,app,.ts,2952,89,f0de2e44417d4d513514505bcf2fce61bd3c4004aab890da23e97b912848f4c6,review,MANTENER_Y_REVISAR,P3,Media,runtime-entry,No se confirmó obsolescencia en el análisis estático; conservar hasta validación dinámica.
app/api/og/route.tsx,app,.tsx,3958,152,8ec94f9c4497b07485fb685ec5e1d6a160903de683b8c1ac004532b30823e473,review,MANTENER_Y_REVISAR,P3,Media,runtime-entry,No se confirmó obsolescencia en el análisis estático; conservar hasta validación dinámica.
app/api/health/route.ts,app,.ts,511,22,e0e441cfe8d68016144b044f4cb97297322482be47e7bedc83c79443a8692982,review,MANTENER_Y_REVISAR,P3,Media,runtime-entry,No se confirmó obsolescencia en el análisis estático; conservar hasta validación dinámica.
app/api/seed/route.ts,app,.ts,4205,81,97b4afabb67b29ee289d736826b6d5f8d8c5fdc398d58827d592a54d8f3994d6,review,MANTENER_Y_REVISAR,P3,Media,runtime-entry,No se confirmó obsolescencia en el análisis estático; conservar hasta validación dinámica.
app/api/casos/route.ts,app,.ts,1581,58,668db6b419fe02b3b8adc4573a6bfc6c4c2d69a15ebd1cfd9cb079b1c2f441f2,review,MANTENER_Y_REVISAR,P3,Media,runtime-entry,No se confirmó obsolescencia en el análisis estático; conservar hasta validación dinámica.
app/api/calcular/route.ts,app,.ts,5057,127,cb66262456e94378037f871d3b80e8541ba54d83e2198b64adee585cc694e757,review,MANTENER_Y_REVISAR,P3,Media,runtime-entry,No se confirmó obsolescencia en el análisis estático; conservar hasta validación dinámica.
app/api/calcular/pdf/route.ts,app,.ts,1773,59,7db8a07f71325431f4c22cb4a1c40aea9ac9eb1b22544340e113f356c5c0f141,review,MANTENER_Y_REVISAR,P3,Media,runtime-entry,No se confirmó obsolescencia en el análisis estático; conservar hasta validación dinámica.
app/api/casos/[id]/route.ts,app,.ts,3359,107,984516d84e1bbee63e6e3c8a0df313f908352dcd294e843333ed2cc5b2a67e6b,review,MANTENER_Y_REVISAR,P3,Media,runtime-entry,No se confirmó obsolescencia en el análisis estático; conservar hasta validación dinámica.
app/api/casos/[id]/pdf/route.ts,app,.ts,1831,55,48b08139c069ae6331b3c5a79cc4aa066474c18e6935ade381b252dacb5f91fd,review,MANTENER_Y_REVISAR,P3,Media,runtime-entry,No se confirmó obsolescencia en el análisis estático; conservar hasta validación dinámica.
app/api/health/readiness/route.ts,app,.ts,2674,86,714307557173350f423fdb4215d9f2d14b45f5b02d12da4df6b481d32995b880,review,MANTENER_Y_REVISAR,P3,Media,runtime-entry,No se confirmó obsolescencia en el análisis estático; conservar hasta validación dinámica.
app/api/public/portal/route.ts,app,.ts,3086,85,7f1c196d5862e8bd89896c8636fc9a114a4c5fe30bbab7f80149b1dabb9174ac,review,MANTENER_Y_REVISAR,P3,Media,runtime-entry,No se confirmó obsolescencia en el análisis estático; conservar hasta validación dinámica.
app/api/public/cargar/[token]/route.ts,app,.ts,5052,155,0bfeccfe86318503cf1e7a00b21effb209ca106be8b775e72fa1e6b887937236,review,MANTENER_Y_REVISAR,P3,Media,runtime-entry,No se confirmó obsolescencia en el análisis estático; conservar hasta validación dinámica.
app/api/oauth/callback/route.ts,app,.ts,2896,70,106979cc3572e2bdc7a422983399a91020f5576c76b66ede4568cab5787ec98d,review,MANTENER_Y_REVISAR,P3,Media,runtime-entry,No se confirmó obsolescencia en el análisis estático; conservar hasta validación dinámica.
app/api/sgie/cockpit/route.ts,app,.ts,4613,97,534cc17180548e00d6e12ce85569b8528e19f26d692373910ffa1f105f505f9c,review,CORREGIR_INMEDIATAMENTE,P0,Alta,runtime-entry,Expone recuento global de correos fallidos a perfiles no administradores.
app/api/sgie/mi-jornada/route.ts,app,.ts,2730,77,f498858842efe0959140adbc1c3366c49b138d9ac8a9082a1f73a974e6031b1b,review,MANTENER_Y_REVISAR,P3,Media,runtime-entry,No se confirmó obsolescencia en el análisis estático; conservar hasta validación dinámica.
app/api/sgie/metricas-autonomia/route.ts,app,.ts,1827,36,a2b9509c15f25d8e2928d06ed452a8e0aedc15cdac1fbd13456f07df4b7190ba,review,MANTENER_Y_REVISAR,P3,Media,runtime-entry,No se confirmó obsolescencia en el análisis estático; conservar hasta validación dinámica.
app/api/sgie/notificaciones/route.ts,app,.ts,9277,200,3e2f638af4860a90bc68b8f8a06967a8e0f32aacdadc420463fb39260d671c5b,review,MANTENER_Y_REVISAR,P3,Media,runtime-entry,No se confirmó obsolescencia en el análisis estático; conservar hasta validación dinámica.
app/api/sgie/brief/route.ts,app,.ts,2304,52,181ddbef343d909b9e1b57ec59e1350482495234ed3869c6090465925fc67c4c,review,MANTENER_Y_REVISAR,P3,Media,runtime-entry,No se confirmó obsolescencia en el análisis estático; conservar hasta validación dinámica.
app/api/sgie/agenda/route.ts,app,.ts,7128,149,acbfe1a98a07073f7825d49e53d5895de3df94b1d5c9ce33a89eecd2510dde9a,review,MANTENER_Y_REVISAR,P3,Media,runtime-entry,No se confirmó obsolescencia en el análisis estático; conservar hasta validación dinámica.
app/api/sgie/buscar/route.ts,app,.ts,2617,66,12861d8e4369f50d8ad37b01149ff2f044efcc284c30be250b60e7a5b97ace1d,review,MANTENER_Y_REVISAR,P3,Media,runtime-entry,No se confirmó obsolescencia en el análisis estático; conservar hasta validación dinámica.
app/api/sgie/tareas/route.ts,app,.ts,3773,112,2c7ffa9863e5460d928a470f0ada41e939320cddf158c4fb89ef3f6cfb2707c4,review,MANTENER_Y_REVISAR,P3,Media,runtime-entry,No se confirmó obsolescencia en el análisis estático; conservar hasta validación dinámica.
app/api/sgie/carga/route.ts,app,.ts,1742,50,6a40e920803930dcc5312af87a4f0332bdb4174d7bca27f79d20941a4c23f99a,review,MANTENER_Y_REVISAR,P3,Media,runtime-entry,No se confirmó obsolescencia en el análisis estático; conservar hasta validación dinámica.
app/api/sgie/revision/route.ts,app,.ts,2331,64,7f75413a1a2094110e8ba918743bc8f5f8bc8a0515125b6405e97866e5249dbe,review,MANTENER_Y_REVISAR,P3,Media,runtime-entry,No se confirmó obsolescencia en el análisis estático; conservar hasta validación dinámica.
app/api/sgie/enlaces/route.ts,app,.ts,4293,117,11d8a6b44578973a57349d5c264dd36c2ff85a29f5acf7b128e648fa7b51546e,review,MANTENER_Y_REVISAR,P3,Media,runtime-entry,No se confirmó obsolescencia en el análisis estático; conservar hasta validación dinámica.
app/api/sgie/clientes/route.ts,app,.ts,3099,80,555aa88ba5c38b316491d9b359282b6d9a7414713ee38167a566c0b59e08f28f,review,MANTENER_Y_REVISAR,P3,Media,runtime-entry,No se confirmó obsolescencia en el análisis estático; conservar hasta validación dinámica.
app/api/sgie/productividad/route.ts,app,.ts,7815,152,5c2dfc39f17a60477bd4a1e8df090dd60884aab7e47a3fe7ce196cb38f631e2f,review,MANTENER_Y_REVISAR,P3,Media,runtime-entry,No se confirmó obsolescencia en el análisis estático; conservar hasta validación dinámica.
app/api/sgie/documentos/route.ts,app,.ts,5091,142,a4679f4fa9df6761702dc1028c08a3b4a41f9d3e6d6d499b9f08139ab1eef76f,review,MANTENER_Y_REVISAR,P3,Media,runtime-entry,No se confirmó obsolescencia en el análisis estático; conservar hasta validación dinámica.
app/api/sgie/alertas/route.ts,app,.ts,2327,49,9e98f39b157e9b286c667fc9cc2b475c61c7c40d9d776584617f98fe6d39244b,review,MANTENER_Y_REVISAR,P3,Media,runtime-entry,No se confirmó obsolescencia en el análisis estático; conservar hasta validación dinámica.
app/api/sgie/tipos-procedimiento/route.ts,app,.ts,1751,50,8cbd30f8d5e8a99b9decddad386b48bfddadf18da1b2937aaaed858f214f9c63,review,MANTENER_Y_REVISAR,P3,Media,runtime-entry,No se confirmó obsolescencia en el análisis estático; conservar hasta validación dinámica.
app/api/sgie/reportes/route.ts,app,.ts,5633,157,26830e7093e185a79c110e64eafc896641bf1f67d2211175c51943a3436512ee,review,MANTENER_Y_REVISAR,P3,Media,runtime-entry,No se confirmó obsolescencia en el análisis estático; conservar hasta validación dinámica.
app/api/sgie/correos/route.ts,app,.ts,907,25,180aafe79d231f221151ca8a413668f69e3a1287f1e2f3eb84ea800e86aeda6d,review,MANTENER_Y_REVISAR,P3,Media,runtime-entry,No se confirmó obsolescencia en el análisis estático; conservar hasta validación dinámica.
app/api/sgie/dashboard-operativo/route.ts,app,.ts,792,18,7fb12261663c6a52567f67ad684dd0d1b8836b74347167d36b06c8b0201a65a1,review,MANTENER_Y_REVISAR,P3,Media,runtime-entry,No se confirmó obsolescencia en el análisis estático; conservar hasta validación dinámica.
app/api/sgie/plantillas/route.ts,app,.ts,2640,73,9aabf725b86de6a7b3bcdfec538a2dfac7d10506f6adf2111c522811fad6c079,review,MANTENER_Y_REVISAR,P3,Media,runtime-entry,No se confirmó obsolescencia en el análisis estático; conservar hasta validación dinámica.
app/api/sgie/expedientes/route.ts,app,.ts,5058,141,3e4075289b7d21857abedba1728abe846266cf6f84bfff790db3dc708966324a,review,MANTENER_Y_REVISAR,P3,Media,runtime-entry,No se confirmó obsolescencia en el análisis estático; conservar hasta validación dinámica.
app/api/sgie/riesgo/route.ts,app,.ts,2400,69,3a59d10288b9edac38b5fa548285d7824c88a7f9bcf814f5d87427152335418c,review,MANTENER_Y_REVISAR,P3,Media,runtime-entry,No se confirmó obsolescencia en el análisis estático; conservar hasta validación dinámica.
app/api/sgie/contradicciones/route.ts,app,.ts,2251,44,22bd64fa13003454c8c4676120989bcba357921cbf40319dea00168227c9d4fe,review,MANTENER_Y_REVISAR,P3,Media,runtime-entry,No se confirmó obsolescencia en el análisis estático; conservar hasta validación dinámica.
app/api/sgie/expedientes/[id]/route.ts,app,.ts,5385,162,3d9adfeaf6f45bde1a1ca296ea976da69e03c5f49cbcb6f788c93f32afac0b03,review,MANTENER_Y_REVISAR,P3,Media,runtime-entry,No se confirmó obsolescencia en el análisis estático; conservar hasta validación dinámica.
app/api/sgie/expedientes/[id]/readiness/route.ts,app,.ts,1276,21,2d9d0dca5958f5d9bae12dad1da304490f331f718a85826d4c57f9c42e7143fd,review,MANTENER_Y_REVISAR,P3,Media,runtime-entry,No se confirmó obsolescencia en el análisis estático; conservar hasta validación dinámica.
app/api/sgie/expedientes/[id]/resumen-ia/route.ts,app,.ts,8267,181,c88a51f3b40c54083cfc3e40cc7eb11333099317835718eaa27925aa00ca8f21,review,MANTENER_Y_REVISAR,P3,Media,runtime-entry,No se confirmó obsolescencia en el análisis estático; conservar hasta validación dinámica.
app/api/sgie/expedientes/[id]/signature-packages/route.ts,app,.ts,516,14,cdaeca28011bb30c10d10c7efe8465a41431bb3fc5ac5bedeeecb2ba6d7b19a9,review,MANTENER_Y_REVISAR,P3,Media,runtime-entry,No se confirmó obsolescencia en el análisis estático; conservar hasta validación dinámica.
app/api/sgie/expedientes/[id]/seguimiento/route.ts,app,.ts,4882,152,508a713ca7183f681179e71b706f9e42bb51c2bcaaa1a99353bf485ab52c74c2,review,MANTENER_Y_REVISAR,P3,Media,runtime-entry,No se confirmó obsolescencia en el análisis estático; conservar hasta validación dinámica.
app/api/sgie/expedientes/[id]/alertas/route.ts,app,.ts,602,21,2bfe4ab1ebd412edc8761285cc4c508bcc67f6224c395e1f16fd0b0bb79d9c0f,review,MANTENER_Y_REVISAR,P3,Media,runtime-entry,No se confirmó obsolescencia en el análisis estático; conservar hasta validación dinámica.
app/api/sgie/expedientes/[id]/inteligencia/route.ts,app,.ts,4435,102,249b09368ae58119bb6e19cd658fdc409b1ba892c7e54cdfc0b7aa5238f55fbd,review,MANTENER_Y_REVISAR,P3,Media,runtime-entry,No se confirmó obsolescencia en el análisis estático; conservar hasta validación dinámica.
app/api/sgie/expedientes/[id]/checklist/confirmar/route.ts,app,.ts,1826,61,60c83d73de7a40cf51decd90541b8fd257ee4146c7b6b5322b2c8d8c03822285,review,MANTENER_Y_REVISAR,P3,Media,runtime-entry,No se confirmó obsolescencia en el análisis estático; conservar hasta validación dinámica.
app/api/sgie/expedientes/[id]/seguimiento/recordatorio/route.ts,app,.ts,2341,72,e974e552d91f7429b0a9c314953135fb570c678283e06e95a9aca96dd43d47b6,review,MANTENER_Y_REVISAR,P3,Media,runtime-entry,No se confirmó obsolescencia en el análisis estático; conservar hasta validación dinámica.
app/api/sgie/expedientes/[id]/seguimiento/solicitud/route.ts,app,.ts,2310,70,425d8b4eade3ac9263375a6559ab30caef343dbdee59da541d86a21a38d94fab,review,MANTENER_Y_REVISAR,P3,Media,runtime-entry,No se confirmó obsolescencia en el análisis estático; conservar hasta validación dinámica.
app/api/sgie/expedientes/[id]/seguimiento/desbloquear/route.ts,app,.ts,1730,52,1739032becdf22b3247e7c827813bdf6d9cccb1965f6f3e2a9c01f021e71115d,review,MANTENER_Y_REVISAR,P3,Media,runtime-entry,No se confirmó obsolescencia en el análisis estático; conservar hasta validación dinámica.
app/api/sgie/expedientes/[id]/documentos/bulk-approval/preview/route.ts,app,.ts,1187,31,01ac50c5151779cae791a345d135dc430fae2f9134b18b0b2c29d364dbf44322,review,MANTENER_Y_REVISAR,P3,Media,runtime-entry,No se confirmó obsolescencia en el análisis estático; conservar hasta validación dinámica.
app/api/sgie/expedientes/[id]/documentos/bulk-approval/confirm/route.ts,app,.ts,1305,33,78e58eedf8bb0c2a836db7c7884adae52c7149c189c690fa7c8255af8c0dfe8a,review,MANTENER_Y_REVISAR,P3,Media,runtime-entry,No se confirmó obsolescencia en el análisis estático; conservar hasta validación dinámica.
app/api/sgie/expedientes/[id]/documentos/bulk-approval/[batchId]/route.ts,app,.ts,638,16,511d0b223a7807d1074aa92871cf4d1cd6d6e36721823363c60926479220c0bc,review,MANTENER_Y_REVISAR,P3,Media,runtime-entry,No se confirmó obsolescencia en el análisis estático; conservar hasta validación dinámica.
app/api/sgie/expedientes/[id]/documentos/bulk-approval/[batchId]/revert/route.ts,app,.ts,1255,32,c669f43c3a8a0c11a1e92584f92e5ba9955f6c2fad9e8b060cfc60855144f003,review,MANTENER_Y_REVISAR,P3,Media,runtime-entry,No se confirmó obsolescencia en el análisis estático; conservar hasta validación dinámica.
app/api/sgie/expedientes/[id]/signature-packages/preview/route.ts,app,.ts,1591,44,5123d27841d8f9264a172de2e773681dafcdd0b2185c4a0776dac4ce99901c64,review,MANTENER_Y_REVISAR,P3,Media,runtime-entry,No se confirmó obsolescencia en el análisis estático; conservar hasta validación dinámica.
app/api/sgie/expedientes/[id]/signature-packages/[packageId]/route.ts,app,.ts,521,14,879d5a4af79442db610f2db46ed03ec1d3bcbcfca643b9d0bea67996a001d99e,review,MANTENER_Y_REVISAR,P3,Media,runtime-entry,No se confirmó obsolescencia en el análisis estático; conservar hasta validación dinámica.
app/api/sgie/expedientes/[id]/signature-packages/confirm/route.ts,app,.ts,1168,31,b149f668ae95ec67a505be776ae8ce054a2915512410e601805adaa3877abf41,review,MANTENER_Y_REVISAR,P3,Media,runtime-entry,No se confirmó obsolescencia en el análisis estático; conservar hasta validación dinámica.
app/api/sgie/expedientes/[id]/signature-packages/[packageId]/lock/route.ts,app,.ts,870,23,9871f80369c2a927d4d0c06a1f22d214ce1463ac0153d7996778b805a08745c6,review,MANTENER_Y_REVISAR,P3,Media,runtime-entry,No se confirmó obsolescencia en el análisis estático; conservar hasta validación dinámica.
app/api/sgie/expedientes/[id]/signature-packages/[packageId]/cancel/route.ts,app,.ts,1053,29,9e25ad6cd2b30369c81c048c595b0f57fc96290e789f7968b836cc9689f6d035,review,MANTENER_Y_REVISAR,P3,Media,runtime-entry,No se confirmó obsolescencia en el análisis estático; conservar hasta validación dinámica.
app/api/sgie/expedientes/[id]/signature-packages/[packageId]/envelopes/route.ts,app,.ts,519,14,6d9357506c1afc939a13ff3d144831787217d0ebda0fc002d839215e857c70ea,review,MANTENER_Y_REVISAR,P3,Media,runtime-entry,No se confirmó obsolescencia en el análisis estático; conservar hasta validación dinámica.
app/api/sgie/expedientes/[id]/signature-packages/[packageId]/verify/route.ts,app,.ts,531,14,aa84ad5c1f9ebf415bec3ddffb1a0fdfead61ff9248e6a219200df596060c9f8,review,MANTENER_Y_REVISAR,P3,Media,runtime-entry,No se confirmó obsolescencia en el análisis estático; conservar hasta validación dinámica.
app/api/sgie/expedientes/[id]/signature-packages/[packageId]/supersede/route.ts,app,.ts,1207,31,3ac0fc7af03b5111ce283604b7b313a3375c20f58ce2324e700f88d1cbf7f678,review,MANTENER_Y_REVISAR,P3,Media,runtime-entry,No se confirmó obsolescencia en el análisis estático; conservar hasta validación dinámica.
app/api/sgie/expedientes/[id]/signature-packages/[packageId]/envelopes/[envelopeId]/route.ts,app,.ts,537,14,d3cb49f61a560b642b1a56aa8f7677204c5964da2b73e9e93e9f401bb6b55c62,review,MANTENER_Y_REVISAR,P3,Media,runtime-entry,No se confirmó obsolescencia en el análisis estático; conservar hasta validación dinámica.
app/api/sgie/expedientes/[id]/signature-packages/[packageId]/envelopes/send/route.ts,app,.ts,1085,29,7d388044fd699f715401d312c54633d9d7ee2e484c2f1aa69adb932facc3c657,review,MANTENER_Y_REVISAR,P3,Media,runtime-entry,No se confirmó obsolescencia en el análisis estático; conservar hasta validación dinámica.
app/api/sgie/expedientes/[id]/signature-packages/[packageId]/envelopes/[envelopeId]/reconcile/route.ts,app,.ts,852,20,42284e41e2550e504b011594fd5cd31846125fb5baa03915893a44169d2ca032,review,MANTENER_Y_REVISAR,P3,Media,runtime-entry,No se confirmó obsolescencia en el análisis estático; conservar hasta validación dinámica.
app/api/sgie/expedientes/[id]/signature-packages/[packageId]/envelopes/[envelopeId]/cancel/route.ts,app,.ts,1065,29,e386b910d3b27475b94c11e92fc9dc4aa01415c803b8f20856c5a34ac7729fc6,review,MANTENER_Y_REVISAR,P3,Media,runtime-entry,No se confirmó obsolescencia en el análisis estático; conservar hasta validación dinámica.
app/api/sgie/expedientes/[id]/signature-packages/[packageId]/envelopes/[envelopeId]/artifacts/route.ts,app,.ts,549,14,c8e562a503af700c4f3ebbf2090b3b82a76cafaafcf7b634be19fa1f31ca8a43,review,MANTENER_Y_REVISAR,P3,Media,runtime-entry,No se confirmó obsolescencia en el análisis estático; conservar hasta validación dinámica.
app/api/sgie/expedientes/[id]/readiness/aprobar/route.ts,app,.ts,1808,23,b688ab4f9ee2bbeea388f480ef2ed1b01e1621fcb1b9138a67de1d1a53c0a396,review,MANTENER_Y_REVISAR,P3,Media,runtime-entry,No se confirmó obsolescencia en el análisis estático; conservar hasta validación dinámica.
app/api/sgie/expedientes/[id]/readiness/pedir-info/route.ts,app,.ts,1518,21,e3deea0c50d71a10b670c16a855b750ae04bf010706c34c5518f837efeebfa55,review,MANTENER_Y_REVISAR,P3,Media,runtime-entry,No se confirmó obsolescencia en el análisis estático; conservar hasta validación dinámica.
app/api/sgie/expedientes/[id]/readiness/devolver/route.ts,app,.ts,2098,27,80da0a1a61b24cba0c2f36dccefbd3c2769e52ae3110e3a2e6348af3bf033cb6,review,MANTENER_Y_REVISAR,P3,Media,runtime-entry,No se confirmó obsolescencia en el análisis estático; conservar hasta validación dinámica.
app/api/sgie/expedientes/[id]/readiness/recalcular/route.ts,app,.ts,1617,21,c80fb4165a434d5077db8ca339459a002e2c8a45622c320bd21cb1dd8af754f3,review,MANTENER_Y_REVISAR,P3,Media,runtime-entry,No se confirmó obsolescencia en el análisis estático; conservar hasta validación dinámica.
app/api/sgie/plantillas/[id]/route.ts,app,.ts,3088,98,2ccbb4786761bc4d3992e4510a22ded6ad2bd3844bd94d18a465babdd8d36139,review,MANTENER_Y_REVISAR,P3,Media,runtime-entry,No se confirmó obsolescencia en el análisis estático; conservar hasta validación dinámica.
app/api/sgie/plantillas/preview/route.ts,app,.ts,1364,35,6813065e46988675b345811c7d14ec85ab238cd0e713a1cf275aa191392b8878,review,MANTENER_Y_REVISAR,P3,Media,runtime-entry,No se confirmó obsolescencia en el análisis estático; conservar hasta validación dinámica.
app/api/sgie/metricas/autonomia/route.ts,app,.ts,3105,45,184685a280303a8a172a40c0cd1786c6f11fa55de962ba87ef65d877601dc43a,review,CORREGIR_INMEDIATAMENTE,P0,Alta,runtime-entry,Calcula IDs accesibles pero ejecuta métricas globales sin scope.
app/api/sgie/alertas/[id]/resolver/route.ts,app,.ts,855,25,821d9e4e07ce4e9102185546cc4c52fada9b098b106a699e075a723a9364ce03,review,MANTENER_Y_REVISAR,P3,Media,runtime-entry,No se confirmó obsolescencia en el análisis estático; conservar hasta validación dinámica.
app/api/sgie/documentos/[id]/route.ts,app,.ts,4677,131,2164a5cfb96d321c17dadc737e03aa883fb0d40823ab73d428e5dc39dc36f8a8,review,MANTENER_Y_REVISAR,P3,Media,runtime-entry,No se confirmó obsolescencia en el análisis estático; conservar hasta validación dinámica.
app/api/sgie/documentos/comparar/route.ts,app,.ts,1366,27,f643c709a15322503e272b07a0e27212e84c181615e000f462c75874c5b04e6f,review,MANTENER_Y_REVISAR,P3,Media,runtime-entry,No se confirmó obsolescencia en el análisis estático; conservar hasta validación dinámica.
app/api/sgie/documentos/[id]/rechazar/route.ts,app,.ts,3063,82,01d2117b1a21de5ae1088bded5db1d8b249fa945288cdf3ae27e1d3bb74b56c8,review,MANTENER_Y_REVISAR,P3,Media,runtime-entry,No se confirmó obsolescencia en el análisis estático; conservar hasta validación dinámica.
app/api/sgie/documentos/[id]/extraccion/route.ts,app,.ts,3409,81,22b277bdf42e125e72c85a0baca5d48032075253b68b64a06b9e3eac62e6e79b,review,MANTENER_Y_REVISAR,P3,Media,runtime-entry,No se confirmó obsolescencia en el análisis estático; conservar hasta validación dinámica.
app/api/sgie/documentos/[id]/aprobar/route.ts,app,.ts,1999,40,a4342e81be6b55e463cabf7fd0ff3f4d03bc506e87978ee613d749295f3f6ce2,review,MANTENER_Y_REVISAR,P3,Media,runtime-entry,No se confirmó obsolescencia en el análisis estático; conservar hasta validación dinámica.
app/api/sgie/documentos/[id]/segmentacion/route.ts,app,.ts,2656,54,e216cfdeea8f0ab68f10b9aaa6472fde65a4ba8bf7a6be413afb4ee433b9c114,review,MANTENER_Y_REVISAR,P3,Media,runtime-entry,No se confirmó obsolescencia en el análisis estático; conservar hasta validación dinámica.
app/api/sgie/documentos/[id]/procesar/route.ts,app,.ts,3917,128,ed09db919834cd7f8b11f1ece493a8459e6de8150009617f41777598b81ebd52,review,MANTENER_Y_REVISAR,P3,Media,runtime-entry,No se confirmó obsolescencia en el análisis estático; conservar hasta validación dinámica.
app/api/sgie/documentos/[id]/preview/route.ts,app,.ts,3683,89,3420502ac3526371433cb39397e96677e16f5be9b93171d8de0606327e14f75e,review,MANTENER_Y_REVISAR,P3,Media,runtime-entry,No se confirmó obsolescencia en el análisis estático; conservar hasta validación dinámica.
app/api/sgie/documentos/[id]/ia/route.ts,app,.ts,3727,91,2d9c206b8c626d6f5305c682e3895be6483a94e2426b8c9ccf7e6e56c7f86766,review,MANTENER_Y_REVISAR,P3,Media,runtime-entry,No se confirmó obsolescencia en el análisis estático; conservar hasta validación dinámica.
app/api/sgie/documentos/[id]/ia/revision/route.ts,app,.ts,4462,118,846947860dddddc6cfa2f458c8ff175aa2d83fbc05ae249b3343f3b33d215d6a,review,MANTENER_Y_REVISAR,P3,Media,runtime-entry,No se confirmó obsolescencia en el análisis estático; conservar hasta validación dinámica.
app/api/sgie/documentos/[id]/ia/reintentar/route.ts,app,.ts,3330,82,1516047b91c318663693fdb242c16a15826ff6e787631816fd2fa9d1124afc05,review,MANTENER_Y_REVISAR,P3,Media,runtime-entry,No se confirmó obsolescencia en el análisis estático; conservar hasta validación dinámica.
app/api/sgie/documentos/[id]/extraccion/reintentar/route.ts,app,.ts,3025,74,6fe29adeda4fbd36daa60b510d08de83f7cd0bd948c3019bcd917d64eb5b6877,review,MANTENER_Y_REVISAR,P3,Media,runtime-entry,No se confirmó obsolescencia en el análisis estático; conservar hasta validación dinámica.
app/api/sgie/documentos/[id]/extraccion/revisar/route.ts,app,.ts,3146,81,2d395d8e17cb2dfeb3c4909c09ef151e85440c66c81c75bc2f60b51b156831ca,review,MANTENER_Y_REVISAR,P3,Media,runtime-entry,No se confirmó obsolescencia en el análisis estático; conservar hasta validación dinámica.
app/api/sgie/productividad/tiempo-por-estado/route.ts,app,.ts,4435,97,69fa4cb70b7cce4feec43626cff7c1355de1454821652de280e808437a9703d6,review,MANTENER_Y_REVISAR,P3,Media,runtime-entry,No se confirmó obsolescencia en el análisis estático; conservar hasta validación dinámica.
app/api/sgie/clientes/[id]/route.ts,app,.ts,3810,105,6061352e0ec3f713aed13a489553b5e72221e32a9f51570ee17b99d6983a00b4,review,MANTENER_Y_REVISAR,P3,Media,runtime-entry,No se confirmó obsolescencia en el análisis estático; conservar hasta validación dinámica.
app/api/sgie/enlaces/[id]/revocar/route.ts,app,.ts,2108,59,f7cbfb739aceeba8a004f36506877afe641e90938264969284ff495a5cb04925,review,MANTENER_Y_REVISAR,P3,Media,runtime-entry,No se confirmó obsolescencia en el análisis estático; conservar hasta validación dinámica.
app/api/sgie/usuarios/asignables/route.ts,app,.ts,1674,53,2b1e41b2a1307bb554980e7b2eec2f7f0fba27a16cc95012858c584aa8fbddab,review,MANTENER_Y_REVISAR,P3,Media,runtime-entry,No se confirmó obsolescencia en el análisis estático; conservar hasta validación dinámica.
app/api/sgie/tareas/[id]/route.ts,app,.ts,3168,87,fca1d735125b88144456eaf2951a1c32beebda385f6f1632497362dc373cb642,review,MANTENER_Y_REVISAR,P3,Media,runtime-entry,No se confirmó obsolescencia en el análisis estático; conservar hasta validación dinámica.
app/api/sgie/tareas/[id]/comentarios/route.ts,app,.ts,3690,90,1a1e39092bab392802a10b29dd1f4d18895c3168dc9ce05be4fa3c7a8218ff7d,review,MANTENER_Y_REVISAR,P3,Media,runtime-entry,No se confirmó obsolescencia en el análisis estático; conservar hasta validación dinámica.
app/api/sgie/tareas/[id]/comentarios/[comentarioId]/route.ts,app,.ts,3400,87,6fcd1f370d0f791c1f0a76171f7ae532e9dd4bf9170bd9c0601aef87d8365b57,review,MANTENER_Y_REVISAR,P3,Media,runtime-entry,No se confirmó obsolescencia en el análisis estático; conservar hasta validación dinámica.
app/api/sgie/buscar/semantica/route.ts,app,.ts,5900,131,c071f9b3ca3a4e5629d0df3c5f81e72177126620239d130978fa30f0680c53de,review,MANTENER_Y_REVISAR,P3,Media,runtime-entry,No se confirmó obsolescencia en el análisis estático; conservar hasta validación dinámica.
app/api/sgie/agenda/[id]/route.ts,app,.ts,5323,95,70a83056692140f5dd691b1b6cd7cd3e3bd0f745359bdbde73617200d0c91a81,review,MANTENER_Y_REVISAR,P3,Media,runtime-entry,No se confirmó obsolescencia en el análisis estático; conservar hasta validación dinámica.
app/api/sgie/agenda/ics/feed/route.ts,app,.ts,3558,99,181fa390acb6e2001be88d9b5a12044583c5a1834128c9d3b20d28a1b703d5bb,review,MANTENER_Y_REVISAR,P3,Media,runtime-entry,No se confirmó obsolescencia en el análisis estático; conservar hasta validación dinámica.
app/api/sgie/notificaciones/email/route.ts,app,.ts,3759,81,796e7d89737276d2789f09dd0dbf45ca71434afb8e7096bf0108ff21e50e3c75,review,MANTENER_Y_REVISAR,P3,Media,runtime-entry,No se confirmó obsolescencia en el análisis estático; conservar hasta validación dinámica.
app/api/sgie/cockpit/avanzado/route.ts,app,.ts,5631,124,df041dd40919a5f6d5fcb46e93bd22da072b796fc77945bf791bff5b28aa7d56,review,MANTENER_Y_REVISAR,P3,Media,runtime-entry,No se confirmó obsolescencia en el análisis estático; conservar hasta validación dinámica.
app/api/email/inbound/route.ts,app,.ts,9602,229,597fd4c32b09db5860e2f96bdab25a26891e41b5b52ff543841ad32a368bd3dd,review,MANTENER_Y_REVISAR,P3,Media,runtime-entry,No se confirmó obsolescencia en el análisis estático; conservar hasta validación dinámica.
app/api/intranet/perfil/2fa/route.ts,app,.ts,2449,66,bb8da691c8974c7a21351941806b3c5e87eac12d054b49831e11754230e17389,review,MANTENER_Y_REVISAR,P3,Media,runtime-entry,No se confirmó obsolescencia en el análisis estático; conservar hasta validación dinámica.
app/api/intranet/perfil/2fa/enable/route.ts,app,.ts,2265,58,ccd545ac9a94c87383ff4b3ed82d37ec966641f398893cf7484e1d781e4a25ce,review,MANTENER_Y_REVISAR,P3,Media,runtime-entry,No se confirmó obsolescencia en el análisis estático; conservar hasta validación dinámica.
app/api/intranet/perfil/2fa/disable/route.ts,app,.ts,2056,59,5e6e14edc7b5db56dcb5c002ac4674e6edc38c23c3add8ede6c1c44ee7c8c14e,review,MANTENER_Y_REVISAR,P3,Media,runtime-entry,No se confirmó obsolescencia en el análisis estático; conservar hasta validación dinámica.
app/api/webhooks/signature/[provider]/route.ts,app,.ts,595,19,8fa5da445daf0487a7be07945d15f8937dbef2316b2c505a2868313bb8b3f8ad,review,MANTENER_Y_REVISAR,P3,Media,runtime-entry,No se confirmó obsolescencia en el análisis estático; conservar hasta validación dinámica.
app/api/delitos/[id]/route.ts,app,.ts,3814,96,0dbcef55bbf8d456c10a09cdd3e0c00d1c349f6718a53742f86143a6e33af1af,review,MANTENER_Y_REVISAR,P3,Media,runtime-entry,No se confirmó obsolescencia en el análisis estático; conservar hasta validación dinámica.
app/api/delitos/calidad/route.ts,app,.ts,309,13,19e577659d65b7c98e721ca2d299c6874f997b9b83c3d3a37163861b5cc0896d,review,MANTENER_Y_REVISAR,P3,Media,runtime-entry,No se confirmó obsolescencia en el análisis estático; conservar hasta validación dinámica.
app/api/delitos/count/route.ts,app,.ts,261,9,9b8106adf0625bbcb4f6eed28b7ac299f6d61d6e242450fc1bc8f741a652d519,review,MANTENER_Y_REVISAR,P3,Media,runtime-entry,No se confirmó obsolescencia en el análisis estático; conservar hasta validación dinámica.
app/api/auth/reset-password/route.ts,app,.ts,4684,106,ec87a0c2cadb6b9cdf95173fb3d9edc354d1d1a0ced2217d092487ab7f18b0a4,review,MANTENER_Y_REVISAR,P3,Media,runtime-entry,No se confirmó obsolescencia en el análisis estático; conservar hasta validación dinámica.
app/api/auth/me/route.ts,app,.ts,1587,50,ac4c3c8027ce2c44c5ae78d3fe1dbdac8baadec59ca11af0aef504ebc964ae15,review,MANTENER_Y_REVISAR,P3,Media,runtime-entry,No se confirmó obsolescencia en el análisis estático; conservar hasta validación dinámica.
app/api/auth/login/route.ts,app,.ts,5267,142,d1cc23fbdf20f7018ee43ad6febfd7102d07d598f36451ac511682f6788a5964,review,MANTENER_Y_REVISAR,P3,Media,runtime-entry,No se confirmó obsolescencia en el análisis estático; conservar hasta validación dinámica.
app/api/auth/logout/route.ts,app,.ts,362,13,df9c035cc7ac515abc24b7b9595afcd888d2209260866a47a2ade64fe71eec1e,review,MANTENER_Y_REVISAR,P3,Media,runtime-entry,No se confirmó obsolescencia en el análisis estático; conservar hasta validación dinámica.
app/api/auth/register/route.ts,app,.ts,522,20,1697b7dae126a2aa8a8dc45c97c0fc82a91d4db357a042e90e8276bfba2dce52,review,MANTENER_Y_REVISAR,P3,Media,runtime-entry,No se confirmó obsolescencia en el análisis estático; conservar hasta validación dinámica.
app/api/auth/change-password/route.ts,app,.ts,1815,57,0381aff273cd901a16bbd6405877498fd11c9cc8955c25bd865f084e2f15431f,review,MANTENER_Y_REVISAR,P3,Media,runtime-entry,No se confirmó obsolescencia en el análisis estático; conservar hasta validación dinámica.
app/api/auth/terminos/route.ts,app,.ts,659,25,a845e3d8bfa284ef711c2b03f727db6df5c16bbe99a75f9891dfa00118dbba34,review,MANTENER_Y_REVISAR,P3,Media,runtime-entry,No se confirmó obsolescencia en el análisis estático; conservar hasta validación dinámica.
app/api/auth/invitaciones/[token]/route.ts,app,.ts,1901,51,e01fe446ae26476ef6f8e031100b7cf1e092c1b8ae044d19fc3589214452f31d,review,MANTENER_Y_REVISAR,P3,Media,runtime-entry,No se confirmó obsolescencia en el análisis estático; conservar hasta validación dinámica.
app/api/auth/2fa/verify/route.ts,app,.ts,4077,116,07daf7e75c82bbbed7cd1b43203c06238e6b4694c5b11854e81e05730c6238ac,review,MANTENER_Y_REVISAR,P3,Media,runtime-entry,No se confirmó obsolescencia en el análisis estático; conservar hasta validación dinámica.
app/api/auth/reset-password/confirm/route.ts,app,.ts,181,8,72b382d0ce5253f79d014a9bc9a37112799f3c288ec6e9d3848e071eafe392e1,review,MANTENER_Y_REVISAR,P3,Media,runtime-entry,No se confirmó obsolescencia en el análisis estático; conservar hasta validación dinámica.
app/api/admin/reglas-comunicacion/route.ts,app,.ts,3578,101,946cc4e490e06e7b2b373d4fafbc1b002ad912bab5eaa07031df002066201b24,review,MANTENER_Y_REVISAR,P3,Media,runtime-entry,No se confirmó obsolescencia en el análisis estático; conservar hasta validación dinámica.
app/api/admin/supuestos-penales/route.ts,app,.ts,1480,49,4dd50fb9642b9a06ee3ac1cd774167f5b409fe58f270defe3e7f8052a73ed6b1,review,MANTENER_Y_REVISAR,P3,Media,runtime-entry,No se confirmó obsolescencia en el análisis estático; conservar hasta validación dinámica.
app/api/admin/comunicaciones/route.ts,app,.ts,1844,59,f0948c36556f014b8cee27f73c79776cfa2069632dc067e6e2f4038bfe3166a2,review,MANTENER_Y_REVISAR,P3,Media,runtime-entry,No se confirmó obsolescencia en el análisis estático; conservar hasta validación dinámica.
app/api/admin/operaciones/route.ts,app,.ts,3317,61,3323f5f5c301bd3831262dc6be5d993717ae7a13919abaea33f9d19ccbe9176d,review,MANTENER_Y_REVISAR,P3,Media,runtime-entry,No se confirmó obsolescencia en el análisis estático; conservar hasta validación dinámica.
app/api/admin/usuarios/route.ts,app,.ts,1924,51,1c03d44c8295ff51e2c399e04cce6fe821eb0daa8a3d78b0de2b3b1356a2f0d3,review,MANTENER_Y_REVISAR,P3,Media,runtime-entry,No se confirmó obsolescencia en el análisis estático; conservar hasta validación dinámica.
app/api/admin/dashboard/route.ts,app,.ts,989,28,522b539f534ef3c79dc42cd57ac5ff72898928f470b736f3e23d5271b522cebb,review,MANTENER_Y_REVISAR,P3,Media,runtime-entry,No se confirmó obsolescencia en el análisis estático; conservar hasta validación dinámica.
app/api/admin/alertas/route.ts,app,.ts,2842,78,cc4e943e9551bf58984fb7d982e73d5a7a670728deeffea1885df8b461b46c1d,review,MANTENER_Y_REVISAR,P3,Media,runtime-entry,No se confirmó obsolescencia en el análisis estático; conservar hasta validación dinámica.
app/api/admin/knowledge/route.ts,app,.ts,3067,69,8321ed70bf0c9bae8690b1630102682005212b9ae1fc7b4714db0e2190408879,review,MANTENER_Y_REVISAR,P3,Media,runtime-entry,No se confirmó obsolescencia en el análisis estático; conservar hasta validación dinámica.
app/api/admin/simulador/route.ts,app,.ts,3128,81,3a20a30fb392d825f2564dae340545a5c6cb7062a8c9e217b0e375ab28a0f48b,review,REEMPLAZAR_MOCK_O_ETIQUETAR_PROTOTIPO,P1,Alta,runtime-entry,Genera resultados aleatorios y transiciones simuladas en una ruta activa.
app/api/admin/invitaciones/route.ts,app,.ts,2441,67,695d331b5d76018d48d44aee410e77d183021d9402e42146cb3dab552a9fdc97,review,MANTENER_Y_REVISAR,P3,Media,runtime-entry,No se confirmó obsolescencia en el análisis estático; conservar hasta validación dinámica.
app/api/admin/agravantes/route.ts,app,.ts,4715,129,e74821fc320bcc9c79d73a0a1bfdaba4ce042c47feb4baecf6908b69cbadb938,review,MANTENER_Y_REVISAR,P3,Media,runtime-entry,No se confirmó obsolescencia en el análisis estático; conservar hasta validación dinámica.
app/api/admin/auditoria/route.ts,app,.ts,1031,29,ad311d83d50ffbb4099584353823819c8aca1bec2e6c5ba24a3bb03fa789547d,review,MANTENER_Y_REVISAR,P3,Media,runtime-entry,No se confirmó obsolescencia en el análisis estático; conservar hasta validación dinámica.
app/api/admin/evaluacion-ia/route.ts,app,.ts,3342,93,57be2078dae41d6ab40609f16c211836b9fb4a7f544b0b35fed535889f52996d,review,MANTENER_Y_REVISAR,P3,Media,runtime-entry,No se confirmó obsolescencia en el análisis estático; conservar hasta validación dinámica.
app/api/admin/agravantes/[id]/route.ts,app,.ts,4257,109,932c21da53aa8cd9bfed374115e3921c04eb44e2a19fe5a033fa683ca2c73dd9,review,MANTENER_Y_REVISAR,P3,Media,runtime-entry,No se confirmó obsolescencia en el análisis estático; conservar hasta validación dinámica.
app/api/admin/invitaciones/[id]/reenviar/route.ts,app,.ts,818,22,90997642b6c3d55e21eb3ec469c6de8ab3e56095489a3bf7e787a63d06652fd4,review,MANTENER_Y_REVISAR,P3,Media,runtime-entry,No se confirmó obsolescencia en el análisis estático; conservar hasta validación dinámica.
app/api/admin/invitaciones/[id]/revocar/route.ts,app,.ts,693,21,c11b534f1b818f89dfce656a062d7435fe0f8250874e0ebef9ef4b2839ad4ce8,review,MANTENER_Y_REVISAR,P3,Media,runtime-entry,No se confirmó obsolescencia en el análisis estático; conservar hasta validación dinámica.
app/api/admin/sgie/asignaciones/route.ts,app,.ts,3369,95,de21a4175fd31656c2bae27abf28758d3820135eade8806fa032880577e5d8ae,review,MANTENER_Y_REVISAR,P3,Media,runtime-entry,No se confirmó obsolescencia en el análisis estático; conservar hasta validación dinámica.
app/api/admin/sgie/reglas/route.ts,app,.ts,2271,53,426f2aabf014131e6d0131ffc6fb69adefe7f80e41f7f1be1561be6439738603,review,MANTENER_Y_REVISAR,P3,Media,runtime-entry,No se confirmó obsolescencia en el análisis estático; conservar hasta validación dinámica.
app/api/admin/sgie/metricas/route.ts,app,.ts,4425,78,7b5c50fffdf5ca2f460909d3e4249466b4e3495fdc9c59b97aa5c478c1e46167,review,MANTENER_Y_REVISAR,P3,Media,runtime-entry,No se confirmó obsolescencia en el análisis estático; conservar hasta validación dinámica.
app/api/admin/sgie/plantillas/route.ts,app,.ts,2579,69,7bfeaad1d5e3f66d5d33a55ead7da8b8a25c5c82693c416f79ce9fa670518c59,review,MANTENER_Y_REVISAR,P3,Media,runtime-entry,No se confirmó obsolescencia en el análisis estático; conservar hasta validación dinámica.
app/api/admin/knowledge/[action]/route.ts,app,.ts,3105,66,71724aaea924905d06e3e43a39bcab8a7b79d887fc4ff310b5261323dd2cf7ee,review,MANTENER_Y_REVISAR,P3,Media,runtime-entry,No se confirmó obsolescencia en el análisis estático; conservar hasta validación dinámica.
app/api/admin/usuarios/[id]/route.ts,app,.ts,5627,153,a27bf4c93d2e9b6286f7c5564725776a7719353696051bdee467bb87763cdc40,review,MANTENER_Y_REVISAR,P3,Media,runtime-entry,No se confirmó obsolescencia en el análisis estático; conservar hasta validación dinámica.
app/api/admin/usuarios/[id]/bloqueo/route.ts,app,.ts,2954,90,4dc8ea02abffd120f6e111e72843cc6a23308b13bb07c34972aee211b48ec6b4,review,MANTENER_Y_REVISAR,P3,Media,runtime-entry,No se confirmó obsolescencia en el análisis estático; conservar hasta validación dinámica.
app/api/admin/usuarios/[id]/reset-password/route.ts,app,.ts,2376,55,404f09c4b3c55c887f059f49aea8a44b6ad2a31430b4383ddb050b541c3e9917,review,MANTENER_Y_REVISAR,P3,Media,runtime-entry,No se confirmó obsolescencia en el análisis estático; conservar hasta validación dinámica.
app/api/admin/usuarios/[id]/acceso-sgie/route.ts,app,.ts,1471,33,ff441e9a17079f0b06055f92b27418a41dfd8b35e22eb98017759017d9a3ca08,review,MANTENER_Y_REVISAR,P3,Media,runtime-entry,No se confirmó obsolescencia en el análisis estático; conservar hasta validación dinámica.
app/api/admin/usuarios/[id]/vinculo-correo/route.ts,app,.ts,2678,83,fe465d76678314f33d6d491229226092a01a33882012191f45b91ec045296794,review,MANTENER_Y_REVISAR,P3,Media,runtime-entry,No se confirmó obsolescencia en el análisis estático; conservar hasta validación dinámica.
app/api/admin/usuarios/[id]/rol/route.ts,app,.ts,2997,90,899acc73e1b4374555365c29766fa5cc993879f4e0002b58f1c66344d731f453,review,MANTENER_Y_REVISAR,P3,Media,runtime-entry,No se confirmó obsolescencia en el análisis estático; conservar hasta validación dinámica.
app/api/admin/usuarios/[id]/capacidades/route.ts,app,.ts,2691,76,dc9ea1a4069333d02729a8841430504ef179db6d32407b6e4c3a98354c2bb99a,review,MANTENER_Y_REVISAR,P3,Media,runtime-entry,No se confirmó obsolescencia en el análisis estático; conservar hasta validación dinámica.
app/api/admin/usuarios/[id]/sesiones/route.ts,app,.ts,1066,27,768e76fd7454d90c7419084f7928050578d87b91a6db0c64ed5e91310bc65d4e,review,MANTENER_Y_REVISAR,P3,Media,runtime-entry,No se confirmó obsolescencia en el análisis estático; conservar hasta validación dinámica.
app/api/cp/[id]/route.ts,app,.ts,1908,69,df758d4d6f209ce7efb6d32b1fa80bdb5471c9cd4aa4ad677946e64eab3ac16c,review,MANTENER_Y_REVISAR,P3,Media,runtime-entry,No se confirmó obsolescencia en el análisis estático; conservar hasta validación dinámica.
app/api/calculos/[id]/route.ts,app,.ts,4555,127,ae1d7af0671e00e8742683c762dca60a451bf03475e2883d343974739f920a40,review,MANTENER_Y_REVISAR,P3,Media,runtime-entry,No se confirmó obsolescencia en el análisis estático; conservar hasta validación dinámica.
app/api/cron/sgie/procesar/route.ts,app,.ts,6108,173,f7152aee612f646a9f6048ab8e0384fa0b8a62910c4abf37316fce3c7e25e734,review,MANTENER_Y_REVISAR,P3,Media,runtime-entry,No se confirmó obsolescencia en el análisis estático; conservar hasta validación dinámica.
app/cargar/[token]/page.tsx,app,.tsx,7613,190,e34cd768ba7f70fd29dad9c5c5d94454e03d77fe54f37f7cdbf881aa8ab028bb,review,MANTENER_Y_REVISAR,P3,Media,runtime-entry,No se confirmó obsolescencia en el análisis estático; conservar hasta validación dinámica.
app/cargar/[token]/portal-carga-client.tsx,app,.tsx,7151,175,69d3e2a58613aabfabeec40908a561b1c373713b69019cd467839490f76fd22e,review,VALIDAR_Y_ELIMINAR_CANDIDATO,P1,Media,,Sin entrada ni importaciones runtime detectadas.
