"slug","category","current_title","current_meta_title","current_description","current_meta_description","title_issue","description_issue","duplicate_group","search_intent","proposed_title","proposed_meta_title","proposed_description","proposed_meta_description","body_supports_change","legal_risk","action","status"
"abogado-aduanero-san-lorenzo","derecho-aduanero","Abogado Aduanero en San Lorenzo, Honduras: Guía","Abogado Aduanero San Lorenzo","Abogado aduanero en San Lorenzo especializado en importaciones, exportaciones, clasificación arancelaria, despacho aduanero y defensa ante el SAR. Presencia en","Asesoría legal aduanera en San Lorenzo, Honduras. Evite multas y retenciones en importaciones/exportaciones. Contáctenos para su consulta.","","","","sin conflicto demostrado","Abogado Aduanero en San Lorenzo, Honduras: Guía","Abogado Aduanero San Lorenzo","Abogado aduanero en San Lorenzo especializado en importaciones, exportaciones, clasificación arancelaria, despacho aduanero y defensa ante el SAR. Presencia en","Asesoría legal aduanera en San Lorenzo, Honduras. Evite multas y retenciones en importaciones/exportaciones. Contáctenos para su consulta.","true","LOW","KEEP","KEEP"
"abogado-civil-choluteca","derecho-civil","Abogado Civil en Choluteca","Abogado Civil en Choluteca: Herencias","Abogado civil en Choluteca para contratos, compraventa de inmuebles, testamentos, herencias, cobro de deudas y usucapión. Presencia en juzgados civiles de la","Bufete de abogados civiles en Choluteca. Expertos en usucapión, compraventa de inmuebles, redacción de contratos, testamentos y demandas civiles en la","","","","sin conflicto demostrado","Abogado Civil en Choluteca","Abogado Civil en Choluteca: Herencias","Abogado civil en Choluteca para contratos, compraventa de inmuebles, testamentos, herencias, cobro de deudas y usucapión. Presencia en juzgados civiles de la","Bufete de abogados civiles en Choluteca. Expertos en usucapión, compraventa de inmuebles, redacción de contratos, testamentos y demandas civiles en la","true","LOW","KEEP","KEEP"
"abogado-empresas-san-lorenzo","derecho-mercantil","Abogado Empresarial en San Lorenzo","Abogado Empresarial San Lorenzo","Abogado empresarial en San Lorenzo para constitución de sociedades, contratos mercantiles, cumplimiento laboral y tributario. Asesoría a importadores y","Asesoría legal para empresas en San Lorenzo, Honduras. Constitución de sociedades, contratos, cumplimiento tributario y laboral. ¡Contáctenos!","","","","sin conflicto demostrado","Abogado Empresarial en San Lorenzo","Abogado Empresarial San Lorenzo","Abogado empresarial en San Lorenzo para constitución de sociedades, contratos mercantiles, cumplimiento laboral y tributario. Asesoría a importadores y","Asesoría legal para empresas en San Lorenzo, Honduras. Constitución de sociedades, contratos, cumplimiento tributario y laboral. ¡Contáctenos!","true","LOW","KEEP","KEEP"
"abogado-familia-choluteca","derecho-de-familia","Abogado de Familia en Choluteca","Abogado de Familia Choluteca: Divorcio y","Abogado de familia en Choluteca para divorcio, pensión alimenticia, custodia de menores, adopción y violencia doméstica. Atención personalizada en el Juzgado","Asesoría legal experta en Derecho de Familia en Choluteca, Honduras. Divorcios, pensiones alimenticias y custodia. ¡Contáctenos hoy!","","","","sin conflicto demostrado","Abogado de Familia en Choluteca","Abogado de Familia Choluteca: Divorcio y","Abogado de familia en Choluteca para divorcio, pensión alimenticia, custodia de menores, adopción y violencia doméstica. Atención personalizada en el Juzgado","Asesoría legal experta en Derecho de Familia en Choluteca, Honduras. Divorcios, pensiones alimenticias y custodia. ¡Contáctenos hoy!","true","LOW","KEEP","KEEP"
"abogado-laboral-choluteca","derecho-laboral","Abogado Laboral en Choluteca, Honduras: Despidos","Abogado Laboral Choluteca: Despidos y","Abogado laboral en Choluteca especializado en despidos injustificados, liquidaciones, reclamos salariales y accidentes laborales. Plazo de 2 meses para","Despedido en Choluteca? Reclame su liquidación en 2 meses. Abogado laboral experto en despidos injustificados y prestaciones. ¡Contáctenos!","","","","sin conflicto demostrado","Abogado Laboral en Choluteca, Honduras: Despidos","Abogado Laboral Choluteca: Despidos y","Abogado laboral en Choluteca especializado en despidos injustificados, liquidaciones, reclamos salariales y accidentes laborales. Plazo de 2 meses para","Despedido en Choluteca? Reclame su liquidación en 2 meses. Abogado laboral experto en despidos injustificados y prestaciones. ¡Contáctenos!","true","LOW","KEEP","KEEP"
"abogado-penalista-sur-honduras","derecho-penal","Abogado Penalista en el Sur de Honduras","Abogado Penalista Sur Honduras","Nacaome, Choluteca, Valle: la cercanía al tribunal es una ventaja procesal real. Conocimiento de jueces, inmediatez en las primeras 48 horas y criterios para","Descubra por qué un abogado penalista local en el sur de Honduras (Nacaome, Choluteca) es clave para su defensa. Conozca las ventajas de la cercanía y el","","","","sin conflicto demostrado","Abogado Penalista en el Sur de Honduras","Abogado Penalista Sur Honduras","Nacaome, Choluteca, Valle: la cercanía al tribunal es una ventaja procesal real. Conocimiento de jueces, inmediatez en las primeras 48 horas y criterios para","Descubra por qué un abogado penalista local en el sur de Honduras (Nacaome, Choluteca) es clave para su defensa. Conozca las ventajas de la cercanía y el","true","LOW","KEEP","KEEP"
"abogados-en-nacaome","practica-legal","Cómo Elegir Abogado en Nacaome: 10 Criterios antes de Contratar","Cómo Elegir Abogado en Nacaome: 10 Criterios antes de Contratar","Criterios prácticos para elegir abogado en Nacaome: especialidad, honorarios, comunicación y experiencia antes de contratar servicios jurídicos en Valle.","Criterios prácticos para elegir abogado en Nacaome: especialidad, honorarios, comunicación y experiencia antes de contratar servicios jurídicos en Valle.","","","","sin conflicto demostrado","Cómo Elegir Abogado en Nacaome: 10 Criterios antes de Contratar","Cómo Elegir Abogado en Nacaome: 10 Criterios antes de Contratar","Criterios prácticos para elegir abogado en Nacaome: especialidad, honorarios, comunicación y experiencia antes de contratar servicios jurídicos en Valle.","Criterios prácticos para elegir abogado en Nacaome: especialidad, honorarios, comunicación y experiencia antes de contratar servicios jurídicos en Valle.","true","LOW","KEEP","KEEP"
"accidente-transito-choluteca","derecho-civil","Accidente de Tránsito en Choluteca","Accidentes de Tránsito en Choluteca","Accidente de tránsito en Choluteca: reclamación de indemnización por lesiones, daños materiales y lucro cesante. Plazos, documentos y abogados civiles en zona","Guía completa sobre cómo reclamar indemnización por accidentes de tránsito en Choluteca, Honduras. Conozca el marco legal, pasos y derechos.","","","","sin conflicto demostrado","Accidente de Tránsito en Choluteca","Accidentes de Tránsito en Choluteca","Accidente de tránsito en Choluteca: reclamación de indemnización por lesiones, daños materiales y lucro cesante. Plazos, documentos y abogados civiles en zona","Guía completa sobre cómo reclamar indemnización por accidentes de tránsito en Choluteca, Honduras. Conozca el marco legal, pasos y derechos.","true","LOW","KEEP","KEEP"
"acoso-laboral-mobbing-honduras","derecho-laboral","Acoso Laboral en Honduras: Cómo Identificarlo y Denunciarlo Legalmente","Acoso Laboral en Honduras: Leyes","Guía sobre acoso laboral en Honduras: qué conductas constituyen mobbing, cómo probarlo, vías de denuncia (Secretaría de Trabajo, vía civil, vía penal) y cómo","Conozca cómo identificar y denunciar el acoso laboral en Honduras. Explicación del despido indirecto (Art. 114) y el acoso vertical (Art. 294 CP).","","","","sin conflicto demostrado","Acoso Laboral en Honduras: Cómo Identificarlo y Denunciarlo Legalmente","Acoso Laboral en Honduras: Leyes","Guía sobre acoso laboral en Honduras: qué conductas constituyen mobbing, cómo probarlo, vías de denuncia (Secretaría de Trabajo, vía civil, vía penal) y cómo","Conozca cómo identificar y denunciar el acoso laboral en Honduras. Explicación del despido indirecto (Art. 114) y el acoso vertical (Art. 294 CP).","true","LOW","KEEP","KEEP"
"adopcion-requisitos-proceso-honduras","derecho-de-familia","Adopción en Honduras: Requisitos y Proceso","Adopción en Honduras: Requisitos y Proceso Legal","Quiénes califican para adoptar, diferencia de edad requerida, estudio psicosocial, declaración de idoneidad, período de convivencia y sentencia. Proceso que","Descubra los requisitos, etapas y base legal para la adopción en Honduras. Asesoría legal especializada para proteger el interés superior del menor.","","","","sin conflicto demostrado","Adopción en Honduras: Requisitos y Proceso","Adopción en Honduras: Requisitos y Proceso Legal","Quiénes califican para adoptar, diferencia de edad requerida, estudio psicosocial, declaración de idoneidad, período de convivencia y sentencia. Proceso que","Descubra los requisitos, etapas y base legal para la adopción en Honduras. Asesoría legal especializada para proteger el interés superior del menor.","true","LOW","KEEP","KEEP"
"allanamiento-ilegal-violacion-domicilio-honduras","derecho-penal","Allanamiento en Honduras: Derechos y Qué Hacer","Allanamiento en Honduras: Derechos y Qué Hacer","Cuándo puede realizarse un allanamiento en Honduras, qué debe contener la orden judicial y cómo actuar sin obstaculizar a la autoridad.","Cuándo puede realizarse un allanamiento en Honduras, qué debe contener la orden judicial y cómo actuar sin obstaculizar a la autoridad.","","","","sin conflicto demostrado","Allanamiento en Honduras: Derechos y Qué Hacer","Allanamiento en Honduras: Derechos y Qué Hacer","Cuándo puede realizarse un allanamiento en Honduras, qué debe contener la orden judicial y cómo actuar sin obstaculizar a la autoridad.","Cuándo puede realizarse un allanamiento en Honduras, qué debe contener la orden judicial y cómo actuar sin obstaculizar a la autoridad.","true","LOW","KEEP","KEEP"
"antejuicio-en-honduras","derecho-penal","Antejuicio en Honduras: qué es","Antejuicio en Honduras: Proceso","El antejuicio en Honduras explicado con claridad: qué funcionarios están protegidos, cómo se tramita, qué pasa si se declara con lugar y qué implica para el","Entienda el antejuicio en Honduras: a quién aplica, cómo funciona el proceso y su marco legal. Protege la función pública, no la impunidad.","","","","sin conflicto demostrado","Antejuicio en Honduras: qué es","Antejuicio en Honduras: Proceso","El antejuicio en Honduras explicado con claridad: qué funcionarios están protegidos, cómo se tramita, qué pasa si se declara con lugar y qué implica para el","Entienda el antejuicio en Honduras: a quién aplica, cómo funciona el proceso y su marco legal. Protege la función pública, no la impunidad.","true","LOW","KEEP","KEEP"
"arbitraje-honduras-guia-completa","conciliacion-arbitraje","Arbitraje en Honduras: ¿Cuándo Conviene? Todo lo","Arbitraje en Honduras: ¿Cuándo Conviene? Todo lo","Arbitraje institucional vs ad hoc, cláusula arbitral, costos reales, ejecución del laudo y cuándo NO conviene arbitrar. Guía práctica para empresas y","Descubra cuándo el arbitraje comercial en Honduras es la mejor opción. Conozca la Ley, los centros de arbitraje como la CCIT, ventajas, costos y la","","","","sin conflicto demostrado","Arbitraje en Honduras: ¿Cuándo Conviene? Todo lo","Arbitraje en Honduras: ¿Cuándo Conviene? Todo lo","Arbitraje institucional vs ad hoc, cláusula arbitral, costos reales, ejecución del laudo y cuándo NO conviene arbitrar. Guía práctica para empresas y","Descubra cuándo el arbitraje comercial en Honduras es la mejor opción. Conozca la Ley, los centros de arbitraje como la CCIT, ventajas, costos y la","true","LOW","KEEP","KEEP"
"arraigo-social-laboral-hondurenos-espana","hondurenos-en-espana","Arraigo social y laboral en España para","Arraigo Social y Laboral en España para","Cómo regularizar su situación en España mediante arraigo social, laboral o familiar: requisitos de permanencia, contrato, informe de integración y","Guía completa sobre requisitos y documentación para el arraigo social, laboral y familiar en España para ciudadanos hondureños. Consulte a expertos.","","","","sin conflicto demostrado","Arraigo social y laboral en España para","Arraigo Social y Laboral en España para","Cómo regularizar su situación en España mediante arraigo social, laboral o familiar: requisitos de permanencia, contrato, informe de integración y","Guía completa sobre requisitos y documentación para el arraigo social, laboral y familiar en España para ciudadanos hondureños. Consulte a expertos.","true","LOW","KEEP","KEEP"
"asuntos-familiares-honduras-espana","hondurenos-en-espana","Resuelve asuntos familiares en Honduras desde","Asuntos Familiares Honduras desde España","Divorcio, custodia, alimentos y herencias en Honduras desde España. Cómo gestionar asuntos familiares sin necesidad de viajar al país.","Resuelva divorcios, herencias y pensiones en Honduras desde España con representación legal. Conozca los trámites y poderes necesarios. ¡Consulte hoy!","","","","sin conflicto demostrado","Resuelve asuntos familiares en Honduras desde","Asuntos Familiares Honduras desde España","Divorcio, custodia, alimentos y herencias en Honduras desde España. Cómo gestionar asuntos familiares sin necesidad de viajar al país.","Resuelva divorcios, herencias y pensiones en Honduras desde España con representación legal. Conozca los trámites y poderes necesarios. ¡Consulte hoy!","true","LOW","KEEP","KEEP"
"audiencia-inicial-proceso-penal-honduras","derecho-penal","Audiencia inicial en Honduras: proceso y preparación","Audiencia inicial en Honduras: proceso y preparación","Explicación general de la audiencia inicial, la importancia de la defensa técnica y la documentación que conviene organizar con antelación.","Explicación general de la audiencia inicial, la importancia de la defensa técnica y la documentación que conviene organizar con antelación.","","","","sin conflicto demostrado","Audiencia inicial en Honduras: proceso y preparación","Audiencia inicial en Honduras: proceso y preparación","Explicación general de la audiencia inicial, la importancia de la defensa técnica y la documentación que conviene organizar con antelación.","Explicación general de la audiencia inicial, la importancia de la defensa técnica y la documentación que conviene organizar con antelación.","true","LOW","KEEP","KEEP"
"banco-demanda-deuda-defensa-opciones-honduras","derecho-bancario","Demanda Bancaria en Honduras: 6 Defensas y Opciones Legales Frente al Banco","Demanda Bancaria Honduras: Defensas","Guía práctica: qué hacer cuando recibe una demanda bancaria en Honduras, cómo verificar la legalidad de la deuda, opciones de defensa y negociación, y cuándo","¿Recibió una demanda bancaria en Honduras? Conozca sus derechos, las 6 defensas clave, cómo evitar embargos y las alternativas extrajudiciales. ¡Actúe","","","","sin conflicto demostrado","Demanda Bancaria en Honduras: 6 Defensas y Opciones Legales Frente al Banco","Demanda Bancaria Honduras: Defensas","Guía práctica: qué hacer cuando recibe una demanda bancaria en Honduras, cómo verificar la legalidad de la deuda, opciones de defensa y negociación, y cuándo","¿Recibió una demanda bancaria en Honduras? Conozca sus derechos, las 6 defensas clave, cómo evitar embargos y las alternativas extrajudiciales. ¡Actúe","true","LOW","KEEP","KEEP"
"calcular-liquidacion-laboral-honduras","derecho-laboral","Liquidación Laboral en Honduras","Liquidación Laboral Honduras: Cálculo y Derechos","Indemnización, preaviso, vacaciones y aguinaldo: cómo calcular cada concepto con ejemplos numéricos. Errores frecuentes que pueden costarle dinero al","Guía completa sobre cómo calcular tu liquidación laboral en Honduras. Conoce tus derechos sobre cesantía, vacaciones y despido injustificado.","","","","sin conflicto demostrado","Liquidación Laboral en Honduras","Liquidación Laboral Honduras: Cálculo y Derechos","Indemnización, preaviso, vacaciones y aguinaldo: cómo calcular cada concepto con ejemplos numéricos. Errores frecuentes que pueden costarle dinero al","Guía completa sobre cómo calcular tu liquidación laboral en Honduras. Conoce tus derechos sobre cesantía, vacaciones y despido injustificado.","true","LOW","KEEP","KEEP"
"central-riesgos-honduras-consultar-impugnar","derecho-bancario","Central de Riesgos en Honduras","Central de Riesgos Honduras: cómo consultar e impugnar","Qué es la Central de Riesgos, cómo obtener su reporte gratis, proceso de impugnación paso a paso y cómo mantener un historial crediticio limpio. Incluye plazos","Consulte su historial en la Central de Riesgos de Honduras, detecte errores y conozca el proceso para impugnar información incorrecta.","","","","sin conflicto demostrado","Central de Riesgos en Honduras","Central de Riesgos Honduras: cómo consultar e impugnar","Qué es la Central de Riesgos, cómo obtener su reporte gratis, proceso de impugnación paso a paso y cómo mantener un historial crediticio limpio. Incluye plazos","Consulte su historial en la Central de Riesgos de Honduras, detecte errores y conozca el proceso para impugnar información incorrecta.","true","LOW","KEEP","KEEP"
"centro-conciliacion-arbitraje-ccic","conciliacion-arbitraje","Conciliación y arbitraje en el CCIC de Honduras","Arbitraje Comercial en la CCIC","Conciliación y arbitraje en el CCIC: tipos de conflictos, procedimiento, designación de árbitros, costos estimados y ventajas frente al litigio judicial.","Conozca cómo resolver disputas corporativas rápidamente a través del Centro de Conciliación y Arbitraje de la CCIC en San Pedro Sula. Ley aplicable y","","","","sin conflicto demostrado","Conciliación y arbitraje en el CCIC de Honduras","Arbitraje Comercial en la CCIC","Conciliación y arbitraje en el CCIC: tipos de conflictos, procedimiento, designación de árbitros, costos estimados y ventajas frente al litigio judicial.","Conozca cómo resolver disputas corporativas rápidamente a través del Centro de Conciliación y Arbitraje de la CCIC en San Pedro Sula. Ley aplicable y","true","LOW","KEEP","KEEP"
"clausulas-abusivas-contratos-como-detectar-honduras","derecho-civil","Cláusulas abusivas en Honduras","Cláusulas Abusivas Honduras: Anulación y Defensa","Cómo detectar y anular cláusulas abusivas en contratos hondureños: ejemplos reales, marco legal del Código Civil y pasos para reclamar su nulidad.","Detecte y anule cláusulas abusivas en contratos en Honduras. Conozca sus derechos y los pasos legales para defenderse. ¡Consulte a nuestros abogados!","","","","sin conflicto demostrado","Cláusulas abusivas en Honduras","Cláusulas Abusivas Honduras: Anulación y Defensa","Cómo detectar y anular cláusulas abusivas en contratos hondureños: ejemplos reales, marco legal del Código Civil y pasos para reclamar su nulidad.","Detecte y anule cláusulas abusivas en contratos en Honduras. Conozca sus derechos y los pasos legales para defenderse. ¡Consulte a nuestros abogados!","true","LOW","KEEP","KEEP"
"cobro-deudas-choluteca","derecho-civil","Cobro Judicial de Deudas en Choluteca","Cobro Judicial de Deudas en Choluteca","Cobro de deudas en Choluteca: juicio ejecutivo, embargo de bienes, requerimiento notarial. Recuperamos su dinero con honorarios de éxito. Abogados en zona sur.","Recupere sus deudas judicialmente en Choluteca. Conozca el proceso, plazos y base legal en Honduras. Abogados expertos cobran solo si usted cobra.","","","","sin conflicto demostrado","Cobro Judicial de Deudas en Choluteca","Cobro Judicial de Deudas en Choluteca","Cobro de deudas en Choluteca: juicio ejecutivo, embargo de bienes, requerimiento notarial. Recuperamos su dinero con honorarios de éxito. Abogados en zona sur.","Recupere sus deudas judicialmente en Choluteca. Conozca el proceso, plazos y base legal en Honduras. Abogados expertos cobran solo si usted cobra.","true","LOW","KEEP","KEEP"
"codigo-aduanero-centroamericano","derecho-aduanero","CAUCA en Honduras: Código Aduanero","CAUCA y RECAUCA en Honduras: Ley Aduanera y","Estructura del CAC, obligaciones del importador, sanciones por incumplimiento y papel del agente aduanero en las operaciones de comercio exterior en Honduras.","Conozca la aplicación del CAUCA en Honduras por la Administración Aduanera. Guía de importación, DUA, aranceles e infracciones tributarias aduaneras.","","","","sin conflicto demostrado","CAUCA en Honduras: Código Aduanero","CAUCA y RECAUCA en Honduras: Ley Aduanera y","Estructura del CAC, obligaciones del importador, sanciones por incumplimiento y papel del agente aduanero en las operaciones de comercio exterior en Honduras.","Conozca la aplicación del CAUCA en Honduras por la Administración Aduanera. Guía de importación, DUA, aranceles e infracciones tributarias aduaneras.","true","LOW","KEEP","KEEP"
"como-elegir-abogado-honduras","practica-legal","Cómo Elegir un Buen Abogado en Honduras","Elegir Abogado en Honduras: 6 Criterios Clave","Experiencia específica, presencia local, transparencia en honorarios y disponibilidad real. Guía concreta para elegir representación legal sin depender de","Descubra 6 criterios esenciales para elegir un abogado en Honduras. Asegure una defensa eficaz con nuestra guía experta. ¡Consulte hoy!","","","","sin conflicto demostrado","Cómo Elegir un Buen Abogado en Honduras","Elegir Abogado en Honduras: 6 Criterios Clave","Experiencia específica, presencia local, transparencia en honorarios y disponibilidad real. Guía concreta para elegir representación legal sin depender de","Descubra 6 criterios esenciales para elegir un abogado en Honduras. Asegure una defensa eficaz con nuestra guía experta. ¡Consulte hoy!","true","LOW","KEEP","KEEP"
"como-obtener-rtn-personas-empresas-honduras","practica-legal","RTN en Honduras: Guía para Obtenerlo y Requisitos","RTN en Honduras: requisitos y cómo obtenerlo","Requisitos para persona natural y para empresa, proceso en el SAR, obligaciones que nacen con el RTN (facturación, ISR, ISV) y cuándo debe actualizarlo.","Requisitos y pasos para obtener el RTN de una persona natural o jurídica ante el SAR de Honduras, con documentos y obligaciones principales.","","","","sin conflicto demostrado","RTN en Honduras: Guía para Obtenerlo y Requisitos","RTN en Honduras: requisitos y cómo obtenerlo","Requisitos para persona natural y para empresa, proceso en el SAR, obligaciones que nacen con el RTN (facturación, ISR, ISV) y cuándo debe actualizarlo.","Requisitos y pasos para obtener el RTN de una persona natural o jurídica ante el SAR de Honduras, con documentos y obligaciones principales.","true","LOW","KEEP","KEEP"
"como-preparar-demanda-guia-no-abogados-honduras","practica-legal","Cómo redactar una demanda en Honduras (sin","Redactar Demanda en Honduras sin Abogado","Estructura de una demanda: juzgado, hechos (no conclusiones), pruebas, petitorio. Errores que la arruinan y cuándo sí necesita abogado obligatoriamente.","Aprenda a redactar una demanda en Honduras sin abogado. Conozca los requisitos, errores comunes y cuándo es obligatorio un profesional del derecho.","","","","sin conflicto demostrado","Cómo redactar una demanda en Honduras (sin","Redactar Demanda en Honduras sin Abogado","Estructura de una demanda: juzgado, hechos (no conclusiones), pruebas, petitorio. Errores que la arruinan y cuándo sí necesita abogado obligatoriamente.","Aprenda a redactar una demanda en Honduras sin abogado. Conozca los requisitos, errores comunes y cuándo es obligatorio un profesional del derecho.","true","LOW","KEEP","KEEP"
"competencia-desleal-como-denunciar-honduras","derecho-mercantil","Competencia Desleal en Honduras","Competencia Desleal Honduras: Denuncia y Leyes","Confusión, denigración, engaño, aprovechamiento de la reputación ajena y violación de secretos. Vías: Instituto de la Propiedad, demanda judicial y denuncia","Descubra qué es la competencia desleal en Honduras, las conductas sancionables y las vías legales para denunciar.","","","","sin conflicto demostrado","Competencia Desleal en Honduras","Competencia Desleal Honduras: Denuncia y Leyes","Confusión, denigración, engaño, aprovechamiento de la reputación ajena y violación de secretos. Vías: Instituto de la Propiedad, demanda judicial y denuncia","Descubra qué es la competencia desleal en Honduras, las conductas sancionables y las vías legales para denunciar.","true","LOW","KEEP","KEEP"
"compraventa-inmuebles-aspectos-legales-honduras","derecho-civil","Compraventa de Inmuebles en Honduras","Compraventa de Inmuebles en Honduras","Guía completa sobre la compraventa de inmuebles en Honduras: verificación registral, escritura pública, impuestos, inscripción y errores que pueden costarle la","Guía completa sobre la compraventa de inmuebles en Honduras. Conozca el marco legal, pasos, impuestos y errores comunes.","","","","sin conflicto demostrado","Compraventa de Inmuebles en Honduras","Compraventa de Inmuebles en Honduras","Guía completa sobre la compraventa de inmuebles en Honduras: verificación registral, escritura pública, impuestos, inscripción y errores que pueden costarle la","Guía completa sobre la compraventa de inmuebles en Honduras. Conozca el marco legal, pasos, impuestos y errores comunes.","true","LOW","KEEP","KEEP"
"constituir-empresa-guia-paso-a-paso-honduras","practica-legal","Constituir una empresa en Honduras","Constituir Empresa en Honduras","Guía paso a paso para constituir una sociedad mercantil en Honduras: tipos de empresa, escritura, Registro Mercantil, RTN, permisos y costos orientativos.","Guía completa para constituir tu empresa en Honduras. Conoce los pasos, requisitos, costos y el marco legal con asesoría experta. ¡Inicia tu negocio hoy!","","","","sin conflicto demostrado","Constituir una empresa en Honduras","Constituir Empresa en Honduras","Guía paso a paso para constituir una sociedad mercantil en Honduras: tipos de empresa, escritura, Registro Mercantil, RTN, permisos y costos orientativos.","Guía completa para constituir tu empresa en Honduras. Conoce los pasos, requisitos, costos y el marco legal con asesoría experta. ¡Inicia tu negocio hoy!","true","LOW","KEEP","KEEP"
"contratacion-publica-licitaciones","derecho-administrativo","Contratación Pública en Honduras","Contratación Pública Honduras: Guía Empresas y","Procedimientos de contratación pública en Honduras: licitación pública, privada y directa. Requisitos para participar, impugnación de adjudicaciones y marco","Descubra el proceso de Contratación Pública en Honduras. Requisitos, modalidades y garantías para empresas proveedoras del Estado.","","","","sin conflicto demostrado","Contratación Pública en Honduras","Contratación Pública Honduras: Guía Empresas y","Procedimientos de contratación pública en Honduras: licitación pública, privada y directa. Requisitos para participar, impugnación de adjudicaciones y marco","Descubra el proceso de Contratación Pública en Honduras. Requisitos, modalidades y garantías para empresas proveedoras del Estado.","true","LOW","KEEP","KEEP"
"contratos-arrendamiento-derechos-obligaciones-honduras","derecho-civil","Contratos de Arrendamiento en Honduras","Arrendamiento en Honduras: derechos y obligaciones","Guía legal sobre arrendamiento en Honduras: cláusulas esenciales, depósito, reparaciones, desahucio por falta de pago, plazo mínimo y cómo protegerse frente a","Conozca los derechos y obligaciones de inquilinos y propietarios en Honduras: contrato, depósito, reparaciones, mora y desalojo.","","","","sin conflicto demostrado","Contratos de Arrendamiento en Honduras","Arrendamiento en Honduras: derechos y obligaciones","Guía legal sobre arrendamiento en Honduras: cláusulas esenciales, depósito, reparaciones, desahucio por falta de pago, plazo mínimo y cómo protegerse frente a","Conozca los derechos y obligaciones de inquilinos y propietarios en Honduras: contrato, depósito, reparaciones, mora y desalojo.","true","LOW","KEEP","KEEP"
"contratos-confidencialidad-nda-secreto-comercial-honduras","propiedad-intelectual","Contratos de confidencialidad (NDA)","Acuerdo de Confidencialidad Honduras","Cláusulas esenciales: definición de información confidencial, exclusiones, plazo de vigencia, penal por incumplimiento. Errores que invalidan un NDA y cuándo","Proteja sus secretos comerciales con un Acuerdo de Confidencialidad (NDA) en Honduras. Conozca cláusulas esenciales, marco legal y errores comunes.","","","","sin conflicto demostrado","Contratos de confidencialidad (NDA)","Acuerdo de Confidencialidad Honduras","Cláusulas esenciales: definición de información confidencial, exclusiones, plazo de vigencia, penal por incumplimiento. Errores que invalidan un NDA y cuándo","Proteja sus secretos comerciales con un Acuerdo de Confidencialidad (NDA) en Honduras. Conozca cláusulas esenciales, marco legal y errores comunes.","true","LOW","KEEP","KEEP"
"contratos-empleadas-domesticas-obligaciones-honduras","derecho-laboral","Contratos para Empleadas Domésticas en Honduras","Contrato Empleada Doméstica Honduras","Todo lo que debe saber sobre el contrato de trabajo doméstico en Honduras: salario mínimo, jornada, IHSS, prestaciones, aguinaldo y cesantía.","Conoce cómo regular el contrato de empleadas domésticas en Honduras. Evita reclamos con documentación legal, liquidaciones exactas y afiliación al IHSS.","","","","sin conflicto demostrado","Contratos para Empleadas Domésticas en Honduras","Contrato Empleada Doméstica Honduras","Todo lo que debe saber sobre el contrato de trabajo doméstico en Honduras: salario mínimo, jornada, IHSS, prestaciones, aguinaldo y cesantía.","Conoce cómo regular el contrato de empleadas domésticas en Honduras. Evita reclamos con documentación legal, liquidaciones exactas y afiliación al IHSS.","true","LOW","KEEP","KEEP"
"contratos-franquicia-aspectos","derecho-mercantil","Contrato de franquicia en Honduras: cláusulas y riesgos","Contrato de franquicia en Honduras: cláusulas y riesgos","Cláusulas que conviene revisar en un contrato de franquicia en Honduras: territorio, regalías, uso de marca, terminación y solución de conflictos.","Cláusulas que conviene revisar en un contrato de franquicia en Honduras: territorio, regalías, uso de marca, terminación y solución de conflictos.","","","","sin conflicto demostrado","Contrato de franquicia en Honduras: cláusulas y riesgos","Contrato de franquicia en Honduras: cláusulas y riesgos","Cláusulas que conviene revisar en un contrato de franquicia en Honduras: territorio, regalías, uso de marca, terminación y solución de conflictos.","Cláusulas que conviene revisar en un contrato de franquicia en Honduras: territorio, regalías, uso de marca, terminación y solución de conflictos.","true","LOW","KEEP","KEEP"
"contratos-mercantiles-esenciales-empresas-honduras","derecho-mercantil","Contratos Mercantiles en Honduras: 5 Esenciales","Contratos Mercantiles en Honduras: Guía Esencial","De la constitución de sociedad al contrato de distribución: guía práctica de los contratos mercantiles esenciales para empresas en Honduras. Qué cláusulas","Conozca los 5 contratos mercantiles esenciales en Honduras: compraventa, distribución, agencia, franquicia y suministro. Proteja su empresa con","","","","sin conflicto demostrado","Contratos Mercantiles en Honduras: 5 Esenciales","Contratos Mercantiles en Honduras: Guía Esencial","De la constitución de sociedad al contrato de distribución: guía práctica de los contratos mercantiles esenciales para empresas en Honduras. Qué cláusulas","Conozca los 5 contratos mercantiles esenciales en Honduras: compraventa, distribución, agencia, franquicia y suministro. Proteja su empresa con","true","LOW","KEEP","KEEP"
"contratos-trabajo-tipos-clausulas-honduras","derecho-laboral","Contratos de Trabajo en Honduras","Contratos de Trabajo en Honduras","Contrato indefinido, a plazo fijo y por obra: diferencias, cláusulas obligatorias (salario, jornada, período de prueba) y cómo probar la relación laboral si su","Conozca los tipos de contratos de trabajo en Honduras, cláusulas esenciales y qué hacer si no le entregan uno. Información legal actualizada.","","","","sin conflicto demostrado","Contratos de Trabajo en Honduras","Contratos de Trabajo en Honduras","Contrato indefinido, a plazo fijo y por obra: diferencias, cláusulas obligatorias (salario, jornada, período de prueba) y cómo probar la relación laboral si su","Conozca los tipos de contratos de trabajo en Honduras, cláusulas esenciales y qué hacer si no le entregan uno. Información legal actualizada.","true","LOW","KEEP","KEEP"
"costos-honorarios-abogados-como-funcionan-honduras","practica-legal","Honorarios de Abogados en Honduras","Honorarios de Abogados en Honduras","Cómo se fijan los honorarios de abogados en Honduras: modalidades de cobro, factores que influyen en el costo y preguntas clave antes de contratar","Conozca cómo se fijan los honorarios de abogados en Honduras, modalidades de cobro, factores de costo y preguntas clave. Transparencia legal garantizada.","","","","sin conflicto demostrado","Honorarios de Abogados en Honduras","Honorarios de Abogados en Honduras","Cómo se fijan los honorarios de abogados en Honduras: modalidades de cobro, factores que influyen en el costo y preguntas clave antes de contratar","Conozca cómo se fijan los honorarios de abogados en Honduras, modalidades de cobro, factores de costo y preguntas clave. Transparencia legal garantizada.","true","LOW","KEEP","KEEP"
"creditos-reestructuracion-deudas","derecho-bancario","Reestructuración de Deuda en Honduras","Reestructuración de Deuda en Honduras","Guía sobre reestructuración de deudas bancarias en Honduras: cuándo conviene solicitarla, cómo negociar con el banco, requisitos y efectos sobre su historial","Aprenda cómo reestructurar su deuda en Honduras. Modifique plazos, tasas e intereses con la guía legal y pasos prácticos. Consulte a expertos.","","","","sin conflicto demostrado","Reestructuración de Deuda en Honduras","Reestructuración de Deuda en Honduras","Guía sobre reestructuración de deudas bancarias en Honduras: cuándo conviene solicitarla, cómo negociar con el banco, requisitos y efectos sobre su historial","Aprenda cómo reestructurar su deuda en Honduras. Modifique plazos, tasas e intereses con la guía legal y pasos prácticos. Consulte a expertos.","true","LOW","KEEP","KEEP"
"cuando-necesito-abogado-penalista-honduras","derecho-penal","¿Cuándo necesita un abogado penalista en Honduras?","¿Cuándo necesita un abogado penalista en Honduras?","Situaciones en las que conviene buscar defensa penal temprana, qué información preparar y cómo se desarrolla una primera consulta.","Situaciones en las que conviene buscar defensa penal temprana, qué información preparar y cómo se desarrolla una primera consulta.","","","","sin conflicto demostrado","¿Cuándo necesita un abogado penalista en Honduras?","¿Cuándo necesita un abogado penalista en Honduras?","Situaciones en las que conviene buscar defensa penal temprana, qué información preparar y cómo se desarrolla una primera consulta.","Situaciones en las que conviene buscar defensa penal temprana, qué información preparar y cómo se desarrolla una primera consulta.","true","LOW","KEEP","KEEP"
"cuando-prescribe-delito-en-honduras","derecho-penal","Prescripción Penal en Honduras: Plazos y Cálculo","Prescripción Penal en Honduras: Plazos y Cálculo","Cómo se determina la prescripción penal en Honduras según la pena, el delito y los actos que pueden interrumpir o suspender el cómputo.","Cómo se determina la prescripción penal en Honduras según la pena, el delito y los actos que pueden interrumpir o suspender el cómputo.","","","","sin conflicto demostrado","Prescripción Penal en Honduras: Plazos y Cálculo","Prescripción Penal en Honduras: Plazos y Cálculo","Cómo se determina la prescripción penal en Honduras según la pena, el delito y los actos que pueden interrumpir o suspender el cómputo.","Cómo se determina la prescripción penal en Honduras según la pena, el delito y los actos que pueden interrumpir o suspender el cómputo.","true","LOW","KEEP","KEEP"
"custodia-hijos-honduras-juez","derecho-de-familia","Custodia de Hijos en Honduras: Criterios del Juez","Custodia de Hijos en Honduras: Criterios del Juez","Criterios que el juez evalúa en procesos de custodia en Honduras: interés superior del menor, capacidad parental y régimen de visitas.","Criterios que el juez evalúa en procesos de custodia en Honduras: interés superior del menor, capacidad parental y régimen de visitas.","","","","sin conflicto demostrado","Custodia de Hijos en Honduras: Criterios del Juez","Custodia de Hijos en Honduras: Criterios del Juez","Criterios que el juez evalúa en procesos de custodia en Honduras: interés superior del menor, capacidad parental y régimen de visitas.","Criterios que el juez evalúa en procesos de custodia en Honduras: interés superior del menor, capacidad parental y régimen de visitas.","true","LOW","KEEP","KEEP"
"danos-perjuicios-indemnizacion-honduras","derecho-civil","Daños y Perjuicios en Honduras: Cómo Reclamar","Daños y Perjuicios en Honduras: Cómo Reclamar","Requisitos y pasos para reclamar daños y perjuicios en Honduras: tipos de indemnización, plazos, documentos y procedimiento judicial.","Requisitos y pasos para reclamar daños y perjuicios en Honduras: tipos de indemnización, plazos, documentos y procedimiento judicial.","","","","sin conflicto demostrado","Daños y Perjuicios en Honduras: Cómo Reclamar","Daños y Perjuicios en Honduras: Cómo Reclamar","Requisitos y pasos para reclamar daños y perjuicios en Honduras: tipos de indemnización, plazos, documentos y procedimiento judicial.","Requisitos y pasos para reclamar daños y perjuicios en Honduras: tipos de indemnización, plazos, documentos y procedimiento judicial.","true","LOW","KEEP","KEEP"
"defensa-penal-honduras","derecho-penal","Defensa penal en Honduras: guía de las primeras actuaciones","Defensa penal en Honduras: guía de las primeras actuaciones","Orientación general ante una detención, citación o investigación penal y sobre la importancia de recibir asesoría jurídica desde el inicio.","Orientación general ante una detención, citación o investigación penal y sobre la importancia de recibir asesoría jurídica desde el inicio.","","","","sin conflicto demostrado","Defensa penal en Honduras: guía de las primeras actuaciones","Defensa penal en Honduras: guía de las primeras actuaciones","Orientación general ante una detención, citación o investigación penal y sobre la importancia de recibir asesoría jurídica desde el inicio.","Orientación general ante una detención, citación o investigación penal y sobre la importancia de recibir asesoría jurídica desde el inicio.","true","LOW","KEEP","KEEP"
"defensa-penal-menores-edad-honduras","derecho-penal","Defensa Penal Juvenil en Honduras: Guía Completa","Defensa Penal Juvenil Honduras","Cómo funciona la justicia penal juvenil en Honduras: régimen especial, medidas aplicables, internamiento como último recurso y derechos del menor durante el","Conozca el sistema de defensa penal juvenil en Honduras para menores de 18 años. Principios, medidas y diferencias con el sistema de adultos.","","","","sin conflicto demostrado","Defensa Penal Juvenil en Honduras: Guía Completa","Defensa Penal Juvenil Honduras","Cómo funciona la justicia penal juvenil en Honduras: régimen especial, medidas aplicables, internamiento como último recurso y derechos del menor durante el","Conozca el sistema de defensa penal juvenil en Honduras para menores de 18 años. Principios, medidas y diferencias con el sistema de adultos.","true","LOW","KEEP","KEEP"
"defensa-sar-choluteca","tributario","Defensa ante el SAR en Choluteca","Defensa ante el SAR en Choluteca","Defensa ante fiscalización del SAR en Choluteca: plazos para responder, documentación requerida, derechos del contribuyente y cómo impugnar liquidaciones","Reciba asesoría legal experta para su defensa ante fiscalizaciones del SAR en Choluteca, Honduras. Conozca plazos, procedimientos y sus derechos.","","","","sin conflicto demostrado","Defensa ante el SAR en Choluteca","Defensa ante el SAR en Choluteca","Defensa ante fiscalización del SAR en Choluteca: plazos para responder, documentación requerida, derechos del contribuyente y cómo impugnar liquidaciones","Reciba asesoría legal experta para su defensa ante fiscalizaciones del SAR en Choluteca, Honduras. Conozca plazos, procedimientos y sus derechos.","true","LOW","KEEP","KEEP"
"delitos-ambientales-como-denunciarlos-honduras","derecho-ambiental","Delitos ambientales en Honduras","Delitos Ambientales en Honduras","Guía práctica para denunciar delitos ambientales: ante quién presentar la denuncia (MP, SERNA, ICF), qué pruebas necesita y cómo protegerse como denunciante en","Conozca los delitos ambientales en Honduras, cómo denunciarlos y las instituciones competentes. Información legal actualizada sobre protección ambiental.","","","","sin conflicto demostrado","Delitos ambientales en Honduras","Delitos Ambientales en Honduras","Guía práctica para denunciar delitos ambientales: ante quién presentar la denuncia (MP, SERNA, ICF), qué pruebas necesita y cómo protegerse como denunciante en","Conozca los delitos ambientales en Honduras, cómo denunciarlos y las instituciones competentes. Información legal actualizada sobre protección ambiental.","true","LOW","KEEP","KEEP"
"delitos-mas-comunes-honduras","derecho-penal","Delitos Más Comunes en Honduras: Guía Legal","Delitos Más Comunes en Honduras","Los delitos que más llegan a tribunales en Honduras: penal, familiar, patrimonial. Sepa cómo identificarlos y qué pasos legales tomar en cada situación.","Conoce cuáles son los delitos más frecuentes en Honduras según el nuevo Código Penal, sus penas y qué hacer en caso de denuncia o acusación.","","","","sin conflicto demostrado","Delitos Más Comunes en Honduras: Guía Legal","Delitos Más Comunes en Honduras","Los delitos que más llegan a tribunales en Honduras: penal, familiar, patrimonial. Sepa cómo identificarlos y qué pasos legales tomar en cada situación.","Conoce cuáles son los delitos más frecuentes en Honduras según el nuevo Código Penal, sus penas y qué hacer en caso de denuncia o acusación.","true","LOW","KEEP","KEEP"
"demanda-laboral-choluteca","derecho-laboral","Demanda Laboral en Choluteca (Honduras)","Demanda Laboral Choluteca: Pasos","Demanda laboral en Choluteca por despido injustificado, impago de prestaciones o acoso laboral. Pasos, plazos de 2 meses y abogados laborales en la zona sur.","Sepa cómo presentar una demanda laboral en Choluteca, Honduras. Conozca plazos, artículos del Código de Trabajo y pasos a seguir para reclamar sus","","","","sin conflicto demostrado","Demanda Laboral en Choluteca (Honduras)","Demanda Laboral Choluteca: Pasos","Demanda laboral en Choluteca por despido injustificado, impago de prestaciones o acoso laboral. Pasos, plazos de 2 meses y abogados laborales en la zona sur.","Sepa cómo presentar una demanda laboral en Choluteca, Honduras. Conozca plazos, artículos del Código de Trabajo y pasos a seguir para reclamar sus","true","LOW","KEEP","KEEP"
"derecho-ambiental-honduras","derecho-ambiental","Derecho Ambiental en Honduras: Licencias, Delitos","Derecho Ambiental Honduras: Licencias y Delitos","Guía completa de derecho ambiental en Honduras: licencias, evaluación de impacto, delitos ambientales, SERNA, categorización y sanciones. Para empresas y","Conozca el derecho ambiental en Honduras: licencias, estudios de impacto, delitos y sanciones. Cumpla la normativa vigente.","","","","sin conflicto demostrado","Derecho Ambiental en Honduras: Licencias, Delitos","Derecho Ambiental Honduras: Licencias y Delitos","Guía completa de derecho ambiental en Honduras: licencias, evaluación de impacto, delitos ambientales, SERNA, categorización y sanciones. Para empresas y","Conozca el derecho ambiental en Honduras: licencias, estudios de impacto, delitos y sanciones. Cumpla la normativa vigente.","true","LOW","KEEP","KEEP"
"derecho-de-peticion-instituciones-honduras","derechos-ciudadanos","Derecho de Petición en Honduras","Derecho de Petición Honduras: Guía Completa y","Cómo redactar una petición efectiva (precisión, autoridad correcta, constancia de recibido). Plazos de respuesta, silencio administrativo y recurso de amparo","Conozca el Derecho de Petición en Honduras, Artículo 80 Constitución, plazos y cómo ejercerlo ante autoridades. ¡Obtenga respuesta!","","","","sin conflicto demostrado","Derecho de Petición en Honduras","Derecho de Petición Honduras: Guía Completa y","Cómo redactar una petición efectiva (precisión, autoridad correcta, constancia de recibido). Plazos de respuesta, silencio administrativo y recurso de amparo","Conozca el Derecho de Petición en Honduras, Artículo 80 Constitución, plazos y cómo ejercerlo ante autoridades. ¡Obtenga respuesta!","true","LOW","KEEP","KEEP"
"derechos-consumidor-financiero-honduras-cnbs","derecho-bancario","Derechos del consumidor financiero en Honduras","Derechos Consumidor Financiero Honduras","Cargos no autorizados, reportes indebidos en Central de Riesgos, tasas modificadas sin aviso. Guía práctica para reclamar ante el banco, la CNBS y los","Conozca sus derechos como consumidor financiero en Honduras. Aprenda a reclamar ante bancos y la CNBS por cobros indebidos o prácticas abusivas.","","","","sin conflicto demostrado","Derechos del consumidor financiero en Honduras","Derechos Consumidor Financiero Honduras","Cargos no autorizados, reportes indebidos en Central de Riesgos, tasas modificadas sin aviso. Guía práctica para reclamar ante el banco, la CNBS y los","Conozca sus derechos como consumidor financiero en Honduras. Aprenda a reclamar ante bancos y la CNBS por cobros indebidos o prácticas abusivas.","true","LOW","KEEP","KEEP"
"derechos-de-autor-proteccion-registro-honduras","propiedad-intelectual","Derechos de Autor en Honduras: Protección y Registro de Obras","Derechos de Autor en Honduras: Protección y","Guía completa sobre derechos de autor en Honduras: qué obras protege la ley, diferencia entre derechos morales y patrimoniales, cómo registrar una obra ante","Descubre cómo proteger tus obras literarias y artísticas en Honduras. Conoce la Ley, el registro ante DIGEPIH y tus derechos morales y patrimoniales.","","","","sin conflicto demostrado","Derechos de Autor en Honduras: Protección y Registro de Obras","Derechos de Autor en Honduras: Protección y","Guía completa sobre derechos de autor en Honduras: qué obras protege la ley, diferencia entre derechos morales y patrimoniales, cómo registrar una obra ante","Descubre cómo proteger tus obras literarias y artísticas en Honduras. Conoce la Ley, el registro ante DIGEPIH y tus derechos morales y patrimoniales.","true","LOW","KEEP","KEEP"
"derechos-detenido-honduras-guia-constitucional","derecho-penal","Derechos del detenido en Honduras: explicación práctica","Derechos del detenido en Honduras: explicación práctica","Derecho a saber por qué lo detienen, a guardar silencio, a un abogado desde el primer momento, a ser presentado ante un juez en 24 horas y a no ser","Abogado defensor, derecho al silencio, información sobre la detención, plazos y hábeas corpus explicados de forma práctica.","","","","sin conflicto demostrado","Derechos del detenido en Honduras: explicación práctica","Derechos del detenido en Honduras: explicación práctica","Derecho a saber por qué lo detienen, a guardar silencio, a un abogado desde el primer momento, a ser presentado ante un juez en 24 horas y a no ser","Abogado defensor, derecho al silencio, información sobre la detención, plazos y hábeas corpus explicados de forma práctica.","true","LOW","KEEP","KEEP"
"derechos-indigenas-consulta-previa-honduras","derecho-ambiental","Guía completa de derechos indígenas y consulta","Derechos Indígenas y Consulta Previa en Honduras","Convenio 169 de la OIT, consulta previa libre e informada, derechos territoriales de pueblos indígenas en Honduras y obligaciones del Estado. Guía actualizada","Conozca los derechos de los pueblos indígenas en Honduras, el marco legal del Convenio 169 OIT y la consulta previa, libre e informada.","","","","sin conflicto demostrado","Guía completa de derechos indígenas y consulta","Derechos Indígenas y Consulta Previa en Honduras","Convenio 169 de la OIT, consulta previa libre e informada, derechos territoriales de pueblos indígenas en Honduras y obligaciones del Estado. Guía actualizada","Conozca los derechos de los pueblos indígenas en Honduras, el marco legal del Convenio 169 OIT y la consulta previa, libre e informada.","true","LOW","KEEP","KEEP"
"derechos-laborales-basicos-honduras","derecho-laboral","Derechos laborales básicos en Honduras","Derechos Laborales en Honduras","Guía de los derechos laborales básicos en Honduras que más se violan en la práctica: salario, jornada, aguinaldo, vacaciones, maternidad, estabilidad y cómo","Conozca sus derechos laborales en Honduras: salario mínimo, jornada, horas extra, aguinaldo, vacaciones y despido. Cumpla la ley.","","","","sin conflicto demostrado","Derechos laborales básicos en Honduras","Derechos Laborales en Honduras","Guía de los derechos laborales básicos en Honduras que más se violan en la práctica: salario, jornada, aguinaldo, vacaciones, maternidad, estabilidad y cómo","Conozca sus derechos laborales en Honduras: salario mínimo, jornada, horas extra, aguinaldo, vacaciones y despido. Cumpla la ley.","true","LOW","KEEP","KEEP"
"derechos-trabajadora-embarazada-honduras","derecho-laboral","Despido por Embarazo en Honduras","Despido por Embarazo en Honduras en Honduras (2026) | Abogad","¿La despidieron estando embarazada? El fuero maternal la protege en Honduras. Licencia de 10 semanas, lactancia y cómo demandar un despido ilegal.","Conozca sus derechos laborales en Honduras ante un despido por embarazo. Fuero maternal, licencia y protección legal.","","","","sin conflicto demostrado","Despido por Embarazo en Honduras","Despido por Embarazo en Honduras en Honduras (2026) | Abogad","¿La despidieron estando embarazada? El fuero maternal la protege en Honduras. Licencia de 10 semanas, lactancia y cómo demandar un despido ilegal.","Conozca sus derechos laborales en Honduras ante un despido por embarazo. Fuero maternal, licencia y protección legal.","true","LOW","KEEP","KEEP"
"despido-empleados-publicos-honduras","derecho-administrativo","Despido de empleados públicos en Honduras","Despido Empleados Públicos Honduras","Empleado de carrera vs. libre nombramiento, causales taxativas de despido, procedimiento administrativo, recursos de reposición y apelación, y amparo. Plazos","Conozca los derechos y recursos ante el despido de empleados públicos en Honduras. Abogados explican Ley de Servicio Civil, plazos y procedimientos.","","","","sin conflicto demostrado","Despido de empleados públicos en Honduras","Despido Empleados Públicos Honduras","Empleado de carrera vs. libre nombramiento, causales taxativas de despido, procedimiento administrativo, recursos de reposición y apelación, y amparo. Plazos","Conozca los derechos y recursos ante el despido de empleados públicos en Honduras. Abogados explican Ley de Servicio Civil, plazos y procedimientos.","true","LOW","KEEP","KEEP"
"despido-laboral-honduras-guia-completa","derecho-laboral","Despido Injustificado en Honduras: Prestaciones y Plazos","Despido Injustificado en Honduras: Prestaciones y Plazos","Prestaciones y plazos ante un despido injustificado en Honduras. Revisión de documentos, cálculo de liquidación y opciones de reclamación laboral.","Prestaciones y plazos ante un despido injustificado en Honduras. Revisión de documentos, cálculo de liquidación y opciones de reclamación laboral.","","","","sin conflicto demostrado","Despido Injustificado en Honduras: Prestaciones y Plazos","Despido Injustificado en Honduras: Prestaciones y Plazos","Prestaciones y plazos ante un despido injustificado en Honduras. Revisión de documentos, cálculo de liquidación y opciones de reclamación laboral.","Prestaciones y plazos ante un despido injustificado en Honduras. Revisión de documentos, cálculo de liquidación y opciones de reclamación laboral.","true","LOW","KEEP","KEEP"
"devolucion-impuestos-como-solicitarla-honduras","tributario","Devolución de impuestos en Honduras","Devolución de Impuestos Honduras","Procedimiento completo para solicitar devolución de impuestos en Honduras: saldos a favor del ISR e ISV, plazos, documentación y qué hacer si el SAR rechaza su","Aprenda cómo solicitar la devolución de impuestos (ISR, ISV) en Honduras. Conozca plazos, requisitos y procedimientos ante el SAR.","","","","sin conflicto demostrado","Devolución de impuestos en Honduras","Devolución de Impuestos Honduras","Procedimiento completo para solicitar devolución de impuestos en Honduras: saldos a favor del ISR e ISV, plazos, documentación y qué hacer si el SAR rechaza su","Aprenda cómo solicitar la devolución de impuestos (ISR, ISV) en Honduras. Conozca plazos, requisitos y procedimientos ante el SAR.","true","LOW","KEEP","KEEP"
"diferencia-denuncia-querella-acusacion-honduras","derecho-penal","Denuncia vs querella y acusación en Honduras","Denuncia vs querella y acusación en Honduras en Honduras (20","Conozca las diferencias clave entre denuncia, querella y acusación en el sistema penal hondureño. Cada figura tiene requisitos, efectos y procedimientos","Quién puede informar un delito, cómo participa la víctima y cuándo formaliza la acusación el Ministerio Público en Honduras.","","","","sin conflicto demostrado","Denuncia vs querella y acusación en Honduras","Denuncia vs querella y acusación en Honduras en Honduras (20","Conozca las diferencias clave entre denuncia, querella y acusación en el sistema penal hondureño. Cada figura tiene requisitos, efectos y procedimientos","Quién puede informar un delito, cómo participa la víctima y cuándo formaliza la acusación el Ministerio Público en Honduras.","true","LOW","KEEP","KEEP"
"divorcio-choluteca","derecho-de-familia","Divorcio en Choluteca","Divorcio en Choluteca","Divorcio en Choluteca: mutuo consentimiento, express o contencioso. Costos, plazos reales, documentos necesarios y abogados locales en el Juzgado de Familia.","Conozca los tipos de divorcio en Choluteca, Honduras: mutuo consentimiento, express y contencioso. Abogados de familia explican trámites y requisitos.","","","","sin conflicto demostrado","Divorcio en Choluteca","Divorcio en Choluteca","Divorcio en Choluteca: mutuo consentimiento, express o contencioso. Costos, plazos reales, documentos necesarios y abogados locales en el Juzgado de Familia.","Conozca los tipos de divorcio en Choluteca, Honduras: mutuo consentimiento, express y contencioso. Abogados de familia explican trámites y requisitos.","true","LOW","KEEP","KEEP"
"divorcio-honduras-guia-completa","derecho-de-familia","Divorcio en Honduras: 3 vías, requisitos y plazos","Divorcio en Honduras: vías, requisitos y plazos","Mutuo consentimiento, express o contencioso: comparativa con plazos reales, costes en Lempiras, requisitos legales y errores que encarecen el proceso. Elija la","Compare las vías de divorcio en Honduras, sus requisitos, documentos, plazos y las decisiones sobre hijos, alimentos y patrimonio.","","","","sin conflicto demostrado","Divorcio en Honduras: 3 vías, requisitos y plazos","Divorcio en Honduras: vías, requisitos y plazos","Mutuo consentimiento, express o contencioso: comparativa con plazos reales, costes en Lempiras, requisitos legales y errores que encarecen el proceso. Elija la","Compare las vías de divorcio en Honduras, sus requisitos, documentos, plazos y las decisiones sobre hijos, alimentos y patrimonio.","true","LOW","KEEP","KEEP"
"ejecucion-hipotecaria-honduras-que-hacer","derecho-bancario","Ejecución hipotecaria en Honduras: qué hacer","Ejecución Hipotecaria Honduras","De la notificación al remate: opciones legales en cada etapa. Dación en pago, reestructuración de deuda, oposición de excepciones y cómo detener el proceso","Conozca sus derechos y opciones legales ante una ejecución hipotecaria en Honduras. Evite la pérdida de su vivienda con asesoría experta.","","","","sin conflicto demostrado","Ejecución hipotecaria en Honduras: qué hacer","Ejecución Hipotecaria Honduras","De la notificación al remate: opciones legales en cada etapa. Dación en pago, reestructuración de deuda, oposición de excepciones y cómo detener el proceso","Conozca sus derechos y opciones legales ante una ejecución hipotecaria en Honduras. Evite la pérdida de su vivienda con asesoría experta.","true","LOW","KEEP","KEEP"
"errores-contratos-civiles-honduras","derecho-civil","Redactar Contratos en Honduras","Errores Comunes al Redactar Contratos en Honduras","Cláusulas vagas, ausencia de penal por incumplimiento, falta de domicilio procesal y otros errores que convierten un contrato en fuente de conflictos","Evite litigios costosos. Conozca los 8 errores clave al redactar contratos civiles y mercantiles en Honduras y cómo prevenirlos.","","","","sin conflicto demostrado","Redactar Contratos en Honduras","Errores Comunes al Redactar Contratos en Honduras","Cláusulas vagas, ausencia de penal por incumplimiento, falta de domicilio procesal y otros errores que convierten un contrato en fuente de conflictos","Evite litigios costosos. Conozca los 8 errores clave al redactar contratos civiles y mercantiles en Honduras y cómo prevenirlos.","true","LOW","KEEP","KEEP"
"estafas-fraudes-tipos-penales-honduras","derecho-penal","Estafa en Honduras: Tipos, Denuncia y Defensa","Estafa en Honduras: Tipos, Denuncia y Defensa","Tipos de estafa según el Código Penal de Honduras, cómo denunciar y cuándo buscar defensa legal ante acusaciones por fraude.","Tipos de estafa según el Código Penal de Honduras, cómo denunciar y cuándo buscar defensa legal ante acusaciones por fraude.","","","","sin conflicto demostrado","Estafa en Honduras: Tipos, Denuncia y Defensa","Estafa en Honduras: Tipos, Denuncia y Defensa","Tipos de estafa según el Código Penal de Honduras, cómo denunciar y cuándo buscar defensa legal ante acusaciones por fraude.","Tipos de estafa según el Código Penal de Honduras, cómo denunciar y cuándo buscar defensa legal ante acusaciones por fraude.","true","LOW","KEEP","KEEP"
"etapa-investigacion-proceso-penal-honduras","proceso-penal","Investigación Penal en Honduras","Investigación Penal Honduras: Plazos y Derechos","Guía sobre la fase de investigación en el proceso penal de Honduras: quién la dirige, qué diligencias se realizan, cuánto dura y qué derechos tiene el","Conozca los plazos, derechos y procedimientos de la investigación penal en Honduras. Abogados penalistas explican el Código Procesal Penal.","","","","sin conflicto demostrado","Investigación Penal en Honduras","Investigación Penal Honduras: Plazos y Derechos","Guía sobre la fase de investigación en el proceso penal de Honduras: quién la dirige, qué diligencias se realizan, cuánto dura y qué derechos tiene el","Conozca los plazos, derechos y procedimientos de la investigación penal en Honduras. Abogados penalistas explican el Código Procesal Penal.","true","LOW","KEEP","KEEP"
"evaluacion-impacto-ambiental-honduras","derecho-ambiental","Evaluación de Impacto Ambiental en Honduras","Evaluación de Impacto Ambiental Honduras","Guía completa: categorización de proyectos, proceso de EIA ante la SERNA, plazos, costos, y consecuencias legales de operar sin licencia ambiental. Para","Conozca el proceso, requisitos y marco legal de la Evaluación de Impacto Ambiental (EIA) en Honduras. Obtenga su licencia ambiental con asesoría experta.","","","","sin conflicto demostrado","Evaluación de Impacto Ambiental en Honduras","Evaluación de Impacto Ambiental Honduras","Guía completa: categorización de proyectos, proceso de EIA ante la SERNA, plazos, costos, y consecuencias legales de operar sin licencia ambiental. Para","Conozca el proceso, requisitos y marco legal de la Evaluación de Impacto Ambiental (EIA) en Honduras. Obtenga su licencia ambiental con asesoría experta.","true","LOW","KEEP","KEEP"
"expropiacion-forzosa-derechos-propietario-honduras","derecho-administrativo","Expropiación Forzosa en Honduras","Ley de Expropiación Forzosa Honduras","Fases del procedimiento expropiatorio, cómo impugnar la valoración, hoja de aprecio, Jurado de Expropiación, ocupación urgente y reversión del bien.","Guía legal sobre la expropiación forzosa en Honduras por utilidad pública. Defienda el valor de su tierra (justiprecio) frente al Estado y municipalidades.","","","","sin conflicto demostrado","Expropiación Forzosa en Honduras","Ley de Expropiación Forzosa Honduras","Fases del procedimiento expropiatorio, cómo impugnar la valoración, hoja de aprecio, Jurado de Expropiación, ocupación urgente y reversión del bien.","Guía legal sobre la expropiación forzosa en Honduras por utilidad pública. Defienda el valor de su tierra (justiprecio) frente al Estado y municipalidades.","true","LOW","KEEP","KEEP"
"facturacion-electronica-requisitos-sar","tributario","Facturación Electrónica en Honduras","Facturación electrónica Honduras: requisitos SAR","Quiénes están obligados, cómo solicitar autorización como emisor electrónico, software certificado, firma electrónica y sanciones por no cumplir con el SAR.","Conozca los requisitos, obligados, modalidades y controles del SAR relacionados con la facturación electrónica en Honduras.","","","","sin conflicto demostrado","Facturación Electrónica en Honduras","Facturación electrónica Honduras: requisitos SAR","Quiénes están obligados, cómo solicitar autorización como emisor electrónico, software certificado, firma electrónica y sanciones por no cumplir con el SAR.","Conozca los requisitos, obligados, modalidades y controles del SAR relacionados con la facturación electrónica en Honduras.","true","LOW","KEEP","KEEP"
"fianza-medidas-cautelares-proceso-penal-honduras","derecho-penal","Fianzas y Medidas Cautelares en el Proceso Penal","Fianzas y Medidas Cautelares en Honduras","Escala de medidas (presentación, arraigo, vigilancia, fianza, prisión preventiva). Cómo se fija el monto de la fianza, tipos de caución y consecuencias del","Conozca las fianzas y medidas cautelares en Honduras según el Código Procesal Penal (Decreto 9-99-E). Asegure su defensa y libertad durante el proceso.","","","","sin conflicto demostrado","Fianzas y Medidas Cautelares en el Proceso Penal","Fianzas y Medidas Cautelares en Honduras","Escala de medidas (presentación, arraigo, vigilancia, fianza, prisión preventiva). Cómo se fija el monto de la fianza, tipos de caución y consecuencias del","Conozca las fianzas y medidas cautelares en Honduras según el Código Procesal Penal (Decreto 9-99-E). Asegure su defensa y libertad durante el proceso.","true","LOW","KEEP","KEEP"
"guia-aduanera-importaciones-honduras","derecho-aduanero","Cómo Importar a Honduras: Requisitos y Documentos","Cómo Importar a Honduras: Requisitos y Documentos","Documentos, clasificación arancelaria, tributos y etapas generales del despacho para importar mercancías legalmente en Honduras.","Documentos, clasificación arancelaria, tributos y etapas generales del despacho para importar mercancías legalmente en Honduras.","","","","sin conflicto demostrado","Cómo Importar a Honduras: Requisitos y Documentos","Cómo Importar a Honduras: Requisitos y Documentos","Documentos, clasificación arancelaria, tributos y etapas generales del despacho para importar mercancías legalmente en Honduras.","Documentos, clasificación arancelaria, tributos y etapas generales del despacho para importar mercancías legalmente en Honduras.","true","LOW","KEEP","KEEP"
"habeas-corpus-cuando-interponer-honduras","proceso-penal","Hábeas Corpus en Honduras: Cómo Interponerlo y Cuándo Procede","Hábeas Corpus Honduras: Cómo Interponer y Cuándo","Guía completa del hábeas corpus en Honduras: qué derechos protege, contra qué actos procede, quién puede interponerlo, plazo de 24 horas, diferencias con el","Guía completa sobre el Hábeas Corpus en Honduras. Aprenda cómo interponerlo, cuándo procede y los plazos de 24 horas. Proteja su libertad.","","","","sin conflicto demostrado","Hábeas Corpus en Honduras: Cómo Interponerlo y Cuándo Procede","Hábeas Corpus Honduras: Cómo Interponer y Cuándo","Guía completa del hábeas corpus en Honduras: qué derechos protege, contra qué actos procede, quién puede interponerlo, plazo de 24 horas, diferencias con el","Guía completa sobre el Hábeas Corpus en Honduras. Aprenda cómo interponerlo, cuándo procede y los plazos de 24 horas. Proteja su libertad.","true","LOW","KEEP","KEEP"
"habilitacion-clinicas-hospitales","regulacion-sanitaria","Licencia Sanitaria en Honduras: Guía Completa","Licencia Sanitaria Honduras: Guía Completa","Requisitos de planos, equipamiento, personal colegiado, protocolos de desechos y bioseguridad. Inspección de la Región Sanitaria y renovación de la licencia.","Obtén tu Licencia Sanitaria en Honduras. Guía completa de requisitos, trámites ante SESAL y ARSA, y cómo el Portal Digital de Inversiones (PDI) puede","","","","sin conflicto demostrado","Licencia Sanitaria en Honduras: Guía Completa","Licencia Sanitaria Honduras: Guía Completa","Requisitos de planos, equipamiento, personal colegiado, protocolos de desechos y bioseguridad. Inspección de la Región Sanitaria y renovación de la licencia.","Obtén tu Licencia Sanitaria en Honduras. Guía completa de requisitos, trámites ante SESAL y ARSA, y cómo el Portal Digital de Inversiones (PDI) puede","true","LOW","KEEP","KEEP"
"herencias-transfronterizas-bienes","hondurenos-en-espana","Herencia Transfronteriza Honduras-España","Herencia Transfronteriza Honduras-España","Qué ley se aplica a la sucesión, impuestos en cada país (Sucesiones en Honduras, ISD en España), modelo 720 y pasos prácticos tras un fallecimiento.","Gestione herencias entre Honduras y España. Conozca qué ley aplica, impuestos y pasos a seguir.","","","","sin conflicto demostrado","Herencia Transfronteriza Honduras-España","Herencia Transfronteriza Honduras-España","Qué ley se aplica a la sucesión, impuestos en cada país (Sucesiones en Honduras, ISD en España), modelo 720 y pasos prácticos tras un fallecimiento.","Gestione herencias entre Honduras y España. Conozca qué ley aplica, impuestos y pasos a seguir.","true","LOW","KEEP","KEEP"
"hondurenos-espana-documentos","hondurenos-en-espana","Documentos legales hondureños desde España","Documentos Legales Hondureños desde España","Guía para hondureños residentes en España que necesitan gestionar documentos legales en Honduras: partidas, antecedentes, poderes y más.","Aprenda a tramitar documentos legales hondureños desde España. Guía sobre apostilla, RNP, antecedentes penales y consulados. ¡Evite errores!","","","","sin conflicto demostrado","Documentos legales hondureños desde España","Documentos Legales Hondureños desde España","Guía para hondureños residentes en España que necesitan gestionar documentos legales en Honduras: partidas, antecedentes, poderes y más.","Aprenda a tramitar documentos legales hondureños desde España. Guía sobre apostilla, RNP, antecedentes penales y consulados. ¡Evite errores!","true","LOW","KEEP","KEEP"
"importaciones-san-lorenzo","derecho-aduanero","Importaciones en San Lorenzo","Importaciones San Lorenzo","Importaciones en San Lorenzo: requisitos legales, clasificación arancelaria, DUA, impuestos DAI e ISV, permisos especiales y despacho aduanero en el puerto.","Conozca los requisitos, impuestos (DAI, ISV) y pasos para importar por San Lorenzo, Honduras. Cumpla con el CAUCA y ARSA. Asesoría legal aduanera.","","","","sin conflicto demostrado","Importaciones en San Lorenzo","Importaciones San Lorenzo","Importaciones en San Lorenzo: requisitos legales, clasificación arancelaria, DUA, impuestos DAI e ISV, permisos especiales y despacho aduanero en el puerto.","Conozca los requisitos, impuestos (DAI, ISV) y pasos para importar por San Lorenzo, Honduras. Cumpla con el CAUCA y ARSA. Asesoría legal aduanera.","true","LOW","KEEP","KEEP"
"importar-china-guia-aduanera","derecho-aduanero","Importar desde China a Honduras: Guía Legal","Importar desde China a Honduras","Documentación necesaria, aranceles e impuestos, Incoterms recomendados (FOB, CIF), proceso desde la compra hasta el despacho aduanero en Honduras.","Guía legal para importar desde China a Honduras. Conozca requisitos, documentación, impuestos y riesgos aduaneros. Asesoría experta.","","","","sin conflicto demostrado","Importar desde China a Honduras: Guía Legal","Importar desde China a Honduras","Documentación necesaria, aranceles e impuestos, Incoterms recomendados (FOB, CIF), proceso desde la compra hasta el despacho aduanero en Honduras.","Guía legal para importar desde China a Honduras. Conozca requisitos, documentación, impuestos y riesgos aduaneros. Asesoría experta.","true","LOW","KEEP","KEEP"
"importar-mercancias-guia-aduanera","derecho-aduanero","Guía completa para importar a Honduras","Importar a Honduras: Requisitos","Requisitos aduaneros, DUA, factura comercial, permisos especiales, impuestos (DAI, ISV) y documentos necesarios para importar mercancías a Honduras sin","Guía completa sobre requisitos, impuestos (DAI, ISV) y despacho aduanero para importar a Honduras. Asesoría legal para importadores.","","","","sin conflicto demostrado","Guía completa para importar a Honduras","Importar a Honduras: Requisitos","Requisitos aduaneros, DUA, factura comercial, permisos especiales, impuestos (DAI, ISV) y documentos necesarios para importar mercancías a Honduras sin","Guía completa sobre requisitos, impuestos (DAI, ISV) y despacho aduanero para importar a Honduras. Asesoría legal para importadores.","true","LOW","KEEP","KEEP"
"impuesto-renta-personas-fisicas-honduras","tributario","ISR para Personas Físicas en Honduras","ISR Personas Físicas Honduras: Declaración y","Umbrales de ingresos, tramos progresivos del ISR, gastos deducibles con ejemplos y consecuencias de no declarar. Guía para asalariados y profesionales","Conozca quién debe declarar el ISR en Honduras, cómo calcularlo, gastos deducibles y las consecuencias de no cumplir.","","","","sin conflicto demostrado","ISR para Personas Físicas en Honduras","ISR Personas Físicas Honduras: Declaración y","Umbrales de ingresos, tramos progresivos del ISR, gastos deducibles con ejemplos y consecuencias de no declarar. Guía para asalariados y profesionales","Conozca quién debe declarar el ISR en Honduras, cómo calcularlo, gastos deducibles y las consecuencias de no cumplir.","true","LOW","KEEP","KEEP"
"impuestos-pequenas-empresas-guia-basica-honduras","tributario","Impuestos para Pequeñas Empresas en Honduras","Impuestos Pequeñas Empresas Honduras: Guía SAR","Guía para el pequeño empresario hondureño: inscripción en el SAR, RTN, ISV, ISR, facturación electrónica, regímenes simplificados y plazos de declaración. Lo","Conozca los impuestos (ISV, ISR), retenciones y aportaciones (IHSS, RAP) para pequeñas empresas en Honduras. Cumpla sus obligaciones fiscales con el SAR.","","","","sin conflicto demostrado","Impuestos para Pequeñas Empresas en Honduras","Impuestos Pequeñas Empresas Honduras: Guía SAR","Guía para el pequeño empresario hondureño: inscripción en el SAR, RTN, ISV, ISR, facturación electrónica, regímenes simplificados y plazos de declaración. Lo","Conozca los impuestos (ISV, ISR), retenciones y aportaciones (IHSS, RAP) para pequeñas empresas en Honduras. Cumpla sus obligaciones fiscales con el SAR.","true","LOW","KEEP","KEEP"
"incumplimiento-contrato-comercial-honduras","derecho-mercantil","Incumplimiento de contrato en Honduras","Incumplimiento de Contrato en Honduras","Guía para reaccionar ante un incumplimiento contractual en Honduras: pasos legales, reclamación formal, mediación y vía judicial.","Sepa qué hacer ante un incumplimiento de contrato en Honduras. Conozca sus derechos, plazos y acciones legales según el Código de Comercio.","","","","sin conflicto demostrado","Incumplimiento de contrato en Honduras","Incumplimiento de Contrato en Honduras","Guía para reaccionar ante un incumplimiento contractual en Honduras: pasos legales, reclamación formal, mediación y vía judicial.","Sepa qué hacer ante un incumplimiento de contrato en Honduras. Conozca sus derechos, plazos y acciones legales según el Código de Comercio.","true","LOW","KEEP","KEEP"
"isv-impuesto-venta-tasas-obligaciones-honduras","tributario","ISV en Honduras: tasas, obligaciones y cómo","ISV en Honduras: tasas, declaración y obligaciones","Cómo funciona el Impuesto sobre Ventas en Honduras: tasas, productos exentos, débito y crédito fiscal, declaración mensual ante el SAR, facturación con CAI y","Guía sobre tasas, crédito y débito fiscal, exenciones y obligaciones de declaración del Impuesto Sobre Ventas ante el SAR de Honduras.","","","","sin conflicto demostrado","ISV en Honduras: tasas, obligaciones y cómo","ISV en Honduras: tasas, declaración y obligaciones","Cómo funciona el Impuesto sobre Ventas en Honduras: tasas, productos exentos, débito y crédito fiscal, declaración mensual ante el SAR, facturación con CAI y","Guía sobre tasas, crédito y débito fiscal, exenciones y obligaciones de declaración del Impuesto Sobre Ventas ante el SAR de Honduras.","true","LOW","KEEP","KEEP"
"jornada-laboral-horas-extra-descansos-honduras","derecho-laboral","Jornada Laboral en Honduras: Horas Extra y Recargos","Jornada Laboral en Honduras: Horas Extra y Recargos","Límites de la jornada laboral en Honduras, horas extra, recargos, descansos obligatorios y derechos del trabajador según el Código de Trabajo.","Límites de la jornada laboral en Honduras, horas extra, recargos, descansos obligatorios y derechos del trabajador según el Código de Trabajo.","","","","sin conflicto demostrado","Jornada Laboral en Honduras: Horas Extra y Recargos","Jornada Laboral en Honduras: Horas Extra y Recargos","Límites de la jornada laboral en Honduras, horas extra, recargos, descansos obligatorios y derechos del trabajador según el Código de Trabajo.","Límites de la jornada laboral en Honduras, horas extra, recargos, descansos obligatorios y derechos del trabajador según el Código de Trabajo.","true","LOW","KEEP","KEEP"
"juicio-oral-etapas-que-esperar-honduras","proceso-penal","Juicio oral en Honduras: etapas y preparación","Juicio oral en Honduras: etapas y preparación","Guía práctica sobre el juicio oral y público en el proceso penal hondureño: alegatos de apertura, práctica de pruebas, contrainterrogatorios, alegatos finales","Conozca la apertura, presentación de pruebas, conclusiones, deliberación y sentencia en un juicio oral penal en Honduras.","","","","sin conflicto demostrado","Juicio oral en Honduras: etapas y preparación","Juicio oral en Honduras: etapas y preparación","Guía práctica sobre el juicio oral y público en el proceso penal hondureño: alegatos de apertura, práctica de pruebas, contrainterrogatorios, alegatos finales","Conozca la apertura, presentación de pruebas, conclusiones, deliberación y sentencia en un juicio oral penal en Honduras.","true","LOW","KEEP","KEEP"
"lavado-activos-obligaciones","practica-legal","Lavado de Activos en Honduras: Obligaciones","Lavado de Activos en Honduras: Obligaciones","Sujetos obligados (bancos, abogados, constructoras, concesionarios), deber de debida diligencia KYC, reporte de transacciones sospechosas y sanciones por","Conozca las obligaciones legales contra el lavado de activos en Honduras. Sectores obligados, debida diligencia y reportes. CNBS y UIF supervisan.","","","","sin conflicto demostrado","Lavado de Activos en Honduras: Obligaciones","Lavado de Activos en Honduras: Obligaciones","Sujetos obligados (bancos, abogados, constructoras, concesionarios), deber de debida diligencia KYC, reporte de transacciones sospechosas y sanciones por","Conozca las obligaciones legales contra el lavado de activos en Honduras. Sectores obligados, debida diligencia y reportes. CNBS y UIF supervisan.","true","LOW","KEEP","KEEP"
"libertad-expresion-redes-sociales-honduras","derechos-ciudadanos","Libertad de expresión en redes","Libertad de Expresión vs. Calumnia en Honduras","Diferencia entre opinión (protegida) e imputación de hechos (calumnia). Riesgos penales y civiles, cómo protegerse y qué hacer si es víctima de difamación.","Descubre los límites de la libertad de expresión en redes sociales en Honduras. Diferencia opinión de calumnia y evita responsabilidades penales y civiles.","","","","sin conflicto demostrado","Libertad de expresión en redes","Libertad de Expresión vs. Calumnia en Honduras","Diferencia entre opinión (protegida) e imputación de hechos (calumnia). Riesgos penales y civiles, cómo protegerse y qué hacer si es víctima de difamación.","Descubre los límites de la libertad de expresión en redes sociales en Honduras. Diferencia opinión de calumnia y evita responsabilidades penales y civiles.","true","LOW","KEEP","KEEP"
"licencia-ambiental-categorias-plazos-honduras","derecho-ambiental","Licencia Ambiental en Honduras","Licencia Ambiental Honduras: Guía Completa 2024","Categorías 1-4 según impacto, plazos de resolución (30-180 días), sanciones (suspensión, clausura, multa, responsabilidad penal) y recomendaciones para el","Obtenga su Licencia Ambiental en Honduras. Conozca los requisitos, el marco legal (Ley General del Ambiente, SINEIA, Acuerdo Ejecutivo No. 008-2015) y el","","","","sin conflicto demostrado","Licencia Ambiental en Honduras","Licencia Ambiental Honduras: Guía Completa 2024","Categorías 1-4 según impacto, plazos de resolución (30-180 días), sanciones (suspensión, clausura, multa, responsabilidad penal) y recomendaciones para el","Obtenga su Licencia Ambiental en Honduras. Conozca los requisitos, el marco legal (Ley General del Ambiente, SINEIA, Acuerdo Ejecutivo No. 008-2015) y el","true","LOW","KEEP","KEEP"
"mediacion-familiar-cuando-funciona-honduras","conciliacion-arbitraje","Mediación Familiar en Honduras","Mediación Familiar Obligatoria en Honduras","Cuándo es obligatoria la mediación familiar antes del juicio, cómo funciona el proceso, costos y duración. Diferencias con el litigio y cuándo NO procede","Descubra si la mediación familiar es obligatoria en Honduras antes de un juicio. Conozca el proceso, cuándo aplica y cuándo no. Abogados expertos.","","","","sin conflicto demostrado","Mediación Familiar en Honduras","Mediación Familiar Obligatoria en Honduras","Cuándo es obligatoria la mediación familiar antes del juicio, cómo funciona el proceso, costos y duración. Diferencias con el litigio y cuándo NO procede","Descubra si la mediación familiar es obligatoria en Honduras antes de un juicio. Conozca el proceso, cuándo aplica y cuándo no. Abogados expertos.","true","LOW","KEEP","KEEP"
"mediacion-vs-juicio-cual-elegir","conciliacion-arbitraje","Mediación vs juicio en Honduras","Mediación vs Juicio en Honduras","Diferencias entre mediación y juicio en Honduras: confidencialidad, duración, costo, fuerza ejecutiva del acuerdo y cuándo conviene cada vía según el tipo de","Descubra las diferencias clave entre mediación y juicio en Honduras. Conozca cuándo usar cada método para resolver sus conflictos legales de forma","","","","sin conflicto demostrado","Mediación vs juicio en Honduras","Mediación vs Juicio en Honduras","Diferencias entre mediación y juicio en Honduras: confidencialidad, duración, costo, fuerza ejecutiva del acuerdo y cuándo conviene cada vía según el tipo de","Descubra las diferencias clave entre mediación y juicio en Honduras. Conozca cuándo usar cada método para resolver sus conflictos legales de forma","true","LOW","KEEP","KEEP"
"medidas-sustitutivas-prision-preventiva-honduras","derecho-penal","7 Medidas sustitutivas a la prisión preventiva","Medidas Sustitutivas Prisión Preventiva Honduras","La prisión preventiva no es automática. Conozca las medidas sustitutivas que permite la ley hondureña para garantizar el proceso sin privar de libertad.","Conozca las medidas sustitutivas a la prisión preventiva en Honduras. Abogados explican alternativas al encierro y cómo solicitarlas. ¡Infórmese!","","","","sin conflicto demostrado","7 Medidas sustitutivas a la prisión preventiva","Medidas Sustitutivas Prisión Preventiva Honduras","La prisión preventiva no es automática. Conozca las medidas sustitutivas que permite la ley hondureña para garantizar el proceso sin privar de libertad.","Conozca las medidas sustitutivas a la prisión preventiva en Honduras. Abogados explican alternativas al encierro y cómo solicitarlas. ¡Infórmese!","true","LOW","KEEP","KEEP"
"nacionalidad-espanola-para-hondurenos-residencia-plazos","hondurenos-en-espana","Nacionalidad española para hondureños","Nacionalidad Española para Hondureños","Requisitos para que un hondureño obtenga la nacionalidad española por residencia: plazos reducidos (2 años), pruebas CCSE y DELE, documentación y proceso.","Obtenga la nacionalidad española residiendo en España. Conozca los plazos reducidos (2 años) para hondureños, requisitos y proceso. ¡Consulte a expertos!","","","","sin conflicto demostrado","Nacionalidad española para hondureños","Nacionalidad Española para Hondureños","Requisitos para que un hondureño obtenga la nacionalidad española por residencia: plazos reducidos (2 años), pruebas CCSE y DELE, documentación y proceso.","Obtenga la nacionalidad española residiendo en España. Conozca los plazos reducidos (2 años) para hondureños, requisitos y proceso. ¡Consulte a expertos!","true","LOW","KEEP","KEEP"
"naturalizacion-nacionalidad-hondurena","extranjeria-migracion","Naturalización en Honduras: Guía para Obtener","Naturalización en Honduras: Guía Completa 2026","Guía completa del proceso de naturalización en Honduras: requisitos, documentación, plazos ante el Congreso Nacional y diferencias por país de origen.","Obtenga la nacionalidad hondureña por naturalización. Conozca requisitos, documentos y el proceso legal ante el Congreso Nacional.","","","","sin conflicto demostrado","Naturalización en Honduras: Guía para Obtener","Naturalización en Honduras: Guía Completa 2026","Guía completa del proceso de naturalización en Honduras: requisitos, documentación, plazos ante el Congreso Nacional y diferencias por país de origen.","Obtenga la nacionalidad hondureña por naturalización. Conozca requisitos, documentos y el proceso legal ante el Congreso Nacional.","true","LOW","KEEP","KEEP"
"patentes-requisitos-proceso-solicitud-honduras","propiedad-intelectual","Patentes en Honduras: Requisitos y Costos","Patentes en Honduras: Requisitos","Guía completa sobre patentes en Honduras: qué se puede patentar, requisitos de patentabilidad, proceso ante DIGEPIH, costos y mantenimiento anual.","Descubra los requisitos, costos y el proceso para obtener una patente en Honduras. Proteja su invención con la Ley de Propiedad Industrial.","","","","sin conflicto demostrado","Patentes en Honduras: Requisitos y Costos","Patentes en Honduras: Requisitos","Guía completa sobre patentes en Honduras: qué se puede patentar, requisitos de patentabilidad, proceso ante DIGEPIH, costos y mantenimiento anual.","Descubra los requisitos, costos y el proceso para obtener una patente en Honduras. Proteja su invención con la Ley de Propiedad Industrial.","true","LOW","KEEP","KEEP"
"pension-alimenticia-choluteca","derecho-de-familia","Pensión Alimenticia en Choluteca","Pensión Alimenticia en Choluteca","Pensión alimenticia en Choluteca: cómo solicitarla, calcular el monto, documentos necesarios y qué hacer si el obligado no paga. Abogados de familia en","Abogados de Familia en Choluteca. Conozca cómo solicitar la pensión alimenticia, requisitos del Juzgado de Familia y cómo embargar el salario por impago.","","","","sin conflicto demostrado","Pensión Alimenticia en Choluteca","Pensión Alimenticia en Choluteca","Pensión alimenticia en Choluteca: cómo solicitarla, calcular el monto, documentos necesarios y qué hacer si el obligado no paga. Abogados de familia en","Abogados de Familia en Choluteca. Conozca cómo solicitar la pensión alimenticia, requisitos del Juzgado de Familia y cómo embargar el salario por impago.","true","LOW","KEEP","KEEP"
"pension-alimenticia-honduras-guia-completa","derecho-de-familia","Pensión Alimenticia en Honduras: Requisitos y Pasos","Pensión Alimenticia en Honduras: Requisitos y Pasos","Requisitos y procedimiento para solicitar pensión alimenticia en Honduras. Montos, plazos, documentos y ejecución ante incumplimiento.","Requisitos y procedimiento para solicitar pensión alimenticia en Honduras. Montos, plazos, documentos y ejecución ante incumplimiento.","","","","sin conflicto demostrado","Pensión Alimenticia en Honduras: Requisitos y Pasos","Pensión Alimenticia en Honduras: Requisitos y Pasos","Requisitos y procedimiento para solicitar pensión alimenticia en Honduras. Montos, plazos, documentos y ejecución ante incumplimiento.","Requisitos y procedimiento para solicitar pensión alimenticia en Honduras. Montos, plazos, documentos y ejecución ante incumplimiento.","true","LOW","KEEP","KEEP"
"pension-alimenticia-porcentaje-honduras-2026","derecho-de-familia","Pensión Alimenticia en Honduras 2026: Proporcionalidad y Cálculo","Pensión Alimenticia en Honduras 2026: Porcentajes y Cálculo","¿Cómo se determina la pensión alimenticia por hijo en Honduras en 2026? Conozca cómo se aplica el principio de proporcionalidad, las necesidades del menor y la capacidad de pago.","Guía sobre la pensión alimenticia en Honduras para 2026: aprenda cómo el juez calcula la cuota según las necesidades del menor y los ingresos del progenitor sin","","","","sin conflicto demostrado","Pensión Alimenticia en Honduras 2026: Proporcionalidad y Cálculo","Pensión Alimenticia en Honduras 2026: Porcentajes y Cálculo","¿Cómo se determina la pensión alimenticia por hijo en Honduras en 2026? Conozca cómo se aplica el principio de proporcionalidad, las necesidades del menor y la capacidad de pago.","Guía sobre la pensión alimenticia en Honduras para 2026: aprenda cómo el juez calcula la cuota según las necesidades del menor y los ingresos del progenitor sin","true","LOW","KEEP","KEEP"
"permiso-trabajo-extranjeros-honduras","extranjeria-migracion","Permiso de Trabajo en Honduras","Permiso de Trabajo Honduras: Requisitos y","Guía completa del permiso de trabajo para extranjeros en Honduras: requisitos, proceso ante la Secretaría de Trabajo, sanciones y excepciones por categoría de","Conozca los requisitos, el proceso y las sanciones del permiso de trabajo para extranjeros en Honduras. Asesoría legal migratoria y laboral.","","","","sin conflicto demostrado","Permiso de Trabajo en Honduras","Permiso de Trabajo Honduras: Requisitos y","Guía completa del permiso de trabajo para extranjeros en Honduras: requisitos, proceso ante la Secretaría de Trabajo, sanciones y excepciones por categoría de","Conozca los requisitos, el proceso y las sanciones del permiso de trabajo para extranjeros en Honduras. Asesoría legal migratoria y laboral.","true","LOW","KEEP","KEEP"
"pineda-asociados-bufete-multidisciplinario-honduras","practica-legal","Bufete Multidisciplinario en Honduras","Bufete Multidisciplinario Honduras","Transparencia total: cómo se recibe, analiza, cotiza y tramita un caso en un bufete hondureño. Del primer contacto a la sentencia, sin marketing vacío.","Descubra cómo opera un bufete multidisciplinario en Honduras, sus ventajas y cuándo conviene. Asesoría legal completa para empresas y familias.","","","","sin conflicto demostrado","Bufete Multidisciplinario en Honduras","Bufete Multidisciplinario Honduras","Transparencia total: cómo se recibe, analiza, cotiza y tramita un caso en un bufete hondureño. Del primer contacto a la sentencia, sin marketing vacío.","Descubra cómo opera un bufete multidisciplinario en Honduras, sus ventajas y cuándo conviene. Asesoría legal completa para empresas y familias.","true","LOW","KEEP","KEEP"
"poder-desde-espana-para-tramites-honduras","hondurenos-en-espana","Poder desde Espana para Tramites en Honduras","Poder Notarial España-Honduras: Guía y Trámites","Cómo otorgar un poder legal desde España para realizar trámites en Honduras sin viajar. Procedimiento, requisitos y validez internacional.","Aprenda a otorgar un poder notarial desde España para trámites en Honduras. Requisitos, apostilla, traducción y validez legal. ¡Asesoría experta!","","","","sin conflicto demostrado","Poder desde Espana para Tramites en Honduras","Poder Notarial España-Honduras: Guía y Trámites","Cómo otorgar un poder legal desde España para realizar trámites en Honduras sin viajar. Procedimiento, requisitos y validez internacional.","Aprenda a otorgar un poder notarial desde España para trámites en Honduras. Requisitos, apostilla, traducción y validez legal. ¡Asesoría experta!","true","LOW","KEEP","KEEP"
"poder-legal-honduras-cuando-se-necesita","derecho-notarial","Poder notarial en Honduras: tipos, alcance y requisitos","Poder notarial en Honduras: tipos, alcance y requisitos","Qué es un poder notarial, para qué trámites puede utilizarse y qué conviene revisar antes de otorgarlo dentro o fuera de Honduras.","Qué es un poder notarial, para qué trámites puede utilizarse y qué conviene revisar antes de otorgarlo dentro o fuera de Honduras.","","","","sin conflicto demostrado","Poder notarial en Honduras: tipos, alcance y requisitos","Poder notarial en Honduras: tipos, alcance y requisitos","Qué es un poder notarial, para qué trámites puede utilizarse y qué conviene revisar antes de otorgarlo dentro o fuera de Honduras.","Qué es un poder notarial, para qué trámites puede utilizarse y qué conviene revisar antes de otorgarlo dentro o fuera de Honduras.","true","LOW","KEEP","KEEP"
"poder-notarial-honduras-tipos-requisitos","derecho-notarial","4 Tipos de Poder Notarial en Honduras: Requisitos","Poderes Notariales en Honduras","Poder general, especial, para pleitos y cláusulas especialísimas: diferencias, requisitos notariales, cómo revocarlo y errores frecuentes que pueden costarle","Descubra los 4 tipos de poderes notariales en Honduras, sus requisitos y cómo revocarlos. Asesoría legal experta para sus trámites.","","","","sin conflicto demostrado","4 Tipos de Poder Notarial en Honduras: Requisitos","Poderes Notariales en Honduras","Poder general, especial, para pleitos y cláusulas especialísimas: diferencias, requisitos notariales, cómo revocarlo y errores frecuentes que pueden costarle","Descubra los 4 tipos de poderes notariales en Honduras, sus requisitos y cómo revocarlos. Asesoría legal experta para sus trámites.","true","LOW","KEEP","KEEP"
"preguntas-frecuentes-antes-contratar-abogado-honduras","practica-legal","10 preguntas que debe hacer antes de contratar","Cómo Elegir Abogado en Honduras: Preguntas Clave","¿Cómo saber si un abogado es bueno? ¿Cuánto cobra? ¿Puedo cambiar de abogado? Respuestas directas a las 10 preguntas más frecuentes antes de contratar","Descubra las preguntas esenciales antes de contratar un abogado en Honduras. Asegure experiencia, honorarios claros y la mejor estrategia legal.","","","","sin conflicto demostrado","10 preguntas que debe hacer antes de contratar","Cómo Elegir Abogado en Honduras: Preguntas Clave","¿Cómo saber si un abogado es bueno? ¿Cuánto cobra? ¿Puedo cambiar de abogado? Respuestas directas a las 10 preguntas más frecuentes antes de contratar","Descubra las preguntas esenciales antes de contratar un abogado en Honduras. Asegure experiencia, honorarios claros y la mejor estrategia legal.","true","LOW","KEEP","KEEP"
"prescripcion-deudas-plazos-honduras","derecho-civil","Prescripción de Deudas en Honduras: Plazos y Requisitos","Prescripción de Deudas Honduras: Plazos y ¿A los Cuántos Año","Deudas civiles (1-5 años según tipo), mercantiles (3 años), bancarias (5 años si no hay interrupción). Cómo interrumpir la prescripción con carta formal y","¿En cuánto tiempo prescribe una deuda en Honduras? Plazos para deudas civiles, mercantiles y bancarias. Cómo interrumpir la prescripción y conservar tu derecho ","","","","sin conflicto demostrado","Prescripción de Deudas en Honduras: Plazos y Requisitos","Prescripción de Deudas Honduras: Plazos y ¿A los Cuántos Año","Deudas civiles (1-5 años según tipo), mercantiles (3 años), bancarias (5 años si no hay interrupción). Cómo interrumpir la prescripción con carta formal y","¿En cuánto tiempo prescribe una deuda en Honduras? Plazos para deudas civiles, mercantiles y bancarias. Cómo interrumpir la prescripción y conservar tu derecho ","true","LOW","KEEP","KEEP"
"presentar-denuncia-conadeh-honduras","derechos-ciudadanos","Cómo Presentar una Denuncia ante el CONADEH en","Denuncia CONADEH Honduras: Guía Completa y","Qué casos atiende (violaciones de DD.HH. por autoridades), cómo presentar la queja sin abogado, qué esperar del proceso y limitaciones (recomendaciones no","Aprenda cómo presentar una queja ante el CONADEH en Honduras. Conozca el procedimiento, casos, facultades y las 3 oficinas regionales clave para defender","","","","sin conflicto demostrado","Cómo Presentar una Denuncia ante el CONADEH en","Denuncia CONADEH Honduras: Guía Completa y","Qué casos atiende (violaciones de DD.HH. por autoridades), cómo presentar la queja sin abogado, qué esperar del proceso y limitaciones (recomendaciones no","Aprenda cómo presentar una queja ante el CONADEH en Honduras. Conozca el procedimiento, casos, facultades y las 3 oficinas regionales clave para defender","true","LOW","KEEP","KEEP"
"proceso-consulta-legal-pineda","practica-legal","Cómo preparar tu consulta legal en Honduras","Consulta Legal Honduras: Preparación y Proceso","Guía práctica sobre cómo preparar su primera consulta legal: qué documentos llevar, qué preguntas hacer, cuánto dura, qué información recibirá y cómo decidir","Aprenda cómo preparar su consulta legal en Honduras. Documentación, qué esperar y errores comunes. Asesoría profesional garantizada.","","","","sin conflicto demostrado","Cómo preparar tu consulta legal en Honduras","Consulta Legal Honduras: Preparación y Proceso","Guía práctica sobre cómo preparar su primera consulta legal: qué documentos llevar, qué preguntas hacer, cuánto dura, qué información recibirá y cómo decidir","Aprenda cómo preparar su consulta legal en Honduras. Documentación, qué esperar y errores comunes. Asesoría profesional garantizada.","true","LOW","KEEP","KEEP"
"proteccion-datos-personales-derechos-arco-honduras","derechos-ciudadanos","Derechos ARCO en Honduras: Cómo Ejercerlos","Derechos ARCO en Honduras: Cómo Ejercerlos","Derechos de acceso, rectificación, cancelación y oposición (ARCO) en Honduras. Cómo solicitar información y proteger sus datos personales.","Derechos de acceso, rectificación, cancelación y oposición (ARCO) en Honduras. Cómo solicitar información y proteger sus datos personales.","","","","sin conflicto demostrado","Derechos ARCO en Honduras: Cómo Ejercerlos","Derechos ARCO en Honduras: Cómo Ejercerlos","Derechos de acceso, rectificación, cancelación y oposición (ARCO) en Honduras. Cómo solicitar información y proteger sus datos personales.","Derechos de acceso, rectificación, cancelación y oposición (ARCO) en Honduras. Cómo solicitar información y proteger sus datos personales.","true","LOW","KEEP","KEEP"
"proteccion-marcas-competencia-desleal","propiedad-intelectual","Protección de Marcas Frente a la Competencia","Protección de Marcas vs Competencia Desleal en","Acciones legales contra el uso no autorizado de su marca en Honduras: oposición, nulidad, demanda por competencia desleal y cuándo actuar ante DIGEPIH.","Descubra cómo defender su marca contra la competencia desleal en Honduras. Conozca las acciones legales, marco normativo y la importancia del registro.","","","","sin conflicto demostrado","Protección de Marcas Frente a la Competencia","Protección de Marcas vs Competencia Desleal en","Acciones legales contra el uso no autorizado de su marca en Honduras: oposición, nulidad, demanda por competencia desleal y cuándo actuar ante DIGEPIH.","Descubra cómo defender su marca contra la competencia desleal en Honduras. Conozca las acciones legales, marco normativo y la importancia del registro.","true","LOW","KEEP","KEEP"
"que-hacer-si-me-detienen-en-honduras","derecho-penal","¿Qué hacer si me detienen en Honduras? Guía práctica","¿Qué hacer si me detienen en Honduras? Guía práctica","Recomendaciones generales para actuar con prudencia ante una detención y solicitar asistencia jurídica sin interferir con la actuación de la autoridad.","Recomendaciones generales para actuar con prudencia ante una detención y solicitar asistencia jurídica sin interferir con la actuación de la autoridad.","","","","sin conflicto demostrado","¿Qué hacer si me detienen en Honduras? Guía práctica","¿Qué hacer si me detienen en Honduras? Guía práctica","Recomendaciones generales para actuar con prudencia ante una detención y solicitar asistencia jurídica sin interferir con la actuación de la autoridad.","Recomendaciones generales para actuar con prudencia ante una detención y solicitar asistencia jurídica sin interferir con la actuación de la autoridad.","true","LOW","KEEP","KEEP"
"reagrupacion-familiar-hondurenos-espana","hondurenos-en-espana","Reagrupación familiar en España para hondureños","Reagrupación Familiar España para Hondureños","Cómo reagrupar a cónyuge, hijos y ascendientes hondureños en España: requisitos de ingresos, vivienda, familiares reagrupables y proceso paso a paso.","Guía completa sobre reagrupación familiar en España para hondureños. Requisitos de ingresos, vivienda y proceso paso a paso. Consulte a expertos.","","","","sin conflicto demostrado","Reagrupación familiar en España para hondureños","Reagrupación Familiar España para Hondureños","Cómo reagrupar a cónyuge, hijos y ascendientes hondureños en España: requisitos de ingresos, vivienda, familiares reagrupables y proceso paso a paso.","Guía completa sobre reagrupación familiar en España para hondureños. Requisitos de ingresos, vivienda y proceso paso a paso. Consulte a expertos.","true","LOW","KEEP","KEEP"
"reclamar-deuda-legalmente-honduras","derecho-civil","Cómo reclamar una deuda legalmente en Honduras","Cómo Cobrar una Deuda en Honduras","Guía práctica para reclamar deudas por la vía legal en Honduras. Requisitos del título ejecutivo, procedimiento judicial y alternativas de cobro.","Descubra cómo reclamar una deuda legalmente en Honduras. Conozca el proceso monitorio, juicio ejecutivo, requisitos y plazos de prescripción según la ley.","","","","sin conflicto demostrado","Cómo reclamar una deuda legalmente en Honduras","Cómo Cobrar una Deuda en Honduras","Guía práctica para reclamar deudas por la vía legal en Honduras. Requisitos del título ejecutivo, procedimiento judicial y alternativas de cobro.","Descubra cómo reclamar una deuda legalmente en Honduras. Conozca el proceso monitorio, juicio ejecutivo, requisitos y plazos de prescripción según la ley.","true","LOW","KEEP","KEEP"
"recurso-de-amparo-honduras-guia-completa","derecho-administrativo","Recurso de Amparo en Honduras: Guía Completa y Procedimiento Actualizado","Recurso de Amparo Honduras: Guía y Procedimiento","El amparo no es una segunda apelación. Guía precisa: qué derechos protege, contra qué actos procede, plazo fatal de 2 meses, diferencias con hábeas corpus y","Conozca el Recurso de Amparo en Honduras: para qué sirve, cuándo procede, plazos y procedimiento ante la Sala de lo Constitucional de la CSJ.","","","","sin conflicto demostrado","Recurso de Amparo en Honduras: Guía Completa y Procedimiento Actualizado","Recurso de Amparo Honduras: Guía y Procedimiento","El amparo no es una segunda apelación. Guía precisa: qué derechos protege, contra qué actos procede, plazo fatal de 2 meses, diferencias con hábeas corpus y","Conozca el Recurso de Amparo en Honduras: para qué sirve, cuándo procede, plazos y procedimiento ante la Sala de lo Constitucional de la CSJ.","true","LOW","KEEP","KEEP"
"recursos-sentencia-penal-apelacion-casacion-honduras","proceso-penal","Recursos contra sentencia penal en Honduras","Apelación y Casación Penal en Honduras","Guía sobre los recursos que proceden contra una sentencia penal: apelación ante la Corte de Apelaciones y casación ante la Sala Penal. Plazos, requisitos y","Guía sobre cómo recurrir una sentencia penal en Honduras. Diferencias entre apelación y casación ante la CSJ, plazos legales y errores comunes.","","","","sin conflicto demostrado","Recursos contra sentencia penal en Honduras","Apelación y Casación Penal en Honduras","Guía sobre los recursos que proceden contra una sentencia penal: apelación ante la Corte de Apelaciones y casación ante la Sala Penal. Plazos, requisitos y","Guía sobre cómo recurrir una sentencia penal en Honduras. Diferencias entre apelación y casación ante la CSJ, plazos legales y errores comunes.","true","LOW","KEEP","KEEP"
"reformas-legales-recientes-honduras","noticias-legales","Reformas Legales Honduras 2024: Guía Completa","Reformas Legales Honduras 2024","Actualización sobre las reformas más relevantes: Decreto 59-2024, facturación electrónica del SAR, nuevas medidas de protección familiar y cambios en propiedad","Guía completa sobre las reformas legales en Honduras 2024: Código Penal, Código de Familia, Ley Contra Violencia Doméstica y el Nuevo Régimen de","","","","sin conflicto demostrado","Reformas Legales Honduras 2024: Guía Completa","Reformas Legales Honduras 2024","Actualización sobre las reformas más relevantes: Decreto 59-2024, facturación electrónica del SAR, nuevas medidas de protección familiar y cambios en propiedad","Guía completa sobre las reformas legales en Honduras 2024: Código Penal, Código de Familia, Ley Contra Violencia Doméstica y el Nuevo Régimen de","true","LOW","KEEP","KEEP"
"refugio-asilo-solicitarlo","extranjeria-migracion","Refugio y Asilo en Honduras: Proceso y Requisitos para Solicitarlo","Refugio y Asilo en Honduras: Proceso y","Diferencia entre refugio y asilo, quiénes califican (persecución, conflicto armado), proceso ante la DGME y CONARE, principio de no devolución durante el","Conozca el proceso y requisitos para solicitar refugio o asilo en Honduras. Información legal actualizada sobre protección internacional.","","","","sin conflicto demostrado","Refugio y Asilo en Honduras: Proceso y Requisitos para Solicitarlo","Refugio y Asilo en Honduras: Proceso y","Diferencia entre refugio y asilo, quiénes califican (persecución, conflicto armado), proceso ante la DGME y CONARE, principio de no devolución durante el","Conozca el proceso y requisitos para solicitar refugio o asilo en Honduras. Información legal actualizada sobre protección internacional.","true","LOW","KEEP","KEEP"
"registrar-marca-honduras-paso-a-paso","propiedad-intelectual","Registrar una Marca en Honduras","Registro de Marca en Honduras: Guía Paso a Paso","Guía completa del proceso de registro de marca ante el Instituto de la Propiedad: búsqueda de antecedentes, publicación en La Gaceta, oposición, costos y","Aprenda cómo registrar su marca en Honduras. Conozca el proceso, costos, duración y riesgos de no hacerlo ante el Instituto de la Propiedad.","","","","sin conflicto demostrado","Registrar una Marca en Honduras","Registro de Marca en Honduras: Guía Paso a Paso","Guía completa del proceso de registro de marca ante el Instituto de la Propiedad: búsqueda de antecedentes, publicación en La Gaceta, oposición, costos y","Aprenda cómo registrar su marca en Honduras. Conozca el proceso, costos, duración y riesgos de no hacerlo ante el Instituto de la Propiedad.","true","LOW","KEEP","KEEP"
"registro-medicamentos-productos-farmaceuticos-honduras","regulacion-sanitaria","Registro de medicamentos en Honduras","Registro de Medicamentos en Honduras","Requisitos técnicos para el registro de medicamentos en Honduras ante la ARSA: certificado OMS, BPM, estudios de estabilidad zona IV, etiquetado en español y","Descubra los requisitos técnicos, costos y plazos reales para obtener un registro sanitario ante ARSA en Honduras.","","","","sin conflicto demostrado","Registro de medicamentos en Honduras","Registro de Medicamentos en Honduras","Requisitos técnicos para el registro de medicamentos en Honduras ante la ARSA: certificado OMS, BPM, estudios de estabilidad zona IV, etiquetado en español y","Descubra los requisitos técnicos, costos y plazos reales para obtener un registro sanitario ante ARSA en Honduras.","true","LOW","KEEP","KEEP"
"registro-sanitario-alimentos-arsa-paso-a-paso-honduras","regulacion-sanitaria","Registro Sanitario de Alimentos en Honduras","Registro sanitario ARSA Honduras: requisitos y pasos","Qué productos necesitan registro ARSA, requisitos, proceso paso a paso, plazos de 30-60 días, vigencia de 5 años y renovación. Guía para fabricantes e","Revise los requisitos y pasos para tramitar ante ARSA el registro sanitario de alimentos procesados en Honduras.","","","","sin conflicto demostrado","Registro Sanitario de Alimentos en Honduras","Registro sanitario ARSA Honduras: requisitos y pasos","Qué productos necesitan registro ARSA, requisitos, proceso paso a paso, plazos de 30-60 días, vigencia de 5 años y renovación. Guía para fabricantes e","Revise los requisitos y pasos para tramitar ante ARSA el registro sanitario de alimentos procesados en Honduras.","true","LOW","KEEP","KEEP"
"residencia-temporal-requisitos-plazos-honduras","extranjeria-migracion","Residencia Temporal en Honduras","Residencia Temporal en Honduras","Residencia temporal en Honduras 2026: tipos (trabajo, inversión, estudios, reunificación familiar, rentista), requisitos de cada categoría, proceso ante la","Guía completa para obtener la residencia temporal en Honduras por trabajo, inversión, estudios o matrimonio. Requisitos del INM y tiempos de trámite.","","","","sin conflicto demostrado","Residencia Temporal en Honduras","Residencia Temporal en Honduras","Residencia temporal en Honduras 2026: tipos (trabajo, inversión, estudios, reunificación familiar, rentista), requisitos de cada categoría, proceso ante la","Guía completa para obtener la residencia temporal en Honduras por trabajo, inversión, estudios o matrimonio. Requisitos del INM y tiempos de trámite.","true","LOW","KEEP","KEEP"
"responsabilidad-medica-mala-praxis-honduras","regulacion-sanitaria","Mala Praxis Medica en Honduras","Mala Praxis Médica en Honduras","Tipos de negligencia médica, plazo de 1 año para reclamar, pruebas clave (peritaje, historia clínica) y vías de reclamación civil y penal en Honduras.","Conozca sus derechos y cómo reclamar indemnización por mala praxis médica en Honduras. Plazos, ley y pasos a seguir. Consulte a nuestros abogados.","","","","sin conflicto demostrado","Mala Praxis Medica en Honduras","Mala Praxis Médica en Honduras","Tipos de negligencia médica, plazo de 1 año para reclamar, pruebas clave (peritaje, historia clínica) y vías de reclamación civil y penal en Honduras.","Conozca sus derechos y cómo reclamar indemnización por mala praxis médica en Honduras. Plazos, ley y pasos a seguir. Consulte a nuestros abogados.","true","LOW","KEEP","KEEP"
"riesgos-profesionales-accidentes","derecho-laboral","Accidentes Laborales en Honduras: Cobertura Legal","Accidentes Laborales Honduras: Cobertura Legal y","Conozca sus derechos ante un accidente laboral en Honduras: cobertura del IHSS, prestaciones, plazos para reclamar y acciones legales si el empleador no paga.","Conozca sus derechos ante accidentes y enfermedades laborales en Honduras. Cobertura del IHSS, obligaciones del empleador y acciones legales. Asesoría","","","","sin conflicto demostrado","Accidentes Laborales en Honduras: Cobertura Legal","Accidentes Laborales Honduras: Cobertura Legal y","Conozca sus derechos ante un accidente laboral en Honduras: cobertura del IHSS, prestaciones, plazos para reclamar y acciones legales si el empleador no paga.","Conozca sus derechos ante accidentes y enfermedades laborales en Honduras. Cobertura del IHSS, obligaciones del empleador y acciones legales. Asesoría","true","LOW","KEEP","KEEP"
"sanciones-administrativas-como-defenderse-honduras","derecho-administrativo","Sanciones Administrativas en Honduras","Sanciones Administrativas Honduras","Tipos de sanciones (multas, suspensión, clausura), plazos de 10 días para recurrir, recursos de reposición y apelación, y demanda contencioso-administrativa.","Conozca los tipos de sanciones administrativas en Honduras, plazos para impugnar (10 días hábiles) y vías de recurso. Asesoría legal para su defensa.","","","","sin conflicto demostrado","Sanciones Administrativas en Honduras","Sanciones Administrativas Honduras","Tipos de sanciones (multas, suspensión, clausura), plazos de 10 días para recurrir, recursos de reposición y apelación, y demanda contencioso-administrativa.","Conozca los tipos de sanciones administrativas en Honduras, plazos para impugnar (10 días hábiles) y vías de recurso. Asesoría legal para su defensa.","true","LOW","KEEP","KEEP"
"sar-notifica-fiscalizacion-que-hacer-honduras","tributario","Fiscalización del SAR en Honduras: Cómo Responder","Fiscalización SAR Honduras: Guía Completa y","Tipos de fiscalización, plazos para responder, documentación requerida, cómo impugnar una liquidación incorrecta y consejos para superar una revisión del SAR.","Entienda el proceso de fiscalización del SAR en Honduras. Conozca sus derechos, plazos, documentación necesaria y cómo impugnar liquidaciones.","","","","sin conflicto demostrado","Fiscalización del SAR en Honduras: Cómo Responder","Fiscalización SAR Honduras: Guía Completa y","Tipos de fiscalización, plazos para responder, documentación requerida, cómo impugnar una liquidación incorrecta y consejos para superar una revisión del SAR.","Entienda el proceso de fiscalización del SAR en Honduras. Conozca sus derechos, plazos, documentación necesaria y cómo impugnar liquidaciones.","true","LOW","KEEP","KEEP"
"servicios-legales-empresas-sur-honduras","derecho-civil","Guía de Servicios Legales para Empresas en el Sur","Servicios Legales Empresas Sur Honduras","Panorama de los servicios legales disponibles en la zona sur de Honduras para empresas y particulares: asesoría corporativa, defensa penal, laboral, familia,","Descubra los servicios legales para empresas en el sur de Honduras: corporativo, penal, laboral, civil y más. Asesoría experta y local. ¡Contáctenos!","","","","sin conflicto demostrado","Guía de Servicios Legales para Empresas en el Sur","Servicios Legales Empresas Sur Honduras","Panorama de los servicios legales disponibles en la zona sur de Honduras para empresas y particulares: asesoría corporativa, defensa penal, laboral, familia,","Descubra los servicios legales para empresas en el sur de Honduras: corporativo, penal, laboral, civil y más. Asesoría experta y local. ¡Contáctenos!","true","LOW","KEEP","KEEP"
"sobreseimiento-definitivo-provisional","proceso-penal","Sobreseimiento definitivo y provisional en Honduras","Sobreseimiento definitivo y provisional en Honduras","¿Puede cerrar su caso penal en Honduras? Diferencias entre sobreseimiento definitivo (archivo total) y provisional. Requisitos y plazos.","Cuándo una resolución cierra definitivamente el proceso y cuándo permite reapertura si aparecen nuevas pruebas dentro del plazo legal.","","","","sin conflicto demostrado","Sobreseimiento definitivo y provisional en Honduras","Sobreseimiento definitivo y provisional en Honduras","¿Puede cerrar su caso penal en Honduras? Diferencias entre sobreseimiento definitivo (archivo total) y provisional. Requisitos y plazos.","Cuándo una resolución cierra definitivamente el proceso y cuándo permite reapertura si aparecen nuevas pruebas dentro del plazo legal.","true","LOW","KEEP","KEEP"
"tarjetas-credito-intereses-cargos-defensa-honduras","derecho-bancario","Tarjetas de Crédito en Honduras","Reclama Cargos Indebidos Tarjeta Crédito Honduras","Seguros no solicitados, membresías, comisiones por pago tardío y anatocismo. Cómo reclamar ante el banco (15 días), la CNBS y los tribunales.","Conoce tus derechos y cómo reclamar cargos indebidos en tu tarjeta de crédito en Honduras. Guía legal sobre Ley del Consumidor y CNBS.","","","","sin conflicto demostrado","Tarjetas de Crédito en Honduras","Reclama Cargos Indebidos Tarjeta Crédito Honduras","Seguros no solicitados, membresías, comisiones por pago tardío y anatocismo. Cómo reclamar ante el banco (15 días), la CNBS y los tribunales.","Conoce tus derechos y cómo reclamar cargos indebidos en tu tarjeta de crédito en Honduras. Guía legal sobre Ley del Consumidor y CNBS.","true","LOW","KEEP","KEEP"
"testamentos-sucesiones-herencia-honduras","derecho-civil","Herencias en Honduras: Testamento y Sucesión","Herencias en Honduras: Testamento y Sucesión","Cómo se tramita una herencia en Honduras, qué cambia si existe testamento y qué documentos conviene reunir antes de iniciar la sucesión.","Cómo se tramita una herencia en Honduras, qué cambia si existe testamento y qué documentos conviene reunir antes de iniciar la sucesión.","DUPLICATE_INTENT","DUPLICATE_INTENT","herencias-honduras","testamento y trámite sucesorio","Testamentos y sucesiones en Honduras: trámites hereditarios","Testamentos y sucesiones en Honduras","Cómo se tramita una sucesión en Honduras, qué cambia si existe testamento y qué documentos conviene reunir para el trámite hereditario.","Conozca cómo se tramita una sucesión en Honduras, qué cambia si existe testamento y qué documentos reunir para el trámite hereditario.","true","LOW","FIX_DUPLICATE","FIXED"
"tipos-sociedad-mercantil-honduras","derecho-mercantil","Tipos de Sociedad Mercantil en Honduras","Tipos de Sociedades Mercantiles en Honduras","S. de R.L., S.A., E.I.R.L. y Sociedad en Comandita comparadas: responsabilidad de los socios, costos de constitución, requisitos de gobierno corporativo y","Descubra los tipos de sociedades mercantiles en Honduras (S.A., S. de R.L., E.I.R.L.) y elija la más adecuada para su negocio.","","","","sin conflicto demostrado","Tipos de Sociedad Mercantil en Honduras","Tipos de Sociedades Mercantiles en Honduras","S. de R.L., S.A., E.I.R.L. y Sociedad en Comandita comparadas: responsabilidad de los socios, costos de constitución, requisitos de gobierno corporativo y","Descubra los tipos de sociedades mercantiles en Honduras (S.A., S. de R.L., E.I.R.L.) y elija la más adecuada para su negocio.","true","LOW","KEEP","KEEP"
"titulos-valores-cheques-sin-fondo-honduras","derecho-mercantil","Cheques sin Fondo en Honduras: Protesto Notarial","Cheques sin Fondos en Honduras","Protesto notarial obligatorio en 8 días, acción cambiaria en 6 meses, qué puede reclamar (importe + intereses + gastos) y cuándo un cheque sin fondo es delito","Descubra c&oacute;mo actuar ante un cheque sin fondos en Honduras. Plazos, protesto notarial, acci&oacute;n cambiaria y denuncia penal. Proteja sus","","","","sin conflicto demostrado","Cheques sin Fondo en Honduras: Protesto Notarial","Cheques sin Fondos en Honduras","Protesto notarial obligatorio en 8 días, acción cambiaria en 6 meses, qué puede reclamar (importe + intereses + gastos) y cuándo un cheque sin fondo es delito","Descubra c&oacute;mo actuar ante un cheque sin fondos en Honduras. Plazos, protesto notarial, acci&oacute;n cambiaria y denuncia penal. Proteja sus","true","LOW","KEEP","KEEP"
"tramites-legales-nacaome","practica-legal","Trámites Legales en Nacaome: Poderes","Trámites Legales Nacaome: Poderes","Trámites legales en Nacaome: poderes notariales, contratos, escrituras, RTN, demandas. Bufete local con presencia en los juzgados de Valle. Atención","Realice sus trámites legales en Nacaome, Valle. Expertos en poderes, contratos, escrituras y demandas. Asesoría legal integral en Honduras.","","","","sin conflicto demostrado","Trámites Legales en Nacaome: Poderes","Trámites Legales Nacaome: Poderes","Trámites legales en Nacaome: poderes notariales, contratos, escrituras, RTN, demandas. Bufete local con presencia en los juzgados de Valle. Atención","Realice sus trámites legales en Nacaome, Valle. Expertos en poderes, contratos, escrituras y demandas. Asesoría legal integral en Honduras.","true","LOW","KEEP","KEEP"
"tributar-espana-bienes-guia","hondurenos-en-espana","Tributar en España con bienes en Honduras","Tributación Honduras-España: Convenio y Modelo","Cómo tributa un hondureño residente en España que mantiene rentas o bienes en Honduras: residencia fiscal, Convenio de doble imposición y obligación del modelo","Guía fiscal para hondureños en España: cómo aplicar el convenio de doble imposición y cumplir con el Modelo 720. Evite sanciones.","","","","sin conflicto demostrado","Tributar en España con bienes en Honduras","Tributación Honduras-España: Convenio y Modelo","Cómo tributa un hondureño residente en España que mantiene rentas o bienes en Honduras: residencia fiscal, Convenio de doble imposición y obligación del modelo","Guía fiscal para hondureños en España: cómo aplicar el convenio de doble imposición y cumplir con el Modelo 720. Evite sanciones.","true","LOW","KEEP","KEEP"
"union-de-hecho-requisitos-derechos-honduras","derecho-de-familia","Unión de Hecho en Honduras: Requisitos y Derechos","Unión de Hecho en Honduras: Requisitos y Derechos","Requisitos para el reconocimiento de la unión de hecho en Honduras, derechos patrimoniales y sucesorios, y diferencias con el matrimonio.","Requisitos para el reconocimiento de la unión de hecho en Honduras, derechos patrimoniales y sucesorios, y diferencias con el matrimonio.","","","","sin conflicto demostrado","Unión de Hecho en Honduras: Requisitos y Derechos","Unión de Hecho en Honduras: Requisitos y Derechos","Requisitos para el reconocimiento de la unión de hecho en Honduras, derechos patrimoniales y sucesorios, y diferencias con el matrimonio.","Requisitos para el reconocimiento de la unión de hecho en Honduras, derechos patrimoniales y sucesorios, y diferencias con el matrimonio.","true","LOW","KEEP","KEEP"
"usucapion-prescripcion-adquisitiva-honduras","derecho-civil","Usucapión en Honduras: requisitos y proceso judicial","Usucapión en Honduras: requisitos y proceso judicial","Qué es la prescripción adquisitiva, qué elementos deben acreditarse y cómo se tramita judicialmente una pretensión de usucapión en Honduras.","Qué es la prescripción adquisitiva, qué elementos deben acreditarse y cómo se tramita judicialmente una pretensión de usucapión en Honduras.","","","","sin conflicto demostrado","Usucapión en Honduras: requisitos y proceso judicial","Usucapión en Honduras: requisitos y proceso judicial","Qué es la prescripción adquisitiva, qué elementos deben acreditarse y cómo se tramita judicialmente una pretensión de usucapión en Honduras.","Qué es la prescripción adquisitiva, qué elementos deben acreditarse y cómo se tramita judicialmente una pretensión de usucapión en Honduras.","true","LOW","KEEP","KEEP"
"violencia-domestica-ruta-legal-honduras","derecho-penal","Violencia Doméstica en Honduras: Cómo Denunciar","Violencia Doméstica Honduras: Cómo Denunciar y","Dónde denunciar (Juzgado, MP, 911, CONADEH), medidas de protección inmediatas, qué pruebas necesita aunque no sean perfectas, y qué esperar del proceso","Aprenda cómo denunciar violencia doméstica en Honduras. Conozca la Ley, medidas de protección, pruebas y proceso judicial. Busque justicia y seguridad.","","","","sin conflicto demostrado","Violencia Doméstica en Honduras: Cómo Denunciar","Violencia Doméstica Honduras: Cómo Denunciar y","Dónde denunciar (Juzgado, MP, 911, CONADEH), medidas de protección inmediatas, qué pruebas necesita aunque no sean perfectas, y qué esperar del proceso","Aprenda cómo denunciar violencia doméstica en Honduras. Conozca la Ley, medidas de protección, pruebas y proceso judicial. Busque justicia y seguridad.","true","LOW","KEEP","KEEP"
"visas-inversion-rentista-pensionado","extranjeria-migracion","Guía de Visas de Inversión, Rentista y Pensionado","Visas de Inversión, Rentista y Pensionado en","Visa de inversionista (inversión mínima), rentista (ingresos estables del exterior) y pensionado (jubilados). Requisitos, documentación y proceso ante la DGME.","Obtenga la residencia en Honduras con visas de Inversionista ($50k), Rentista ($2.5k/mes) o Pensionado ($1.5k/mes). Requisitos y proceso ante la DGME.","","","","sin conflicto demostrado","Guía de Visas de Inversión, Rentista y Pensionado","Visas de Inversión, Rentista y Pensionado en","Visa de inversionista (inversión mínima), rentista (ingresos estables del exterior) y pensionado (jubilados). Requisitos, documentación y proceso ante la DGME.","Obtenga la residencia en Honduras con visas de Inversionista ($50k), Rentista ($2.5k/mes) o Pensionado ($1.5k/mes). Requisitos y proceso ante la DGME.","true","LOW","KEEP","KEEP"
"zonas-libres-zoli-beneficios-fiscales-honduras","derecho-aduanero","Zonas Libres en Honduras (ZOLI): Beneficios Fiscales y Requisitos Legales","Zonas Libres (ZOLI) Honduras: Beneficios","Requisitos para instalarse en una ZOLI, beneficios fiscales (ISR, DAI, ISV), proceso de autorización ante la Comisión de Zonas Libres y obligaciones del","Descubra los beneficios fiscales y requisitos para operar en Zonas Libres (ZOLI) de Honduras. Ideal para Inversión Extranjera Directa (IED) con exenciones","","","","sin conflicto demostrado","Zonas Libres en Honduras (ZOLI): Beneficios Fiscales y Requisitos Legales","Zonas Libres (ZOLI) Honduras: Beneficios","Requisitos para instalarse en una ZOLI, beneficios fiscales (ISR, DAI, ISV), proceso de autorización ante la Comisión de Zonas Libres y obligaciones del","Descubra los beneficios fiscales y requisitos para operar en Zonas Libres (ZOLI) de Honduras. Ideal para Inversión Extranjera Directa (IED) con exenciones","true","LOW","KEEP","KEEP"
